ID,Primary_Text,Analyzed_Word,Gloss,Translated_Text,Text_ID,Sentence_Number,Language_ID,OTC_ID,LGR_Conformance,Abbreviations
teop1238a-text_01_chapter_05_coconut-1,O VAHUTATE NO OVERE,o	vahutate	n=o	overe,ART3.SG	story	3SG.POSS=ART3.SG	coconut.palm,`THE STORY OF THE COCONUT PALM',text_01_chapter_05_coconut,1,teop1238,teop1238a,WORD_ALIGNED,"{""ART"": ""Article"", ""SG"": ""singular"", ""POSS"": ""Possessive Marker""}"
teop1238a-text_01_chapter_05_coconut-2,Bea overe mahaka maa gina teo overe vai to sun nana,be=a	overe	mahaka	maa	gina	te=o	overe	vai	to	sun	nana,when=ART2.SG	coconut	dry	hither	high.up	PREP=ART3.SG	coconut.palm	DEM6	REL	stand	3SG.IPFV,"`When the coconut has become dry high up on a standing coconut palm,'\footnote{lit. `... the coconut that is standing'}",text_01_chapter_05_coconut,2,teop1238,teop1238a,WORD_ALIGNED,"{""ART"": ""Article"", ""SG"": ""singular"", ""PREP"": ""Preposition"", ""DEM"": ""Demonstrative"", ""REL"": ""Relative"", ""IPFV"": ""Imperfective""}"
teop1238a-text_01_chapter_05_coconut-3,ore paa kuu gunaha vo maa teo kasuana.,o=re	paa	kuu	gunaha	vo	maa	te=o	kasuana,3.PRON=CONSEC	TM3	fall	go.down	GOAL	hither	PREP=ART3.SG	ground,`then it falls down to the ground.',text_01_chapter_05_coconut,3,teop1238,teop1238a,WORD_ALIGNED,"{""PRON"": ""Pronoun"", ""CONSEC"": ""Consecutive"", ""TM"": ""tense/modality"", ""GOAL"": ""goal"", ""PREP"": ""Preposition"", ""ART"": ""Article"", ""SG"": ""singular""}"
teop1238a-text_01_chapter_05_coconut-4,"Be obete teo kasuana bona buaku a sivao,",be	obete	te=o	kasuana	bona	buaku	a	sivao,when	lie	PREP=ART3.SG	ground	OBJ.ART2.SG	two	ART2.SG	month,"`When it lies on the ground for two months,'",text_01_chapter_05_coconut,4,teop1238,teop1238a,WORD_ALIGNED,"{""PREP"": ""Preposition"", ""ART"": ""Article"", ""SG"": ""singular"", ""OBJ"": ""Object""}"
teop1238a-text_01_chapter_05_coconut-5,a vana repaa sigooru komana overe.,a	vana	re=paa	sigooru	koma-n=a	overe,ART3.PL	germinating.leaves	CONSEC=TM3	sprout	inside-3SG.POSS=ART2.SG	coconut,"`the germinating leaves sprout inside the coconut,'",text_01_chapter_05_coconut,5,teop1238,teop1238a,WORD_ALIGNED,"{""ART"": ""Article"", ""PL"": ""plural"", ""CONSEC"": ""Consecutive"", ""TM"": ""tense/modality"", ""SG"": ""singular"", ""POSS"": ""Possessive Marker""}"
teop1238a-text_01_chapter_05_coconut-6,"Saka tara haa raara a vana,",saka	tara	haa	ra=ara	a	vana,NEG1	see	NEG2	1PL.IN.IPFV=1PL.IN.PRON	ART3.PL	germinating.leaves,"`We cannot see the germinating leaves,'",text_01_chapter_05_coconut,6,teop1238,teop1238a,WORD_ALIGNED,"{""NEG"": ""Negative"", ""PL"": ""plural"", ""IN"": ""inclusive"", ""IPFV"": ""Imperfective"", ""PRON"": ""Pronoun"", ""ART"": ""Article""}"
teop1238a-text_01_chapter_05_coconut-7,ei kou na tei nana komana overe.,ei~kou	na	tei	nana	koma-n=a	overe,because	TM2	be.there	3SG.IPFV	inside-3SG.POSS=ART2.SG	coconut,`because they are inside the coconut.',text_01_chapter_05_coconut,7,teop1238,teop1238a,WORD_ALIGNED,"{""TM"": ""tense/modality"", ""SG"": ""singular"", ""IPFV"": ""Imperfective"", ""POSS"": ""Possessive Marker"", ""ART"": ""Article""}"
teop1238a-text_01_chapter_05_coconut-8,Evehee ean na nata kaakoo nom,evehee	e-an	na	nata	kaakoo	nom,but	H-2SG.PRON	TM2	know	move	IPFV,"`But you, know (what is happening),'",text_01_chapter_05_coconut,8,teop1238,teop1238a,WORD_ALIGNED,"{""SG"": ""singular"", ""PRON"": ""Pronoun"", ""TM"": ""tense/modality"", ""IPFV"": ""Imperfective""}"
teop1238a-text_01_chapter_05_coconut-9,bean tara o ana be sigooru tavusu.,be=an	tara	o	ana	be	sigooru	tavusu,when=2SG.PRON	see	ART3.SG	root	COMPL2	sprout	come.out,`when you see the root coming out (and) sprouting.',text_01_chapter_05_coconut,9,teop1238,teop1238a,WORD_ALIGNED,"{""SG"": ""singular"", ""PRON"": ""Pronoun"", ""ART"": ""Article"", ""COMPL"": ""Complementizer""}"
teop1238a-text_01_chapter_05_coconut-10,"Beo ana sigooru tavusu,",be=o	ana	sigooru	tavusu,when=ART3.SG	root	sprout	come.out,"`When the sprouting root comes out,'",text_01_chapter_05_coconut,10,teop1238,teop1238a,WORD_ALIGNED,"{""ART"": ""Article"", ""SG"": ""singular""}"
teop1238a-text_01_chapter_05_coconut-11,eove repaa taneo tea pura hopo vo kasuana.,eove	re=paa	taneo	tea	pura	hopo	vo	kasuana,H.3SG.PRON	CONSEC=TM3	start	COMPL1	grow	enter	GOAL	ground,"`it starts growing into the ground,'",text_01_chapter_05_coconut,11,teop1238,teop1238a,WORD_ALIGNED,"{""SG"": ""singular"", ""PRON"": ""Pronoun"", ""CONSEC"": ""Consecutive"", ""TM"": ""tense/modality"", ""COMPL"": ""Complementizer"", ""GOAL"": ""goal""}"
teop1238a-text_01_chapter_05_coconut-12,Ean paa tara be boko tavusu maa o supi.,e-an	paa	tara	be	boko	tavusu	maa	o	supi,H-2SG.PRON	TM3	see	COMPL2	break.through	come.out	hither	ART3.SG	sprouting.leaf,`You see that the sprouting leaf has broken out (of the coconut husk).',text_01_chapter_05_coconut,12,teop1238,teop1238a,WORD_ALIGNED,"{""SG"": ""singular"", ""PRON"": ""Pronoun"", ""TM"": ""tense/modality"", ""COMPL"": ""Complementizer"", ""ART"": ""Article""}"
teop1238a-text_01_chapter_05_coconut-13,"Beo supi pura hiava bata,",be=o	supi	pura	hiava	bata,when=ART3.SG	sprouting.leaf	grow	go.up	CONT,"`When the sprouting leaf grows upwards,'",text_01_chapter_05_coconut,13,teop1238,teop1238a,WORD_ALIGNED,"{""ART"": ""Article"", ""SG"": ""singular"", ""CONT"": ""Continuity""}"
teop1238a-text_01_chapter_05_coconut-14,o paka repaa taneo bata maa tea taparata.,o	paka	re=paa	taneo	bata	maa	tea	ta-parata,ART3.SG	leaf	CONSEC=TM3	start	CONT	hither	COMPL1	ACAUS-open,`the leaf starts opening.',text_01_chapter_05_coconut,14,teop1238,teop1238a,WORD_ALIGNED,"{""ART"": ""Article"", ""SG"": ""singular"", ""CONSEC"": ""Consecutive"", ""TM"": ""tense/modality"", ""CONT"": ""Continuity"", ""COMPL"": ""Complementizer"", ""ACAUS"": ""Anticausative""}"
teop1238a-text_01_chapter_05_coconut-15,"Be taparata vabeera bata o paka no overe,",be	ta-parata	va-beera	bata	o	paka	n=o	overe,when	ACAUS-open	ADVR-big	CONT	ART2.PL	leaf	3SG.POSS=ART3.SG	coconut.palm,"`When the leaves of the coconut palm have fully opened,'",text_01_chapter_05_coconut,15,teop1238,teop1238a,WORD_ALIGNED,"{""ACAUS"": ""Anticausative"", ""ADVR"": ""Adverbializer"", ""CONT"": ""Continuity"", ""ART"": ""Article"", ""PL"": ""plural"", ""SG"": ""singular"", ""POSS"": ""Possessive Marker""}"
teop1238a-text_01_chapter_05_coconut-16,o ana nae mee na pura hopo vakikisi batana teo kasuana.,o	ana	nae	mee	na	pura	hopo	va-kikisi	bata=na	te=o	kasuana,ART2.PL	root	3SG.POSS.PRON	also	TM2	grow	enter	ADVR-strong	CONT=3SG.IPFV	PREP=ART3.SG	ground,"`its roots also start growing into the ground, thereby giving the coconut a firm hold.'",text_01_chapter_05_coconut,16,teop1238,teop1238a,WORD_ALIGNED,"{""ART"": ""Article"", ""PL"": ""plural"", ""SG"": ""singular"", ""POSS"": ""Possessive Marker"", ""PRON"": ""Pronoun"", ""TM"": ""tense/modality"", ""ADVR"": ""Adverbializer"", ""CONT"": ""Continuity"", ""IPFV"": ""Imperfective"", ""PREP"": ""Preposition""}"
teop1238a-text_01_chapter_05_coconut-17,Amaa meha maa ana mee paa taneou tea pura tavusu,a=maa	meha	maa	ana	mee	paa	taneo=u	tea	pura	tavusu,ART2.SG=PLM	other2.SG	PLM	root	also	TM3	start=PFV	COMPL1	grow	come.out,`Other roots have also started growing out (of the nut)',text_01_chapter_05_coconut,17,teop1238,teop1238a,WORD_ALIGNED,"{""ART"": ""Article"", ""SG"": ""singular"", ""PLM"": ""Plural Marker"", ""TM"": ""tense/modality"", ""PFV"": ""Perfective"", ""COMPL"": ""Complementizer""}"
teop1238a-text_01_chapter_05_coconut-18,bara pura hopo vo teo kasuana.,bara	pura	hopo	vo	te=o	kasuana,and2	grow	enter	GOAL	PREP=ART3.SG	ground,`and growing into the ground.',text_01_chapter_05_coconut,18,teop1238,teop1238a,WORD_ALIGNED,"{""GOAL"": ""goal"", ""PREP"": ""Preposition"", ""ART"": ""Article"", ""SG"": ""singular""}"
teop1238a-text_01_chapter_05_coconut-19,"Beo overe sun vakikisi, be sa antee haana tea takara,",be=o	overe	sun	va-kikisi	be	sa	antee	haa=na	tea	ta-kara,when=ART3.SG	coconut.palm	stand	ADVR-strong	when	NEG1	can	NEG2=3SG.IPFV	COMPL1	ACAUS-uproot,"`When the coconut palm stands firmly, when it cannot be uprooted,'",text_01_chapter_05_coconut,19,teop1238,teop1238a,WORD_ALIGNED,"{""ART"": ""Article"", ""SG"": ""singular"", ""ADVR"": ""Adverbializer"", ""NEG"": ""Negative"", ""IPFV"": ""Imperfective"", ""COMPL"": ""Complementizer"", ""ACAUS"": ""Anticausative""}"
teop1238a-text_01_chapter_05_coconut-20,o paka overe repaa takihi.,o	paka	overe	re=paa	ta-kihi,ART3.SG	leaf	coconut	CONSEC=TM3	ACAUS-tear.apart,`the coconut leaf splits open.',text_01_chapter_05_coconut,20,teop1238,teop1238a,WORD_ALIGNED,"{""ART"": ""Article"", ""SG"": ""singular"", ""CONSEC"": ""Consecutive"", ""TM"": ""tense/modality"", ""ACAUS"": ""Anticausative""}"
teop1238a-text_01_chapter_05_coconut-21,"Beo meho supi tavusu, o paka vai to tavusu momohu, repaa takihi,",be=o	meho	supi	tavusu	o	paka	vai	to	tavusu	momohu	re=paa	ta-kihi,when=ART3.SG	other3.SG	sprouting.leaf	come.out	ART3.SG	leaf	DEM6	REL	come.out	first	CONSEC=TM3	ACAUS-tear.apart,"`When another sprouting leaf comes out, the leaf that came out first, splits open.'",text_01_chapter_05_coconut,21,teop1238,teop1238a,WORD_ALIGNED,"{""ART"": ""Article"", ""SG"": ""singular"", ""DEM"": ""Demonstrative"", ""REL"": ""Relative"", ""CONSEC"": ""Consecutive"", ""TM"": ""tense/modality"", ""ACAUS"": ""Anticausative""}"
teop1238a-text_01_chapter_05_coconut-22,"ore pura hiava komana o overe,",o=re	pura	hiava	komana	o	overe,3.PRON=CONSEC	grow	go.up	self	ART3.SG	coconut.palm,"`so that the coconut palm grows up,'",text_01_chapter_05_coconut,22,teop1238,teop1238a,WORD_ALIGNED,"{""PRON"": ""Pronoun"", ""CONSEC"": ""Consecutive"", ""ART"": ""Article"", ""SG"": ""singular""}"
teop1238a-text_01_chapter_05_coconut-23,be paku bata vo na teebona.,be	paku	bata	vo	=na	tee=bona,when	do	CONT	like	=3SG.IPFV	PREP=4SG.PRON,`when it is happening like this.',text_01_chapter_05_coconut,23,teop1238,teop1238a,WORD_ALIGNED,"{""CONT"": ""Continuity"", ""SG"": ""singular"", ""IPFV"": ""Imperfective"", ""PREP"": ""Preposition"", ""PRON"": ""Pronoun""}"
teop1238a-text_01_chapter_05_coconut-24,"Beo overe pura hiava, a vana vaa komana overe repaa kavara.",be=o	overe	pura	hiava	a	vana	vaa	koma-n=a	overe	re=paa	kavara,when=ART3.SG	coconut.palm	grow	go.up	ART3.PL	germinating.leaf	LNK	inside-3SG.POSS=ART2.SG	coconut	CONSEC=TM3	finished,"`When the coconut palm has grown up, the germinating leaves inside the coconut are gone.'",text_01_chapter_05_coconut,24,teop1238,teop1238a,WORD_ALIGNED,"{""ART"": ""Article"", ""SG"": ""singular"", ""PL"": ""plural"", ""LNK"": ""Linker"", ""POSS"": ""Possessive Marker"", ""CONSEC"": ""Consecutive"", ""TM"": ""tense/modality""}"
teop1238a-text_01_chapter_05_coconut-25,"Beo supi pihae pura tavusu, o iposi na rakoto batana teo pihae.",be=o	supi	pihae	pura	tavusu	o	iposi	na	rakoto	bata=na	te=o	pihae,when=ART3.SG	sprout	coconut.frond	grow	come.out	ART3.SG	leaf.sheath	TM2	stick	CONT=3SG.IPFV	PREP=ART3.SG	coconut.frond,"`When the sprout of the coconut frond grows outside, the leaf sheath sticks on the coconut frond.'",text_01_chapter_05_coconut,25,teop1238,teop1238a,WORD_ALIGNED,"{""ART"": ""Article"", ""SG"": ""singular"", ""TM"": ""tense/modality"", ""CONT"": ""Continuity"", ""IPFV"": ""Imperfective"", ""PREP"": ""Preposition""}"
teop1238a-text_01_chapter_05_coconut-26,"Beo pihae taparata, o iposi repaa taparata kahi bata bono pihae.",be=o	pihae	ta-parata	o	iposi	re=paa	ta-parata	kahi	bata	bono	pihae,when=ART3.SG	coconut.frond	ACAUS-open	ART3.SG	leaf.sheath	CONSEC=TM3	ACAUS-open	from	CONT	OBJ.ART3.SG	coconut.frond,"`When the coconut frond opens, the leaf sheath unfolds and separates from the frond.'",text_01_chapter_05_coconut,26,teop1238,teop1238a,WORD_ALIGNED,"{""ART"": ""Article"", ""SG"": ""singular"", ""ACAUS"": ""Anticausative"", ""CONSEC"": ""Consecutive"", ""TM"": ""tense/modality"", ""CONT"": ""Continuity"", ""OBJ"": ""Object""}"
teop1238a-text_01_chapter_05_coconut-27,"Beo pihae beera, o iposi repaa taparata vakavara,",be=o	pihae	beera	o	iposi	re=paa	ta-parata	va-kavara,when=ART3.SG	coconut.frond	big	ART3.SG	leaf.sheath	CONSEC=TM3	ACAUS-open	ADVR-complete,"`When the coconut frond becomes big, the leaf sheath completely opens,'",text_01_chapter_05_coconut,27,teop1238,teop1238a,WORD_ALIGNED,"{""ART"": ""Article"", ""SG"": ""singular"", ""CONSEC"": ""Consecutive"", ""TM"": ""tense/modality"", ""ACAUS"": ""Anticausative"", ""ADVR"": ""Adverbializer""}"
teop1238a-text_01_chapter_05_coconut-28,ore paa hana gunaha koa.,o=re	paa	hana	gunaha	koa,3.PRON=CONSEC	TM3	hang	go.down	just,`so that it just hangs down.',text_01_chapter_05_coconut,28,teop1238,teop1238a,WORD_ALIGNED,"{""PRON"": ""Pronoun"", ""CONSEC"": ""Consecutive"", ""TM"": ""tense/modality""}"
teop1238a-text_01_chapter_05_coconut-29,"Beo pihae mahaka, ore paa kuu,",be=o	pihae	mahaka	o=re	paa	kuu,when=ART3.SG	coconut.frond	dry	3.PRON=CONSEC	TM3	fall,"`When the coconut frond becomes dry, it falls down,'",text_01_chapter_05_coconut,29,teop1238,teop1238a,WORD_ALIGNED,"{""ART"": ""Article"", ""SG"": ""singular"", ""PRON"": ""Pronoun"", ""CONSEC"": ""Consecutive"", ""TM"": ""tense/modality""}"
teop1238a-text_01_chapter_05_coconut-30,o iposi repaa kuu bata mi bona.,o	iposi	re=paa	kuu	bata	mi	bona,ART3.SG	leaf.sheath	CONSEC=TM3	fall	CONT	with	4SG.PRON,`and then the leaf sheath falls down together with it.',text_01_chapter_05_coconut,30,teop1238,teop1238a,WORD_ALIGNED,"{""ART"": ""Article"", ""SG"": ""singular"", ""CONSEC"": ""Consecutive"", ""TM"": ""tense/modality"", ""CONT"": ""Continuity"", ""PRON"": ""Pronoun""}"
teop1238a-text_01_chapter_05_coconut-31,"O overe be vua, a vua overe na topo ge hana batana teo nanisi.",o	overe	be	vua	a	vua	overe	na	topo	ge	hana	bata=na	te=o	nanisi,ART3.SG	coconut.palm	when	bear.nuts	ART3.PL	nut	coconut.palm	TM2	stick	or	hang	CONT=3SG.IPFV	PREP=ART3.SG	panicle,"`The coconut palm, when it bears nuts, the coconuts stick or hang on the panicle.'",text_01_chapter_05_coconut,31,teop1238,teop1238a,WORD_ALIGNED,"{""ART"": ""Article"", ""SG"": ""singular"", ""PL"": ""plural"", ""TM"": ""tense/modality"", ""CONT"": ""Continuity"", ""IPFV"": ""Imperfective"", ""PREP"": ""Preposition""}"
teop1238a-text_01_chapter_05_coconut-32,A peha totoka ge buaku totoka overe na antee nana tea hana teo peho nanisi overe.,a	peha~totoka	ge	buaku~totoka	overe	na	antee	nana	tea	hana	te=o	peho	nanisi	overe,ART2.SG	six	or	seven	coconut	TM2	can	3SG.IPFV	COMPL1	hang	PREP=ART3.SG	one3.SG	panicle	coconut,`Six or seven coconuts can hang on one panicle.',text_01_chapter_05_coconut,32,teop1238,teop1238a,WORD_ALIGNED,"{""ART"": ""Article"", ""SG"": ""singular"", ""TM"": ""tense/modality"", ""IPFV"": ""Imperfective"", ""COMPL"": ""Complementizer"", ""PREP"": ""Preposition""}"
teop1238a-text_01_chapter_05_coconut-33,"Beo overe vua, o rakopo na rakopo batana toon no ibu overe.",be=o	overe	vua	o	rakopo	na	rakopo	bata=na	toon	n=o	ibu	overe,when=ART3.SG	coconut.palm	bear.nuts	ART3.SG	flower.sheath	TM2	cover	CONT=3SG.IPFV	top	3SG.POSS=ART3.SG	cluster	coconut,"`When the coconut palm bears nuts, the flower-sheath covers the cluster of coconuts.'\footnote{lit. `... covers on top of the coconut cluster'}",text_01_chapter_05_coconut,33,teop1238,teop1238a,WORD_ALIGNED,"{""ART"": ""Article"", ""SG"": ""singular"", ""TM"": ""tense/modality"", ""CONT"": ""Continuity"", ""IPFV"": ""Imperfective"", ""POSS"": ""Possessive Marker""}"
teop1238a-text_01_chapter_05_coconut-34,"Bea kukusu overe beera bata, o rakopo repaa takapa kahi bata bono ibu overe.",be=a	kukusu	overe	beera	bata	o	rakopo	re=paa	ta-kapa	kahi	bata	bono	ibu	overe,when=ART2.SG	very.young	coconut	big	CONT	ART3.SG	flower.sheath	CONSEC=TM3	ACAUS-remove.cover	from	CONT	OBJ.ART3.SG	cluster	coconut,"`When the very young coconut becomes bigger, the flower sheath peels off the cluster of coconuts.'",text_01_chapter_05_coconut,34,teop1238,teop1238a,WORD_ALIGNED,"{""ART"": ""Article"", ""SG"": ""singular"", ""CONT"": ""Continuity"", ""CONSEC"": ""Consecutive"", ""TM"": ""tense/modality"", ""ACAUS"": ""Anticausative"", ""OBJ"": ""Object""}"
teop1238a-text_01_chapter_05_coconut-35,"A kukusu overe, a overe vai a rutaa, a kobusu.",a	kukusu	overe	a	overe	vai	a	rutaa	a	kobusu,ART2.SG	very.young	coconut	ART2.SG	coconut	DEM	ART2.SG	small	ART2.SG	watery,`The very young coconut is a small coconut that is watery inside.',text_01_chapter_05_coconut,35,teop1238,teop1238a,WORD_ALIGNED,"{""ART"": ""Article"", ""SG"": ""singular"", ""DEM"": ""Demonstrative""}"
teop1238a-text_01_chapter_05_coconut-36,Ahiki vakisi ta tabaan komanae.,ahiki	vakisi	ta	tabaan	koma-nae,not.exist	yet	NSPEC2.SG	food	inside-3SG.POSS.PRON,`There is not yet any food inside.',text_01_chapter_05_coconut,36,teop1238,teop1238a,WORD_ALIGNED,"{""NSPEC"": ""Non-Specific"", ""SG"": ""singular"", ""POSS"": ""Possessive Marker"", ""PRON"": ""Pronoun""}"
teop1238a-text_01_chapter_05_coconut-37,Be beera eori repaa dao bari bona magura.,be	beera	e-ori	re=paa	dao	bari	bona	magura,when	big	H-3PL.PRON	CONSEC=TM3	call	4PL.PRON	OBJ.ART2.SG	ripening.coconut,"`When it grows bigger, they call it ``ripening coconut''.'",text_01_chapter_05_coconut,37,teop1238,teop1238a,WORD_ALIGNED,"{""PL"": ""plural"", ""PRON"": ""Pronoun"", ""CONSEC"": ""Consecutive"", ""TM"": ""tense/modality"", ""OBJ"": ""Object"", ""ART"": ""Article"", ""SG"": ""singular""}"
teop1238a-text_01_chapter_05_coconut-38,A pereperee ge kasikasiree a kapa nae.,a	pereperee	ge	kasikasiree	a	kapa	nae,ART2.SG	green	or	yellow	ART2.SG	cover	3SG.POSS.PRON,`Its cover is green or yellow.',text_01_chapter_05_coconut,38,teop1238,teop1238a,WORD_ALIGNED,"{""ART"": ""Article"", ""SG"": ""singular"", ""POSS"": ""Possessive Marker"", ""PRON"": ""Pronoun""}"
teop1238a-text_01_chapter_05_coconut-39,"A tabaan paa tavusu vaevuru komanae, evehee sabin kikisi.",a	tabaan	paa	tavusu	vaevuru	koma-nae	evehee	sabin	kikisi,ART2.SG	food	TM3	appear	already	inside-3SG.POSS.PRON	but	not.yet	hard,"`The food has already developed inside, but it is not hard yet.'",text_01_chapter_05_coconut,39,teop1238,teop1238a,WORD_ALIGNED,"{""ART"": ""Article"", ""SG"": ""singular"", ""TM"": ""tense/modality"", ""POSS"": ""Possessive Marker"", ""PRON"": ""Pronoun""}"
teop1238a-text_01_chapter_05_coconut-40,A tabaani nae a nin mataa kurus.,a	tabaani	nae	a	nin	mataa	kurus,ART2.SG	food	3SG.POSS.PRON	ART2.SG	taste	good	very,`Its food has a very good taste.',text_01_chapter_05_coconut,40,teop1238,teop1238a,WORD_ALIGNED,"{""ART"": ""Article"", ""SG"": ""singular"", ""POSS"": ""Possessive Marker"", ""PRON"": ""Pronoun""}"
teop1238a-text_01_chapter_05_coconut-41,A huun vaa tea magura na gaagaga riori.,a	huun	vaa	te=a	magura	na	gaa{$\sim$}gaga	ri=ori,ART2.SG	liquid	LNK	PREP=ART2.SG	ripening.coconut	TM2	RED{$\sim$}drink	3PL.IPFV=3PL.PRON,`The liquid in the ripening coconut is drinkable.',text_01_chapter_05_coconut,41,teop1238,teop1238a,WORD_ALIGNED,"{""ART"": ""Article"", ""SG"": ""singular"", ""LNK"": ""Linker"", ""PREP"": ""Preposition"", ""TM"": ""tense/modality"", ""RED"": ""reduplication"", ""PL"": ""plural"", ""IPFV"": ""Imperfective"", ""PRON"": ""Pronoun""}"
teop1238a-text_01_chapter_05_coconut-42,A huun bona a nini mataa kurusu.,a	huun	bona	a	nini	mataa	kurusu,ART2.SG	liquid	ANA.SG	ART2.SG	taste	good	very,`This liquid has a very good taste.',text_01_chapter_05_coconut,42,teop1238,teop1238a,WORD_ALIGNED,"{""ART"": ""Article"", ""SG"": ""singular"", ""ANA"": ""Anaphoric Demonstrative""}"
teop1238a-text_01_chapter_05_coconut-43,"Na mosi riori, eori repaa gaga bari.",na	mosi	ri=ori	e-ori	re=paa	gaga	bari,TM2	cut	3PL.IPFV=3PL.PRON	H-3PL.PRON	CONSEC=TM3	drink	4PL.PRON,"`They cut it, then they can drink it.'",text_01_chapter_05_coconut,43,teop1238,teop1238a,WORD_ALIGNED,"{""TM"": ""tense/modality"", ""PL"": ""plural"", ""IPFV"": ""Imperfective"", ""PRON"": ""Pronoun"", ""CONSEC"": ""Consecutive""}"
teop1238a-text_01_chapter_05_coconut-44,"Bean tara a overe vai a manoto, a kapa nae na uruurunata nana.",be=an	tara	a	overe	vai	a	manoto	a	kapa	nae	na	uruurunata	nana,when=2SG.PRON	look.at	ART2.SG	coconut	DEM6	ART2.SG	ripe	ART2.SG	cover	3SG.POSS.PRON	TM2	dark.brown	3SG.IPFV,"`When you look at a ripe coconut, its cover is dark brown.'",text_01_chapter_05_coconut,44,teop1238,teop1238a,WORD_ALIGNED,"{""SG"": ""singular"", ""PRON"": ""Pronoun"", ""ART"": ""Article"", ""DEM"": ""Demonstrative"", ""POSS"": ""Possessive Marker"", ""TM"": ""tense/modality"", ""IPFV"": ""Imperfective""}"
teop1238a-text_01_chapter_05_coconut-45,Enam repaa boha voen a overe a mahaka.,e-nam	re=paa	boha	vo=en	a	overe	a	mahaka,H-1PL.EX.PRON	CONSEC=TM3	say	like=DEM3	ART2.SG	coconut	ART2.SG	dry,`Then we say that the coconut is dry.',text_01_chapter_05_coconut,45,teop1238,teop1238a,WORD_ALIGNED,"{""PL"": ""plural"", ""EX"": ""exclusive"", ""PRON"": ""Pronoun"", ""CONSEC"": ""Consecutive"", ""TM"": ""tense/modality"", ""DEM"": ""Demonstrative"", ""ART"": ""Article"", ""SG"": ""singular""}"
teop1238a-text_01_chapter_05_coconut-46,"Bea overe manoto, a tabaani vaa komanae paa kikisiu.",be=a	overe	manoto	a	tabaani	vaa	koma-nae	paa	kikisi=u,when=ART2.SG	coconut	ripe	ART2.SG	food	LNK	inside-3SG.POSS.PRON	TM3	hard=PFV,"`When the coconut is ripe, the food inside has become hard.'",text_01_chapter_05_coconut,46,teop1238,teop1238a,WORD_ALIGNED,"{""ART"": ""Article"", ""SG"": ""singular"", ""LNK"": ""Linker"", ""POSS"": ""Possessive Marker"", ""PRON"": ""Pronoun"", ""TM"": ""tense/modality"", ""PFV"": ""Perfective""}"
teop1238a-text_01_chapter_05_coconut-47,"Bea overe manoto maa gina teo overe,",be=a	overe	manoto	maa	gina	te=o	overe,when=ART2.SG	coconut	ripe	hither	high.up	PREP=ART3.SG	coconut.palm,"`When the coconut has become ripe high up on the coconut palm,'",text_01_chapter_05_coconut,47,teop1238,teop1238a,WORD_ALIGNED,"{""ART"": ""Article"", ""SG"": ""singular"", ""PREP"": ""Preposition""}"
teop1238a-text_01_chapter_05_coconut-48,ore paa kuu gunaha vo maa teo kasuana.,o=re	paa	kuu	gunaha	vo	maa	te=o	kasuana,3.PRON=CONSEC	TM3	fall	go.down	GOAL	hither	PREP=ART3.SG	ground,`it falls down to the ground.',text_01_chapter_05_coconut,48,teop1238,teop1238a,WORD_ALIGNED,"{""PRON"": ""Pronoun"", ""CONSEC"": ""Consecutive"", ""TM"": ""tense/modality"", ""GOAL"": ""goal"", ""PREP"": ""Preposition"", ""ART"": ""Article"", ""SG"": ""singular""}"
teop1238a-text_01_chapter_05_coconut-49,"A overe vai a manoto na gono riori, eori repaa hovu bari.",a	overe	vai	a	manoto	na	gono	ri=ori	e-ori	re=paa	hovu	bari,ART2.SG	coconut	DEM6	ART2.SG	ripe	TM2	get	3PL.IPFV=3PL.PRON	H-3PL.PRON	CONSEC=TM3	husk	4PL.PRON,"`They get the ripe coconut, and then they husk it.'",text_01_chapter_05_coconut,49,teop1238,teop1238a,WORD_ALIGNED,"{""ART"": ""Article"", ""SG"": ""singular"", ""DEM"": ""Demonstrative"", ""TM"": ""tense/modality"", ""PL"": ""plural"", ""IPFV"": ""Imperfective"", ""PRON"": ""Pronoun"", ""CONSEC"": ""Consecutive""}"
teop1238a-text_01_chapter_05_coconut-50,HOVU,hovu,husk,`HUSKING COCONUTS',text_01_chapter_05_coconut,50,teop1238,teop1238a,WORD_ALIGNED,{}
teop1238a-text_01_chapter_05_coconut-51,"Beara mei rara tea hovu overe, eara na vaamatatopo varaba rara o pusu hiovu.",be=ara	mei	rara	tea	hovu	overe	e-ara	na	vaa-matatopo	varaba	rara	o	pusu~hiovo,when=1PL.IN.PRON	do.not.yet	1PL.IN.IPFV	COMPL1	husk	coconut	H-1PL.IN.PRON	TM2	CAUS-be.prepared	in.advance	IPFV	ART3.SG	husker,"`Before we husk coconuts, we prepare the husker.'\footnote{lit. `When we are not doing yet to husk coconuts, ...'}",text_01_chapter_05_coconut,51,teop1238,teop1238a,WORD_ALIGNED,"{""PL"": ""plural"", ""IN"": ""inclusive"", ""PRON"": ""Pronoun"", ""IPFV"": ""Imperfective"", ""COMPL"": ""Complementizer"", ""TM"": ""tense/modality"", ""CAUS"": ""Causative"", ""ART"": ""Article"", ""SG"": ""singular""}"
teop1238a-text_01_chapter_05_coconut-52,O pusu hiovu na paku raara bene ta boon.,o	pusu~hiovu	na	paku	ra=ara	bene	ta	boon,ART3.SG	husker	TM2	make	1PL.IN.IPFV=1PL.IN.PRON	OBJ.ART1.SG	piece	mangrove,`We make the husker from a piece of mangrove wood.'\footnote{lit. `The husker we make from ...'},text_01_chapter_05_coconut,52,teop1238,teop1238a,WORD_ALIGNED,"{""ART"": ""Article"", ""SG"": ""singular"", ""TM"": ""tense/modality"", ""PL"": ""plural"", ""IN"": ""inclusive"", ""IPFV"": ""Imperfective"", ""PRON"": ""Pronoun"", ""OBJ"": ""Object""}"
teop1238a-text_01_chapter_05_coconut-53,Eara na mosi maa rara e ta boon tea boon.,e-ara	na	mosi	maa	rara	e	ta	boon	te=a	boon,H-1PL.IN.PRON	TM2	cut	hither	1PL.IN.IPFV	ART1.SG	piece	mangrove	PREP=ART2.SG	mangroves,`We cut a piece of mangrove wood in the mangroves.',text_01_chapter_05_coconut,53,teop1238,teop1238a,WORD_ALIGNED,"{""PL"": ""plural"", ""IN"": ""inclusive"", ""PRON"": ""Pronoun"", ""TM"": ""tense/modality"", ""IPFV"": ""Imperfective"", ""ART"": ""Article"", ""SG"": ""singular"", ""PREP"": ""Preposition""}"
teop1238a-text_01_chapter_05_coconut-54,A bebeahu nae toro antee bona peha gea buaku a ato.,a	bebeahu	nae	toro	antee	bona	peha	ge=a	buaku	a	ato,ART2.SG	length	3SG.POSS.PRON	TM7	reach	OBJ.ART2.SG	one2.SG	or=ART2.SG	two	ART2.SG	yard,`Its length should be one or two yards.',text_01_chapter_05_coconut,54,teop1238,teop1238a,WORD_ALIGNED,"{""ART"": ""Article"", ""SG"": ""singular"", ""POSS"": ""Possessive Marker"", ""PRON"": ""Pronoun"", ""TM"": ""tense/modality"", ""OBJ"": ""Object""}"
teop1238a-text_01_chapter_05_coconut-55,Eara repaa karem vakakaniva a peha papana.,e-ara	re=paa	karem	va-kakaniva	a	peha	papana,H-1PL.IN.PRON	CONSEC=TM3	scrape	CAUS-sharp	ART2.SG	one2.SG	end,`Then we sharpen one end.',text_01_chapter_05_coconut,55,teop1238,teop1238a,WORD_ALIGNED,"{""PL"": ""plural"", ""IN"": ""inclusive"", ""PRON"": ""Pronoun"", ""CONSEC"": ""Consecutive"", ""TM"": ""tense/modality"", ""CAUS"": ""Causative"", ""ART"": ""Article"", ""SG"": ""singular""}"
teop1238a-text_01_chapter_05_coconut-56,O papana bona to kahi hovu kaakoo raara,o	papana	bona	to	kahi	hovu	kaakoo	ra=ara,ART3.SG	end	ANA.SG	REL	TM1	husk	move	1PL.IN.IPFV=1PL.IN.PRON,`This end we will use for husking the coconut.'\footnote{lit. `This end (is) what we husk (and) move with.'},text_01_chapter_05_coconut,56,teop1238,teop1238a,WORD_ALIGNED,"{""ART"": ""Article"", ""SG"": ""singular"", ""ANA"": ""Anaphoric Demonstrative"", ""REL"": ""Relative"", ""TM"": ""tense/modality"", ""PL"": ""plural"", ""IN"": ""inclusive"", ""IPFV"": ""Imperfective"", ""PRON"": ""Pronoun""}"
teop1238a-text_01_chapter_05_coconut-57,"A papana to sa karem vakakaniva vira haa raara,",a	papana	to	sa	karem	va-kakaniva	vira	haa	ra=ara,ART2.SG	end	REL	NEG1	scrape	CAUS-sharp	actually	NEG2	1PL.IN.IPFV=1PL.IN.PRON,"`The end that we did not sharpen,'",text_01_chapter_05_coconut,57,teop1238,teop1238a,WORD_ALIGNED,"{""ART"": ""Article"", ""SG"": ""singular"", ""REL"": ""Relative"", ""NEG"": ""Negative"", ""CAUS"": ""Causative"", ""PL"": ""plural"", ""IN"": ""inclusive"", ""IPFV"": ""Imperfective"", ""PRON"": ""Pronoun""}"
teop1238a-text_01_chapter_05_coconut-58,eve to pasi tahi vaatopo ni noman teo kasuana.,eve	to	pasi	tahi	vaa-topo	ni	nom=an	te=o	kasuana,3SG.PRON	REL	TM4	push	CAUS-stick	APPL	IPFV=2SG.PRON	PREP=ART3.SG	ground,`that is the one that you will push into the ground.',text_01_chapter_05_coconut,58,teop1238,teop1238a,WORD_ALIGNED,"{""SG"": ""singular"", ""PRON"": ""Pronoun"", ""REL"": ""Relative"", ""TM"": ""tense/modality"", ""CAUS"": ""Causative"", ""APPL"": ""Applicative Particle"", ""IPFV"": ""Imperfective"", ""PREP"": ""Preposition"", ""ART"": ""Article""}"
teop1238a-text_01_chapter_05_coconut-59,"Be kavara, ean repaa taneo tea hovu.",be	kavara	e-an	re=paa	taneo	tea	hovu,when	finished	H-2SG.PRON	CONSEC=TM3	start	COMPL1	husk,"`When it is finished, you start husking.'",text_01_chapter_05_coconut,59,teop1238,teop1238a,WORD_ALIGNED,"{""SG"": ""singular"", ""PRON"": ""Pronoun"", ""CONSEC"": ""Consecutive"", ""TM"": ""tense/modality"", ""COMPL"": ""Complementizer""}"
teop1238a-text_01_chapter_05_coconut-60,Ean na vaahuu hopo ni nom a overe tea ta hiovu.,e-an	na	vaa-huu	hopo	ni	nom	a	overe	te=a	ta~hiovu,H-2SG.PRON	TM2	CAUS-stick	enter	APPL	IPFV	ART2.SG	coconut	PREP=ART2.SG	husking.stick,`You stick the coconut onto the husking stick.',text_01_chapter_05_coconut,60,teop1238,teop1238a,WORD_ALIGNED,"{""SG"": ""singular"", ""PRON"": ""Pronoun"", ""TM"": ""tense/modality"", ""CAUS"": ""Causative"", ""APPL"": ""Applicative Particle"", ""IPFV"": ""Imperfective"", ""ART"": ""Article"", ""PREP"": ""Preposition""}"
teop1238a-text_01_chapter_05_coconut-61,"Ean paa menaa bata a overe, o kapa repaa takapa kahi bata bono meho kapa.",e-an	paa	menaa	bata	a	overe	o	kapa	re=paa	ta-kapa	kahi	bata	bono	meho	kapa,H-2SG.PRON	TM3	bend	CONT	ART2.SG	coconut	ART3.SG	cover	CONSEC=TM3	ACAUS-remove	from	CONT	OBJ.ART3.SG	other3.SG	cover,`Then you bend the coconut so that the cover (the husk) peels off the other cover (the shell).',text_01_chapter_05_coconut,61,teop1238,teop1238a,WORD_ALIGNED,"{""SG"": ""singular"", ""PRON"": ""Pronoun"", ""TM"": ""tense/modality"", ""CONT"": ""Continuity"", ""ART"": ""Article"", ""CONSEC"": ""Consecutive"", ""ACAUS"": ""Anticausative"", ""OBJ"": ""Object""}"
teop1238a-text_01_chapter_05_coconut-62,"A kukan bau gea dorana a hovu, a overe repaa tahovu vakavara.",a	kukan	bau	ge=a	dorana	a	hovu	a	overe	re=paa	ta-hovu	va-kavara,ART2.SG	three	perhaps	or=ART2.SG	four	ART2.SG	husk	ART2.SG	coconut	CONSEC=TM3	ACAUS-husk	ADVR-complete,"`Perhaps three or four husking movements, and then the coconut is completely husked.'",text_01_chapter_05_coconut,62,teop1238,teop1238a,WORD_ALIGNED,"{""ART"": ""Article"", ""SG"": ""singular"", ""CONSEC"": ""Consecutive"", ""TM"": ""tense/modality"", ""ACAUS"": ""Anticausative"", ""ADVR"": ""Adverbializer""}"
teop1238a-text_01_chapter_05_coconut-63,O kapa to hovu noman na dao raara bono pesupaava,o	kapa	to	hovu	nom=an	na	dao	ra=ara	bono	pesupaava,ART3.SG	cover	REL	husk	IPFV=2SG	TM2	call	1PL.IN.IPFV=1PL.IN.PRON	OBJ.ART3.SG	fibrous.husk,`The cover that you remove by husking is called ``fibrous husk''.',text_01_chapter_05_coconut,63,teop1238,teop1238a,WORD_ALIGNED,"{""ART"": ""Article"", ""SG"": ""singular"", ""REL"": ""Relative"", ""IPFV"": ""Imperfective"", ""TM"": ""tense/modality"", ""PL"": ""plural"", ""IN"": ""inclusive"", ""PRON"": ""Pronoun"", ""OBJ"": ""Object""}"
teop1238a-text_01_chapter_05_coconut-64,Nomana a pusu hiovu na paku riori bona maa hum aeana vai a bebeahu.,nomana	a	pusu~hiovu	na	paku	ri=ori	bona	maa	hum	aeana	vai	a	bebeahu,today	ART3.PL	husker	TM2	make	3PL.IPFV=3PL.PRON	OBJ.ART2.SG	PLM	piece	iron	DEM6	ART2.SG	long,`Today they make the huskers from long pieces of iron.',text_01_chapter_05_coconut,64,teop1238,teop1238a,WORD_ALIGNED,"{""ART"": ""Article"", ""PL"": ""plural"", ""TM"": ""tense/modality"", ""IPFV"": ""Imperfective"", ""PRON"": ""Pronoun"", ""OBJ"": ""Object"", ""SG"": ""singular"", ""PLM"": ""Plural Marker"", ""DEM"": ""Demonstrative""}"
teop1238a-text_01_chapter_05_coconut-65,Na karem vakakaniva riori bona maa soo aeana.,na	karem	va-kakaniva	ri=ori	bona	maa	soo	aeana,TM2	scrape	CAUS-sharp	3PL.IPFV=3PL.PRON	OBJ.ART2.SG	PLM	file	iron,`They sharpen (them) with iron files.',text_01_chapter_05_coconut,65,teop1238,teop1238a,WORD_ALIGNED,"{""TM"": ""tense/modality"", ""CAUS"": ""Causative"", ""PL"": ""plural"", ""IPFV"": ""Imperfective"", ""PRON"": ""Pronoun"", ""OBJ"": ""Object"", ""ART"": ""Article"", ""SG"": ""singular"", ""PLM"": ""Plural Marker""}"
teop1238a-text_01_chapter_05_coconut-66,Eori repaa hovu overe ni bari.,e-ori	re=paa	hovu	overe	ni	bari,H-3PL.PRON	CONSEC=TM3	husk	coconut	APPL	4PL.PRON,`Then they use them for husking coconuts.',text_01_chapter_05_coconut,66,teop1238,teop1238a,WORD_ALIGNED,"{""PL"": ""plural"", ""PRON"": ""Pronoun"", ""CONSEC"": ""Consecutive"", ""TM"": ""tense/modality"", ""APPL"": ""Applicative Particle""}"
teop1238a-text_01_chapter_05_coconut-67,"Ean he paa hovu vuru o kapa vaa gina, mean paa hovu kahi o meho kapa.",e-an	he	paa	hovu	vuru	o	kapa	vaa	gina	me=an	paa	hovu	kahi	o	meho	kapa,H-2SG.PRON	ADVERS	TM3	husk	already	ART3.SG	cover	LNK	on.top	and4=2SG.PRON	TM3	husk	from	ART3.SG	other3.SG	cover,"`When you have removed the top cover, you remove the other cover (the shell).'",text_01_chapter_05_coconut,67,teop1238,teop1238a,WORD_ALIGNED,"{""SG"": ""singular"", ""PRON"": ""Pronoun"", ""ADVERS"": ""Adversative Conjunction"", ""TM"": ""tense/modality"", ""ART"": ""Article"", ""LNK"": ""Linker""}"
teop1238a-text_01_chapter_05_coconut-68,"O kapa bona to booboha raara, ei kou o kikisi.",o	kapa	bona	to	booboha	ra=ara	ei~kou	o	kikisi,ART3.SG	cover	ANA.SG	REL	break	1PL.IN.IPFV=1PL.IN.PRON	because	ART3.SG	hard,"`This cover (the nut shell), we break, because it is hard.'",text_01_chapter_05_coconut,68,teop1238,teop1238a,WORD_ALIGNED,"{""ART"": ""Article"", ""SG"": ""singular"", ""ANA"": ""Anaphoric Demonstrative"", ""REL"": ""Relative"", ""PL"": ""plural"", ""IN"": ""inclusive"", ""IPFV"": ""Imperfective"", ""PRON"": ""Pronoun""}"
teop1238a-text_01_chapter_05_coconut-69,A ba suburaara na booboha overe ni roho bona vasu.,a	ba	subu-raara	na	booboha	overe	ni	roho	bona	vasu,ART2.SG	KIN.PLM	grandparent-1PL.IN.POSS.PRON	TM2	break	coconut	APPL	before	OBJ.ART2.SG	stone,"`Our grandparents broke coconuts with a stone,'",text_01_chapter_05_coconut,69,teop1238,teop1238a,WORD_ALIGNED,"{""ART"": ""Article"", ""SG"": ""singular"", ""KIN"": ""Kinship"", ""PLM"": ""Plural Marker"", ""PL"": ""plural"", ""IN"": ""inclusive"", ""POSS"": ""Possessive Marker"", ""PRON"": ""Pronoun"", ""TM"": ""tense/modality"", ""APPL"": ""Applicative Particle"", ""OBJ"": ""Object""}"
teop1238a-text_01_chapter_05_coconut-70,a overe repaa taboha.,a	overe	re=paa	ta-boha,ART2.SG	coconut	CONSEC=TM3	ACAUS-break,`then the coconut broke.',text_01_chapter_05_coconut,70,teop1238,teop1238a,WORD_ALIGNED,"{""ART"": ""Article"", ""SG"": ""singular"", ""CONSEC"": ""Consecutive"", ""TM"": ""tense/modality"", ""ACAUS"": ""Anticausative""}"
teop1238a-text_01_chapter_05_coconut-71,"Evehee nomana na booboha overe ni rori bono rapisi,",evehee	nomana	na	booboha	overe	ni	rori	bono	rapisi,but	today	TM2	break	coconut	APPL	3PL.IPFV	OBJ.ART3.SG	bushknife,`But today they break coconuts with a bushknife.',text_01_chapter_05_coconut,71,teop1238,teop1238a,WORD_ALIGNED,"{""TM"": ""tense/modality"", ""APPL"": ""Applicative Particle"", ""PL"": ""plural"", ""IPFV"": ""Imperfective"", ""OBJ"": ""Object"", ""ART"": ""Article"", ""SG"": ""singular""}"
teop1238a-text_01_chapter_05_coconut-72,ore paa taboha.,o=re	paa	ta-boha,3.PRON=CONSEC	TM3	ACAUS-break,`then they break.',text_01_chapter_05_coconut,72,teop1238,teop1238a,WORD_ALIGNED,"{""PRON"": ""Pronoun"", ""CONSEC"": ""Consecutive"", ""TM"": ""tense/modality"", ""ACAUS"": ""Anticausative""}"
teop1238a-text_01_chapter_05_coconut-73,KUUKUHI OVERE,kuu{$\sim$}kuhi	overe,RED{$\sim$}grate	coconut,`GRATING COCONUTS',text_01_chapter_05_coconut,73,teop1238,teop1238a,WORD_ALIGNED,"{""RED"": ""reduplication""}"
teop1238a-text_01_chapter_05_coconut-74,"Murinae eori repaa kuukuhi bari mene rovi bona maa nahu iana, paapao gea tabae to rake riori tea rovi.",muri-nae	e-ori	re=paa	kuu{$\sim$}kuhi	bari	mene	rovi	bona	maa	nahu	iana	paapao	ge=a	tabae	to	rake	ri=ori	tea	rovi,after-3SG.POSS.PRON	H-3PL.PRON	CONSEC=TM3	RED{$\sim$}grate	4PL.PRON	for	cook.in.coconut.cream	OBJ.ART2.SG	PLM	pot	fish	vegetables	or=ART2.SG	what	REL	want	3PL.IPFV=3PL.PRON	COMPL1	cook.in.coconut.cream,"`After that they grate them for cooking pots of fish, vegetables or whatever they want to cook in coconut cream.'",text_01_chapter_05_coconut,74,teop1238,teop1238a,WORD_ALIGNED,"{""SG"": ""singular"", ""POSS"": ""Possessive Marker"", ""PRON"": ""Pronoun"", ""PL"": ""plural"", ""CONSEC"": ""Consecutive"", ""TM"": ""tense/modality"", ""RED"": ""reduplication"", ""OBJ"": ""Object"", ""ART"": ""Article"", ""PLM"": ""Plural Marker"", ""REL"": ""Relative"", ""IPFV"": ""Imperfective"", ""COMPL"": ""Complementizer""}"
teop1238a-text_01_chapter_05_coconut-75,A ba suburaara na kuukuhi overe ni roho bona kehaa.,a	ba	subu-raara	na	kuu{$\sim$}kuhi	overe	ni	roho	bona	kehaa,ART2.SG	KIN.PLM	grandparent-1PL.IN.POSS.PRON	TM2	RED{$\sim$}grate	coconut	APPL	before	OBJ.ART2.SG	shell,`Our grandparents grated coconuts with a shell.',text_01_chapter_05_coconut,75,teop1238,teop1238a,WORD_ALIGNED,"{""ART"": ""Article"", ""SG"": ""singular"", ""KIN"": ""Kinship"", ""PLM"": ""Plural Marker"", ""PL"": ""plural"", ""IN"": ""inclusive"", ""POSS"": ""Possessive Marker"", ""PRON"": ""Pronoun"", ""TM"": ""tense/modality"", ""RED"": ""reduplication"", ""APPL"": ""Applicative Particle"", ""OBJ"": ""Object""}"
teop1238a-text_01_chapter_05_coconut-76,A hena no kehaa bona na dao riori bono korivahi.,a	hena	n=o	kehaa	bona	na	dao	ri=ori	bono	korivahi,ART2.SG	name	3SG.POSS=ART3.SG	shellfish	ANA.SG	TM2	call	3PL.IPFV=3PL.PRON	OBJ.ART3.SG	thorny.oyster,`The name of this shellfish is ``thorny oyster''.'\footnote{lit. `The name of this shellfish they call ``thorny oyster''.'},text_01_chapter_05_coconut,76,teop1238,teop1238a,WORD_ALIGNED,"{""ART"": ""Article"", ""SG"": ""singular"", ""POSS"": ""Possessive Marker"", ""ANA"": ""Anaphoric Demonstrative"", ""TM"": ""tense/modality"", ""PL"": ""plural"", ""IPFV"": ""Imperfective"", ""PRON"": ""Pronoun"", ""OBJ"": ""Object""}"
teop1238a-text_01_chapter_05_coconut-77,"O korivahi na nibusu riori,",o	korivahi	na	nibusu	ri=ori,ART3.SG	thorny.oyster	TM2	make.hole	3PL.IPFV=3PL.PRON,`They made a hole into the thorny oyster.',text_01_chapter_05_coconut,77,teop1238,teop1238a,WORD_ALIGNED,"{""ART"": ""Article"", ""SG"": ""singular"", ""TM"": ""tense/modality"", ""PL"": ""plural"", ""IPFV"": ""Imperfective"", ""PRON"": ""Pronoun""}"
teop1238a-text_01_chapter_05_coconut-78,eori repaa nibusu pete bene ta naono to paa kahu vamatatopo vuru ori,e-ori	re=paa	nibusu	pete	bene	ta	naono	to	paa	kahu	va-matatopo	vuru	ori,H-3PL.PRON	CONSEC=TM3	make.hole	in.addition	OBJ.ART1.SG	piece	wood	REL	TM3	carve	CAUS-be.prepared	earlier	3PL.PRON,`then they also made a hole into a piece of wood that they had already carved.',text_01_chapter_05_coconut,78,teop1238,teop1238a,WORD_ALIGNED,"{""PL"": ""plural"", ""PRON"": ""Pronoun"", ""CONSEC"": ""Consecutive"", ""TM"": ""tense/modality"", ""OBJ"": ""Object"", ""ART"": ""Article"", ""SG"": ""singular"", ""REL"": ""Relative"", ""CAUS"": ""Causative""}"
teop1238a-text_01_chapter_05_coconut-79,Eori repaa kisi ni bono kehaa te ta naono.,e-ori	re=paa	kisi	ni	bono	kehaa	te	ta	naono,H-3PL.PRON	CONSEC=TM3	tie	APPL	OBJ.ART3.SG	shell	PREP.ART1.SG	piece	wood,`Then they tied the shell to the piece of wood.',text_01_chapter_05_coconut,79,teop1238,teop1238a,WORD_ALIGNED,"{""PL"": ""plural"", ""PRON"": ""Pronoun"", ""CONSEC"": ""Consecutive"", ""TM"": ""tense/modality"", ""APPL"": ""Applicative Particle"", ""OBJ"": ""Object"", ""ART"": ""Article"", ""SG"": ""singular"", ""PREP"": ""Preposition""}"
teop1238a-text_01_chapter_05_coconut-80,Nomana a kuhi na von riori tea sitoa.,nomana	a	kuhi	na	von	ri=ori	te=a	sitoa,today	ART2.SG	grater	TM2	buy	3PL.IPFV=3PL.PRON	PREP=ART2.SG	store,`Today they buy the grater in the store.',text_01_chapter_05_coconut,80,teop1238,teop1238a,WORD_ALIGNED,"{""ART"": ""Article"", ""SG"": ""singular"", ""TM"": ""tense/modality"", ""PL"": ""plural"", ""IPFV"": ""Imperfective"", ""PRON"": ""Pronoun"", ""PREP"": ""Preposition""}"
teop1238a-text_01_chapter_05_coconut-81,Na paku maa riori bona aeana.,na	paku	maa	ri=ori	bona	aeana,TM2	make	hither	3PL.IPFV=3PL.PRON	OBJ.ART2.SG	iron,`It is made from iron.'\footnote{lit. `Made by them from iron.'},text_01_chapter_05_coconut,81,teop1238,teop1238a,WORD_ALIGNED,"{""TM"": ""tense/modality"", ""PL"": ""plural"", ""IPFV"": ""Imperfective"", ""PRON"": ""Pronoun"", ""OBJ"": ""Object"", ""ART"": ""Article"", ""SG"": ""singular""}"
teop1238a-text_01_chapter_05_coconut-82,A kuhi na kuhi varutarutaa riori bona overe.,a	kuhi	na	kuhi	va-ruta{$\sim$}rutaa	ri=ori	bona	overe,ART2.SG	grater	TM2	grate	CAUS-RED{$\sim$}small	3PL.IPFV=3PL.PRON	OBJ.ART2.SG	coconut,"`The grater is used to grate the coconut into small pieces.'\footnote{lit. `The grater, they grate (and) make into small pieces the coconut.'}",text_01_chapter_05_coconut,82,teop1238,teop1238a,WORD_ALIGNED,"{""ART"": ""Article"", ""SG"": ""singular"", ""TM"": ""tense/modality"", ""CAUS"": ""Causative"", ""RED"": ""reduplication"", ""PL"": ""plural"", ""IPFV"": ""Imperfective"", ""PRON"": ""Pronoun"", ""OBJ"": ""Object""}"
teop1238a-text_01_chapter_05_coconut-83,Meha maa vuri eori repaa vasibao me bari bona kaukau.,meha	maa	vuri	e-ori	re=paa	vasibao	me	bari	bona	kaukau,other2.SG	PLM	time	H-3PL.PRON	CONSEC=TM3	vasibao	with	4PL.PRON	OBJ.ART2.SG	sweet.potato,`Sometimes they \textit{vasibao} a sweet potato with it.',text_01_chapter_05_coconut,83,teop1238,teop1238a,WORD_ALIGNED,"{""SG"": ""singular"", ""PLM"": ""Plural Marker"", ""PL"": ""plural"", ""PRON"": ""Pronoun"", ""CONSEC"": ""Consecutive"", ""TM"": ""tense/modality"", ""OBJ"": ""Object"", ""ART"": ""Article""}"
teop1238a-text_01_chapter_05_coconut-84,"Tea vasibao, ean na kuhi bata nom e ta overe bona kehaa.",te-a	vasibao	e-an	na	kuhi	bata	nom	e	ta	overe	bona	kehaa,PREP=ART2.SG	vasibao	H-2SG.PRON	TM2	grate	CONT	IPFV	ART1.SG	piece	coconut	OBJ.ART2.SG	shell,`\textit{Vasibao} means that you grate a piece of coconut with the shell of a shellfish.',text_01_chapter_05_coconut,84,teop1238,teop1238a,WORD_ALIGNED,"{""PREP"": ""Preposition"", ""ART"": ""Article"", ""SG"": ""singular"", ""PRON"": ""Pronoun"", ""TM"": ""tense/modality"", ""CONT"": ""Continuity"", ""IPFV"": ""Imperfective"", ""OBJ"": ""Object""}"
teop1238a-text_01_chapter_05_coconut-85,A kehaa vaa tea boon.,a	kehaa	vaa	te=a	boon,ART2.SG	shell	LNK	PREP=ART2.SG	mangroves,`A shell from the mangroves.',text_01_chapter_05_coconut,85,teop1238,teop1238a,WORD_ALIGNED,"{""ART"": ""Article"", ""SG"": ""singular"", ""LNK"": ""Linker"", ""PREP"": ""Preposition""}"
teop1238a-text_01_chapter_05_coconut-86,A kehaa bona na dao riori bona boen.,a	kehaa	bona	na	dao	ri=ori	bona	boen,ART2.SG	shell	ANA.SG	TM2	call	3PL.IPFV=3PL.PRON	OBJ.ART2.SG	boen,`This shell is called \textit{boen}.',text_01_chapter_05_coconut,86,teop1238,teop1238a,WORD_ALIGNED,"{""ART"": ""Article"", ""SG"": ""singular"", ""ANA"": ""Anaphoric Demonstrative"", ""TM"": ""tense/modality"", ""PL"": ""plural"", ""IPFV"": ""Imperfective"", ""PRON"": ""Pronoun"", ""OBJ"": ""Object""}"
teop1238a-text_01_chapter_05_coconut-87,"Ean pasi kuhi bata nom, bean ani bata me nom e bene ta kaukau.",e-an	pasi	kuhi	bata	nom	be=an	ani	bata	me	nom	e	bene	ta	kaukau,H-2SG.PRON	TM4	grate	CONT	IPFV	when=2SG.PRON	eat	CONT	with	IPFV	3SG.PRON	OBJ.ART1.SG	piece	sweet.potato,`You grate (the coconut flesh) when eating it with a piece of sweet potato.',text_01_chapter_05_coconut,87,teop1238,teop1238a,WORD_ALIGNED,"{""SG"": ""singular"", ""PRON"": ""Pronoun"", ""TM"": ""tense/modality"", ""CONT"": ""Continuity"", ""IPFV"": ""Imperfective"", ""OBJ"": ""Object"", ""ART"": ""Article""}"
teop1238a-text_01_chapter_05_coconut-88,TOPE,tope,coconut.shell,`COCONUT SHELLS',text_01_chapter_05_coconut,88,teop1238,teop1238a,WORD_ALIGNED,{}
teop1238a-text_01_chapter_05_coconut-89,O tope na vaanoto suraa ni riori tea vamahaka kavuraa.,o	tope	na	vaanoto	suraa	ni	ri=ori	tea	va-mahaka	kavuraa,ART2.PL	coconut.shell	TM2	light	fire	APPL	3PL.IPFV=3PL.PRON	COMPL1	CAUS-dry	copra,`The coconut shells are used for lighting the fire to dry copra.',text_01_chapter_05_coconut,89,teop1238,teop1238a,WORD_ALIGNED,"{""ART"": ""Article"", ""PL"": ""plural"", ""TM"": ""tense/modality"", ""APPL"": ""Applicative Particle"", ""IPFV"": ""Imperfective"", ""PRON"": ""Pronoun"", ""COMPL"": ""Complementizer"", ""CAUS"": ""Causative""}"
teop1238a-text_01_chapter_05_coconut-90,"Varomo ni rori bono tope,",varomo	ni	rori	bono	tope,stack.up	APPL	3PL.IPFV	OBJ.ART2.PL	coconut.shell,"`They stack up the coconut shells,'",text_01_chapter_05_coconut,90,teop1238,teop1238a,WORD_ALIGNED,"{""APPL"": ""Applicative Particle"", ""PL"": ""plural"", ""IPFV"": ""Imperfective"", ""OBJ"": ""Object"", ""ART"": ""Article""}"
teop1238a-text_01_chapter_05_coconut-91,eori repaa vararana ni nao bari komana inu vaamahaka kavuraa.,e-ori	re=paa	vararana	ni	nao	bari	koma-n=a	inu	vaa-mahaka	kavuraa,H-3PL.PRON	CONSEC=TM3	arrange.in.rows	APPL	thither	4PL.PRON	inside-3SG.POSS=ART2.SG	house	CAUS-dry	copra,`then they arrange them in rows in the copra drying house.',text_01_chapter_05_coconut,91,teop1238,teop1238a,WORD_ALIGNED,"{""PL"": ""plural"", ""PRON"": ""Pronoun"", ""CONSEC"": ""Consecutive"", ""TM"": ""tense/modality"", ""APPL"": ""Applicative Particle"", ""SG"": ""singular"", ""POSS"": ""Possessive Marker"", ""ART"": ""Article"", ""CAUS"": ""Causative""}"
teop1238a-text_01_chapter_05_coconut-92,O buaku geo kukan o varana tope.,o	buaku	ge=o	kukan	o	varana	tope,ART3.SG	two	or=ART3.SG	three	ART3.SG	row	coconut.shell,`There are two or three rows of coconut shells.',text_01_chapter_05_coconut,92,teop1238,teop1238a,WORD_ALIGNED,"{""ART"": ""Article"", ""SG"": ""singular""}"
teop1238a-text_01_chapter_05_coconut-93,Eori repaa vaanoto bono suraa matano vararana tope.,e-ori	re=paa	vaanoto	bono	suraa	mata-n=o	vararana	tope,H-3PL.PRON	CONSEC=TM3	light	OBJ.ART3.SG	fire	front-3SG.POSS=ART3.SG	row	coconut.shell,`Then they light the fire at the front of the row of coconut shells.',text_01_chapter_05_coconut,93,teop1238,teop1238a,WORD_ALIGNED,"{""PL"": ""plural"", ""PRON"": ""Pronoun"", ""CONSEC"": ""Consecutive"", ""TM"": ""tense/modality"", ""OBJ"": ""Object"", ""ART"": ""Article"", ""SG"": ""singular"", ""POSS"": ""Possessive Marker""}"
teop1238a-text_01_chapter_05_coconut-94,"O tope repaa asi petepete komana nao,",o	tope	re=paa	asi	pete{$\sim$}pete	komana	nao,ART2.PL	coconut.shell	CONSEC=TM3	burn	RED{$\sim$}in.addition	self	thither,"`The coconut shells then catch fire one after the other,'",text_01_chapter_05_coconut,94,teop1238,teop1238a,WORD_ALIGNED,"{""ART"": ""Article"", ""PL"": ""plural"", ""CONSEC"": ""Consecutive"", ""TM"": ""tense/modality"", ""RED"": ""reduplication""}"
teop1238a-text_01_chapter_05_coconut-95,ore suguna be asi vakavara.,o=re	suguna	be	asi	va-kavara,3.PRON=CONSEC	arrive	COMPL2	burn	ADVR-complete,`until they all burn.'\footnote{lit. `then it arrives (at the time) when (they) burn completely.'},text_01_chapter_05_coconut,95,teop1238,teop1238a,WORD_ALIGNED,"{""PRON"": ""Pronoun"", ""CONSEC"": ""Consecutive"", ""COMPL"": ""Complementizer"", ""ADVR"": ""Adverbializer""}"
teop1238a-text_01_chapter_05_coconut-96,"Meha maa vuri, eori repaa vaanoto bono suraa tope,",meha	maa	vuri	e-ori	re=paa	vaanoto	bono	suraa	tope,other2.SG	PLM	time	H-3PL.PRON	CONSEC=TM3	light	OBJ.ART3.SG	fire	coconut.shell,"`Sometimes they make a fire of coconut shells,'",text_01_chapter_05_coconut,96,teop1238,teop1238a,WORD_ALIGNED,"{""SG"": ""singular"", ""PLM"": ""Plural Marker"", ""PL"": ""plural"", ""PRON"": ""Pronoun"", ""CONSEC"": ""Consecutive"", ""TM"": ""tense/modality"", ""OBJ"": ""Object"", ""ART"": ""Article""}"
teop1238a-text_01_chapter_05_coconut-97,"be asi vakavara ge asi kavu,",be	asi	va-kavara	ge	asi	kavu,when	burn	ADVR-complete	or	burn	perish,"`and when it has burnt down or burnt to ashes,'",text_01_chapter_05_coconut,97,teop1238,teop1238a,WORD_ALIGNED,"{""ADVR"": ""Adverbializer""}"
teop1238a-text_01_chapter_05_coconut-98,eori repaa pupuhu iana toon no orana tope.,e-ori	re=paa	pupuhu	iana	toon	n=o	orana	tope,H-3PL.PRON	CONSEC=TM3	rost	fish	top	3SG.POSS=ART3.SG	charcoal	coconut.shell,`they roast fish on the charcoals of the coconut shells.',text_01_chapter_05_coconut,98,teop1238,teop1238a,WORD_ALIGNED,"{""PL"": ""plural"", ""PRON"": ""Pronoun"", ""CONSEC"": ""Consecutive"", ""TM"": ""tense/modality"", ""SG"": ""singular"", ""POSS"": ""Possessive Marker"", ""ART"": ""Article""}"
teop1238a-text_01_chapter_05_coconut-99,PIHAE,pihae,coconut.frond,`COCONUT FROND',text_01_chapter_05_coconut,99,teop1238,teop1238a,WORD_ALIGNED,{}
teop1238a-text_01_chapter_05_coconut-100,O pihae vai o pereperee na paku riori bona bero a taba.,o	pihae	vai	o	pereperee	na	paku	ri=ori	bona	bero	a	taba,ART3.SG	coconut.frond	DEM6	ART3.SG	green	TM2	make	3PL.IPFV=3PL.PRON	OBJ.ART2.SG	many	ART2.SG	thing,`The green coconut frond is used for many things.'\footnote{lit. `The ... frond they make many things.'},text_01_chapter_05_coconut,100,teop1238,teop1238a,WORD_ALIGNED,"{""ART"": ""Article"", ""SG"": ""singular"", ""DEM"": ""Demonstrative"", ""TM"": ""tense/modality"", ""PL"": ""plural"", ""IPFV"": ""Imperfective"", ""PRON"": ""Pronoun"", ""OBJ"": ""Object""}"
teop1238a-text_01_chapter_05_coconut-101,"(1) Vin rori bona bonaa, mene dee tahii,",vin	rori	bona	bonaa	mene	dee	tahii,weave	3PL.IPFV	OBJ.ART2.SG	fishing.basket	for	carry	sea,"`(1) They weave the fishing basket to carry to the sea,'",text_01_chapter_05_coconut,101,teop1238,teop1238a,WORD_ALIGNED,"{""PL"": ""plural"", ""IPFV"": ""Imperfective"", ""OBJ"": ""Object"", ""ART"": ""Article"", ""SG"": ""singular""}"
teop1238a-text_01_chapter_05_coconut-102,beori nao tea vagana tea masi tea hovuhovu iobo.,be=ori	nao	tea	vagana	te=a	masi	tea	hovu{$\sim$}hovu	iobo,when=3PL.PRON	go	COMPL1	fish	PREP=ART2.SG	reef	COMPL1	RED{$\sim$}dig.with.stick	sea.sausage,`when they go fishing on the reef to dig out sea-sausages.',text_01_chapter_05_coconut,102,teop1238,teop1238a,WORD_ALIGNED,"{""PL"": ""plural"", ""PRON"": ""Pronoun"", ""COMPL"": ""Complementizer"", ""PREP"": ""Preposition"", ""ART"": ""Article"", ""SG"": ""singular"", ""RED"": ""reduplication""}"
teop1238a-text_01_chapter_05_coconut-103,"(2) Vin rori bona hoi, mene vaobete tabaan vai a mahaka.",vin	rori	bona	hoi	mene	va-obete	tabaan	vai	a	mahaka,weave	3PL.IPFV	OBJ.ART3.PL	basket	for	CAUS-lie	food	now	ART2.SG	cooked,`(2) They weave baskets for storing cooked food.',text_01_chapter_05_coconut,103,teop1238,teop1238a,WORD_ALIGNED,"{""PL"": ""plural"", ""IPFV"": ""Imperfective"", ""OBJ"": ""Object"", ""ART"": ""Article"", ""CAUS"": ""Causative"", ""SG"": ""singular""}"
teop1238a-text_01_chapter_05_coconut-104,"Amaa meha maa hoi vateen tagihu riori mohina,",a=maa	meha	maa	hoi	vateen	tagihu	ri=ori	mohina,ART2.SG=PLM	other2.SG	PLM	basket	carry.in.backpack	go.into.the.jungle	3PL.IPFV=3PL.PRON	garden,"`Other baskets they carry in backpacks to the garden in the jungle,'",text_01_chapter_05_coconut,104,teop1238,teop1238a,WORD_ALIGNED,"{""ART"": ""Article"", ""SG"": ""singular"", ""PLM"": ""Plural Marker"", ""PL"": ""plural"", ""IPFV"": ""Imperfective"", ""PRON"": ""Pronoun""}"
teop1238a-text_01_chapter_05_coconut-105,"eori repaa vaon maa bari bona tabaan vai a peree,",e-ori	re=paa	vaon	maa	bari	bona	tabaan	vai	a	peree,H-3PL.PRON	CONSEC=TM3	load	hither	4PL.PRON	OBJ.ART2.SG	food	DEM6	ART2.SG	raw,"`then they load them with the raw food,'",text_01_chapter_05_coconut,105,teop1238,teop1238a,WORD_ALIGNED,"{""PL"": ""plural"", ""PRON"": ""Pronoun"", ""CONSEC"": ""Consecutive"", ""TM"": ""tense/modality"", ""OBJ"": ""Object"", ""ART"": ""Article"", ""SG"": ""singular"", ""DEM"": ""Demonstrative""}"
teop1238a-text_01_chapter_05_coconut-106,eori re paa vateen voosu maa bari.,e-ori	re=paa	vateen	voosu	maa	bari,H-3PL.PRON	CONSEC=TM3	carry.in.backpack	go.home	hither	4PL.PRON,`and carry them home in backpacks.',text_01_chapter_05_coconut,106,teop1238,teop1238a,WORD_ALIGNED,"{""PL"": ""plural"", ""PRON"": ""Pronoun"", ""CONSEC"": ""Consecutive"", ""TM"": ""tense/modality""}"
teop1238a-text_01_chapter_05_coconut-107,"(3) Vin rori bona petata, mene vaobete bona menaga.",vin	rori	bona	petata	mene	va-obete	bona	menaga,weave	3PL.IPFV	OBJ.ART3.PL	petata.tray	for	CAUS-lie	OBJ.ART2.SG	tapioca.dumplings,`(3) They weave the \textit{petata}-trays for putting the tapioca dumplings on it.',text_01_chapter_05_coconut,107,teop1238,teop1238a,WORD_ALIGNED,"{""PL"": ""plural"", ""IPFV"": ""Imperfective"", ""OBJ"": ""Object"", ""ART"": ""Article"", ""CAUS"": ""Causative"", ""SG"": ""singular""}"
teop1238a-text_01_chapter_05_coconut-108,Bero amaa taba to vin riori bono pihae vai o pereperee.,bero	a=maa	taba	to	vin	ri=ori	bono	pihae	vai	o	pereperee,many	ART2.SG=PLM	thing	REL	weave	3PL.IPFV=3PL.PRON	OBJ.ART3.SG	coconut.frond	DEM6	ART3.SG	green,`Many things are woven from the green coconut frond.',text_01_chapter_05_coconut,108,teop1238,teop1238a,WORD_ALIGNED,"{""ART"": ""Article"", ""SG"": ""singular"", ""PLM"": ""Plural Marker"", ""REL"": ""Relative"", ""PL"": ""plural"", ""IPFV"": ""Imperfective"", ""PRON"": ""Pronoun"", ""OBJ"": ""Object"", ""DEM"": ""Demonstrative""}"
teop1238a-text_01_chapter_05_coconut-109,"O sinoo no pihae vai o perepereee na gono riori,",o	sinoo	n=o	pihae	vai	o	perepereee	na	gono	ri=ori,ART3.SG	bone	3SG.POSS=ART3.SG	coconut.frond	DEM6	ART3.SG	green	TM2	get	3PL.IPFV=3PL.PRON,`They get the green stalk of the coconut frond.',text_01_chapter_05_coconut,109,teop1238,teop1238a,WORD_ALIGNED,"{""ART"": ""Article"", ""SG"": ""singular"", ""POSS"": ""Possessive Marker"", ""DEM"": ""Demonstrative"", ""TM"": ""tense/modality"", ""PL"": ""plural"", ""IPFV"": ""Imperfective"", ""PRON"": ""Pronoun""}"
teop1238a-text_01_chapter_05_coconut-110,eori repaa kahu bono sikiri mene paku bono veveo.,e-ori	re=paa	kahu	bono	sikiri	mene	paku	bono	veveo,H-3PL.PRON	CONSEC=TM3	scrape	OBJ.ART3.SG	midrib.of.leaves	for	make	OBJ.ART3.SG	broom,`and then they scrape the midribs of the leaves to make the broom.',text_01_chapter_05_coconut,110,teop1238,teop1238a,WORD_ALIGNED,"{""PL"": ""plural"", ""PRON"": ""Pronoun"", ""CONSEC"": ""Consecutive"", ""TM"": ""tense/modality"", ""OBJ"": ""Object"", ""ART"": ""Article"", ""SG"": ""singular""}"
teop1238a-text_01_chapter_05_coconut-111,O veveo na veveo riori bona maa nou vaa burihina ae komana maa inu.,o	veveo	na	veveo	ri=ori	bona	maa	nou	vaa	burihina	ae	koma-n=a	maa	inu,ART3.SG	broom	TM2	sweep	3PL.IPFV=3PL.PRON	OBJ.ART2.SG	PLM	rubbish	LNK	back	and1	inside-3SG.POSS=ART2.SG	PLM	house,`With the broom they sweep the rubbish in the backyard and inside the houses.',text_01_chapter_05_coconut,111,teop1238,teop1238a,WORD_ALIGNED,"{""ART"": ""Article"", ""SG"": ""singular"", ""TM"": ""tense/modality"", ""PL"": ""plural"", ""IPFV"": ""Imperfective"", ""PRON"": ""Pronoun"", ""OBJ"": ""Object"", ""PLM"": ""Plural Marker"", ""LNK"": ""Linker"", ""POSS"": ""Possessive Marker""}"
teop1238a-text_01_chapter_05_coconut-112,"Beo pihae mahaka teo overe,",be=o	pihae	mahaka	te=o	overe,when=ART3.SG	coconut.frond	dry	PREP=ART3.SG	coconut.palm,"`When the coconut frond has dried up on the coconut palm,'",text_01_chapter_05_coconut,112,teop1238,teop1238a,WORD_ALIGNED,"{""ART"": ""Article"", ""SG"": ""singular"", ""PREP"": ""Preposition""}"
teop1238a-text_01_chapter_05_coconut-113,"o pagara repaa takapa kahi bono rom,",o	pagara	re=paa	ta-kapa	kahi	bono	rom,ART3.SG	footstalk	CONSEC=TM3	ACAUS-remove	from	OBJ.ART3.SG	stem,"`the footstalk comes off the stem,'",text_01_chapter_05_coconut,113,teop1238,teop1238a,WORD_ALIGNED,"{""ART"": ""Article"", ""SG"": ""singular"", ""CONSEC"": ""Consecutive"", ""TM"": ""tense/modality"", ""ACAUS"": ""Anticausative"", ""OBJ"": ""Object""}"
teop1238a-text_01_chapter_05_coconut-114,o pihae repaa kuu vo teo kasuana.,o	pihae	re=paa	kuu	vo	te=o	kasuana,ART3.SG	coconut.frond	CONSEC=TM3	fall	GOAL	PREP=ART3.SG	ground,`and the coconut frond falls down to the ground.',text_01_chapter_05_coconut,114,teop1238,teop1238a,WORD_ALIGNED,"{""ART"": ""Article"", ""SG"": ""singular"", ""CONSEC"": ""Consecutive"", ""TM"": ""tense/modality"", ""GOAL"": ""goal"", ""PREP"": ""Preposition""}"
teop1238a-text_01_chapter_05_coconut-115,"O pihae vai o mahaka na rava riori bene guu,",o	pihae	vai	o	mahaka	na	rava	ri=ori	bene	guu,ART3.SG	coconut.frond	DEM6	ART3.SG	dry	TM2	singe	3PL.IPFV=3PL.PRON	OBJ.ART1.SG	pig,"`The dry coconut frond is used for singeing the pig,'",text_01_chapter_05_coconut,115,teop1238,teop1238a,WORD_ALIGNED,"{""ART"": ""Article"", ""SG"": ""singular"", ""DEM"": ""Demonstrative"", ""TM"": ""tense/modality"", ""PL"": ""plural"", ""IPFV"": ""Imperfective"", ""PRON"": ""Pronoun"", ""OBJ"": ""Object""}"
teop1238a-text_01_chapter_05_coconut-116,beori mei rori bari tea kaku.,be=ori	mei	rori	bari	tea	kaku,when=3PL.PRON	do.not.yet	3PL.IPFV	4PL.PRON	COMPL1	butcher,`before they butcher it.',text_01_chapter_05_coconut,116,teop1238,teop1238a,WORD_ALIGNED,"{""PL"": ""plural"", ""PRON"": ""Pronoun"", ""IPFV"": ""Imperfective"", ""COMPL"": ""Complementizer""}"
teop1238a-text_01_chapter_05_coconut-117,"O pagara no overe, ae o nanisi na vaanoto suraa pete ni riori.",o	pagara	n=o	overe	ae	o	nanisi	na	vaanoto	suraa	pete	ni	ri=ori,ART3.SG	footstalk	3SG.POSS=ART3.SG	coconut.palm	and1	ART3.SG	panicle	TM2	light	fire	also	APPL	3PL.IPFV=3PL.PRON,`The footstalk of the coconut palm and the panicle is also used for lighting fires.',text_01_chapter_05_coconut,117,teop1238,teop1238a,WORD_ALIGNED,"{""ART"": ""Article"", ""SG"": ""singular"", ""POSS"": ""Possessive Marker"", ""TM"": ""tense/modality"", ""APPL"": ""Applicative Particle"", ""PL"": ""plural"", ""IPFV"": ""Imperfective"", ""PRON"": ""Pronoun""}"
teop1238a-text_01_chapter_05_coconut-118,PESUPAAVA,pesupaava,fibrous.husk,`THE FIBROUS HUSK',text_01_chapter_05_coconut,118,teop1238,teop1238a,WORD_ALIGNED,{}
teop1238a-text_01_chapter_05_coconut-119,O pesupaava mee na vaanoto suraa ni riori.,o	pesupaava	mee	na	vaanoto	suraa	ni	ri=ori,ART3.SG	fibrous.husk	also	TM2	light	fire	APPL	3PL.IPFV=3PL.PRON,`The fibrous husk is also used for lighting fires.',text_01_chapter_05_coconut,119,teop1238,teop1238a,WORD_ALIGNED,"{""ART"": ""Article"", ""SG"": ""singular"", ""TM"": ""tense/modality"", ""APPL"": ""Applicative Particle"", ""PL"": ""plural"", ""IPFV"": ""Imperfective"", ""PRON"": ""Pronoun""}"
teop1238a-text_01_chapter_05_coconut-120,"Meha maa vuri, eori repaa paku bari bona kanono.",meha	maa	vuri	e-ori	re=paa	paku	bari	bona	kanono,other2.SG	PLM	time	H-3PL.PRON	CONSEC=TM3	make	4PL.PRON	OBJ.ART2.SG	string,`Sometimes they make a string from it.',text_01_chapter_05_coconut,120,teop1238,teop1238a,WORD_ALIGNED,"{""SG"": ""singular"", ""PLM"": ""Plural Marker"", ""PL"": ""plural"", ""PRON"": ""Pronoun"", ""CONSEC"": ""Consecutive"", ""TM"": ""tense/modality"", ""OBJ"": ""Object"", ""ART"": ""Article""}"
teop1238a-text_01_chapter_05_coconut-121,"Sirisiri varutarutaa riori,",siri{$\sim$}siri	va-ruta{$\sim$}rutaa	ri=ori,RED{$\sim$}tear.off	CAUS-RED{$\sim$}small	3PL.IPFV=3PL.PRON,`They tear it into small pieces',text_01_chapter_05_coconut,121,teop1238,teop1238a,WORD_ALIGNED,"{""RED"": ""reduplication"", ""CAUS"": ""Causative"", ""PL"": ""plural"", ""IPFV"": ""Imperfective"", ""PRON"": ""Pronoun""}"
teop1238a-text_01_chapter_05_coconut-122,eori repaa taneo tea vinugu bari.,e-ori	re=paa	taneo	tea	vinugu	bari,H-3PL.PRON	CONSEC=TM3	start	COMPL1	twist.a.string	4PL.PRON,`then they start twisting a string from them (the fibres of the husk).',text_01_chapter_05_coconut,122,teop1238,teop1238a,WORD_ALIGNED,"{""PL"": ""plural"", ""PRON"": ""Pronoun"", ""CONSEC"": ""Consecutive"", ""TM"": ""tense/modality"", ""COMPL"": ""Complementizer""}"
teop1238a-text_01_chapter_05_coconut-123,VAANOMO,vaanomo,coconut.oil,`COCONUT OIL',text_01_chapter_05_coconut,123,teop1238,teop1238a,WORD_ALIGNED,{}
teop1238a-text_01_chapter_05_coconut-124,"Beara tau paku o vaanomo, eara na nao rara tea hovu overe.",be=ara	tau	paku	o	vaanomo	e-ara	na	nao	rara	tea	hovu	overe,when=1PL.IN.PRON	TM5	make	ART3.SG	oil	H-1PL.IN.PRON	TM2	go	1PL.IN.IPFV	COMPL1	husk	coconut,"`When we are about to make oil, we go and husk coconuts.'",text_01_chapter_05_coconut,124,teop1238,teop1238a,WORD_ALIGNED,"{""PL"": ""plural"", ""IN"": ""inclusive"", ""PRON"": ""Pronoun"", ""TM"": ""tense/modality"", ""ART"": ""Article"", ""SG"": ""singular"", ""IPFV"": ""Imperfective"", ""COMPL"": ""Complementizer""}"
teop1238a-text_01_chapter_05_coconut-125,"Beara rake o vaanomo vai o beera, eara repaa hovu amaa buaku saavun ge kukan saavun overe.",be=ara	rake	o	vaanomo	vai	o	beera	e-ara	re=paa	hovu	a=maa	buaku	saavun	ge	kukan	saavun	overe,when=1PL.IN.PRON	want	ART3.SG	oil	DEM6	ART3.SG	big	H-1PL.IN.PRON	CONSEC=TM3	husk	ART2.SG=PLM	two	ten	or	three	ten	coconut,"`When we want a lot of oil, we husk twenty or thirty coconuts.'",text_01_chapter_05_coconut,125,teop1238,teop1238a,WORD_ALIGNED,"{""PL"": ""plural"", ""IN"": ""inclusive"", ""PRON"": ""Pronoun"", ""ART"": ""Article"", ""SG"": ""singular"", ""DEM"": ""Demonstrative"", ""CONSEC"": ""Consecutive"", ""TM"": ""tense/modality"", ""PLM"": ""Plural Marker""}"
teop1238a-text_01_chapter_05_coconut-126,"Beara hovu vakavara amaa overe, eara repaa taneo tea kuhi overe.",be=ara	hovu	va-kavara	a=maa	overe	e-ara	re=paa	taneo	tea	kuhi	overe,when=1PL.IN.PRON	husk	ADVR-complete	ART2.SG=PLM	coconut	H-1PL.IN.PRON	CONSEC=TM3	start	COMPL1	grate	coconut,"`When we have finished husking the coconuts, we start grating coconuts.'",text_01_chapter_05_coconut,126,teop1238,teop1238a,WORD_ALIGNED,"{""PL"": ""plural"", ""IN"": ""inclusive"", ""PRON"": ""Pronoun"", ""ADVR"": ""Adverbializer"", ""ART"": ""Article"", ""SG"": ""singular"", ""PLM"": ""Plural Marker"", ""CONSEC"": ""Consecutive"", ""TM"": ""tense/modality"", ""COMPL"": ""Complementizer""}"
teop1238a-text_01_chapter_05_coconut-127,Murinae eara repaa posi overe vo tea nahu.,muri-nae	e-ara	re=paa	posi	overe	vo	te=a	nahu,after-3SG.POSS.PRON	H-1PL.IN.PRON	CONSEC=TM3	squeeze	coconut	GOAL	PREP=ART2.SG	pot,`After that we squeeze the (grated) coconut (so that the liquid flows) into a pot.',text_01_chapter_05_coconut,127,teop1238,teop1238a,WORD_ALIGNED,"{""SG"": ""singular"", ""POSS"": ""Possessive Marker"", ""PRON"": ""Pronoun"", ""PL"": ""plural"", ""IN"": ""inclusive"", ""CONSEC"": ""Consecutive"", ""TM"": ""tense/modality"", ""GOAL"": ""goal"", ""PREP"": ""Preposition"", ""ART"": ""Article""}"
teop1238a-text_01_chapter_05_coconut-128,"Beara posi vakavara a overe, eara repaa koma hopo nio sii hum ruene tea nahu.",be=ara	posi	va-kavara	a	overe	e-ara	re=paa	koma	hopo	ni=o	sii	hum	ruene	te=a	nahu,when=1PL.IN.PRON	squeeze	ADVR-complete	ART2.SG	coconut	H-1PL.IN.PRON	CONSEC=TM3	pour	enter	APPL=ART3.SG	DIM	portion	water	PREP=ART2.SG	pot,"`When we have finished squeezing the coconut, we pour a little water into the pot.'",text_01_chapter_05_coconut,128,teop1238,teop1238a,WORD_ALIGNED,"{""PL"": ""plural"", ""IN"": ""inclusive"", ""PRON"": ""Pronoun"", ""ADVR"": ""Adverbializer"", ""ART"": ""Article"", ""SG"": ""singular"", ""CONSEC"": ""Consecutive"", ""TM"": ""tense/modality"", ""APPL"": ""Applicative Particle"", ""DIM"": ""Diminutive"", ""PREP"": ""Preposition""}"
teop1238a-text_01_chapter_05_coconut-129,Eara repaa vahio a nahu teo suraa.,e-ara	re=paa	va-hio	a	nahu	te=o	suraa,H-1PL.IN.PRON	CONSEC=TM3	CAUS-sit	ART2.SG	pot	PREP=ART3.SG	fire,`Then we set the pot onto the fire.',text_01_chapter_05_coconut,129,teop1238,teop1238a,WORD_ALIGNED,"{""PL"": ""plural"", ""IN"": ""inclusive"", ""PRON"": ""Pronoun"", ""CONSEC"": ""Consecutive"", ""TM"": ""tense/modality"", ""CAUS"": ""Causative"", ""ART"": ""Article"", ""SG"": ""singular"", ""PREP"": ""Preposition""}"
teop1238a-text_01_chapter_05_coconut-130,"Be gonono, eara paa gono a sipuni, eara paa verete bata rara a overe.",be	gonono	e-ara	paa	gono	a	sipuni	e-ara	paa	verete	bata	rara	a	overe,when	boil	H-1PL.IN.PRON	TM3	get	ART2.SG	spoon	H-1PL.IN.PRON	TM3	stir	CONT	1PL.IN.IPFV	ART2.SG	coconut,"`When it is boiling, we get a spoon and then keep stirring the coconut (liquid).'",text_01_chapter_05_coconut,130,teop1238,teop1238a,WORD_ALIGNED,"{""PL"": ""plural"", ""IN"": ""inclusive"", ""PRON"": ""Pronoun"", ""TM"": ""tense/modality"", ""ART"": ""Article"", ""SG"": ""singular"", ""CONT"": ""Continuity"", ""IPFV"": ""Imperfective""}"
teop1238a-text_01_chapter_05_coconut-131,"Beara sa verete bata haara a overe, o konoboo repaa asi.",be=ara	sa	verete	bata	haa=ra	a	overe	o	konoboo	re=paa	asi,when=1PL.IN.PRON	NEG1	stir	CONT	NEG2=1PL.IN.IPFV	ART2.SG	coconut	ART3.SG	coconut.milk	CONSEC=TM3	burn,"`If we did not keep stirring the coconut (liquid), the coconut milk would burn.'",text_01_chapter_05_coconut,131,teop1238,teop1238a,WORD_ALIGNED,"{""PL"": ""plural"", ""IN"": ""inclusive"", ""PRON"": ""Pronoun"", ""NEG"": ""Negative"", ""CONT"": ""Continuity"", ""IPFV"": ""Imperfective"", ""ART"": ""Article"", ""SG"": ""singular"", ""CONSEC"": ""Consecutive"", ""TM"": ""tense/modality""}"
teop1238a-text_01_chapter_05_coconut-132,"Beara tara bea rikisi tavusu, o vaanomo repaa agaa vaavaha bata.",be=ara	tara	be=a	rikisi	tavusu	o	vaanomo	re=paa	agaa	vaavaha	bata,when=1PL.IN.PRON	see	COMPL2=ART2.SG	cream	come.out	ART3.SG	oil	CONSEC=TM3	float	separate	CONT,"`When we see that the cream comes out, then the oil floats separately.'",text_01_chapter_05_coconut,132,teop1238,teop1238a,WORD_ALIGNED,"{""PL"": ""plural"", ""IN"": ""inclusive"", ""PRON"": ""Pronoun"", ""COMPL"": ""Complementizer"", ""ART"": ""Article"", ""SG"": ""singular"", ""CONSEC"": ""Consecutive"", ""TM"": ""tense/modality"", ""CONT"": ""Continuity""}"
teop1238a-text_01_chapter_05_coconut-133,Ean repaa vaarutaa bata o suraa.,e-an	re=paa	vaa-rutaa	bata	o	suraa,H-2SG.PRON	CONSEC=TM3	CAUS-small	CONT	ART3.SG	fire,`And you make the fire smaller.',text_01_chapter_05_coconut,133,teop1238,teop1238a,WORD_ALIGNED,"{""SG"": ""singular"", ""PRON"": ""Pronoun"", ""CONSEC"": ""Consecutive"", ""TM"": ""tense/modality"", ""CAUS"": ""Causative"", ""CONT"": ""Continuity"", ""ART"": ""Article""}"
teop1238a-text_01_chapter_05_coconut-134,Bean tara beo vaanomo tean maraa,be=an	tara	be=o	vaanomo	te=an	maraa,when=2SG.PRON	see	COMPL2=ART3.SG	oil	PREP=2SG.PRON	clear,"`When you see that your oil is clear,'",text_01_chapter_05_coconut,134,teop1238,teop1238a,WORD_ALIGNED,"{""SG"": ""singular"", ""PRON"": ""Pronoun"", ""COMPL"": ""Complementizer"", ""ART"": ""Article"", ""PREP"": ""Preposition""}"
teop1238a-text_01_chapter_05_coconut-135,ean repaa kae kahi e bono suraa.,e-an	re=paa	kae	kahi	e	bono	suraa,H-2SG.PRON	CONSEC=TM3	lift	from	3SG.PRON	OBJ.ART3.SG	fire,`you lift it (the pot) from the fire.',text_01_chapter_05_coconut,135,teop1238,teop1238a,WORD_ALIGNED,"{""SG"": ""singular"", ""PRON"": ""Pronoun"", ""CONSEC"": ""Consecutive"", ""TM"": ""tense/modality"", ""OBJ"": ""Object"", ""ART"": ""Article""}"
teop1238a-text_01_chapter_05_coconut-136,"Beo vaanomo kunio, ean repaa isuvu e tea botori tean.",be=o	vaanomo	kunio	e-an	re=paa	isuvu	e	te=a	botori	te=an,when=ART3.SG	oil	cold	H-2SG.PRON	CONSEC=TM3	fill.liquid	3SG.PRON	PREP=ART2.SG	bottle	PREP=2SG.PRON,"`When the oil is cold, you fill it into your bottle.'",text_01_chapter_05_coconut,136,teop1238,teop1238a,WORD_ALIGNED,"{""ART"": ""Article"", ""SG"": ""singular"", ""PRON"": ""Pronoun"", ""CONSEC"": ""Consecutive"", ""TM"": ""tense/modality"", ""PREP"": ""Preposition""}"
teop1238a-text_01_chapter_05_coconut-137,"Ean paa vaauhu nie,",e-an	paa	vaa-uhu	ni=e,H-2SG.PRON	TM3	CAUS-paint	APPL=3SG.PRON,"`You rub it onto your skin,'",text_01_chapter_05_coconut,137,teop1238,teop1238a,WORD_ALIGNED,"{""SG"": ""singular"", ""PRON"": ""Pronoun"", ""TM"": ""tense/modality"", ""CAUS"": ""Causative"", ""APPL"": ""Applicative Particle""}"
teop1238a-text_01_chapter_05_coconut-138,a suinman re vakasi oha.,a	suin-man	re	vakasi	oha,ART2.SG	skin-2SG.POSS.PRON	CONSEC	shine	all.over,`so that your skin shines all over.',text_01_chapter_05_coconut,138,teop1238,teop1238a,WORD_ALIGNED,"{""ART"": ""Article"", ""SG"": ""singular"", ""POSS"": ""Possessive Marker"", ""PRON"": ""Pronoun"", ""CONSEC"": ""Consecutive""}"
teop1238a-text_01_chapter_05_coconut-139,"Bean rake o vaanomo tean re avuhu mataa,",be=an	rake	o	vaanomo	te=an	re	avuhu	mataa,when=2SG.PRON	want	ART3.SG	oil	PREP=2SG.PRON	CONSEC	smell	good,"`If you want your oil to smell good,'",text_01_chapter_05_coconut,139,teop1238,teop1238a,WORD_ALIGNED,"{""SG"": ""singular"", ""PRON"": ""Pronoun"", ""ART"": ""Article"", ""PREP"": ""Preposition"", ""CONSEC"": ""Consecutive""}"
teop1238a-text_01_chapter_05_coconut-140,ean paa osi maa o purupuru no naono to dao riori bono binaa.,e-an	paa	osi	maa	o	purupuru	n=o	naono	to	dao	ri=ori	bono	binaa,H-2SG.PRON	TM3	pick	hither	ART2.PL	flower	3SG.POSS=ART3.SG	tree	REL	call	3PL.IPFV=3PL.PRON	OBJ.ART3.SG	ylang.ylang,`you pick the flowers of a tree that is called \textit{ylang-ylang}.',text_01_chapter_05_coconut,140,teop1238,teop1238a,WORD_ALIGNED,"{""SG"": ""singular"", ""PRON"": ""Pronoun"", ""TM"": ""tense/modality"", ""ART"": ""Article"", ""PL"": ""plural"", ""POSS"": ""Possessive Marker"", ""REL"": ""Relative"", ""IPFV"": ""Imperfective"", ""OBJ"": ""Object""}"
teop1238a-text_01_chapter_05_coconut-141,Ean paa varoava e.,e-an	paa	va-roava	e,H-2SG.PRON	TM3	CAUS-in.the.sun	3SG.PRON,`Then you put them in the sun.',text_01_chapter_05_coconut,141,teop1238,teop1238a,WORD_ALIGNED,"{""SG"": ""singular"", ""PRON"": ""Pronoun"", ""TM"": ""tense/modality"", ""CAUS"": ""Causative""}"
teop1238a-text_01_chapter_05_coconut-142,"Be mahaka, ore paa avuavuhu.",be	mahaka	o=re	paa	avu{$\sim$}avuhu,when	dry	3.PRON=CONSEC	TM3	RED{$\sim$}smell,"`When they are dry, they smell.'",text_01_chapter_05_coconut,142,teop1238,teop1238a,WORD_ALIGNED,"{""PRON"": ""Pronoun"", ""CONSEC"": ""Consecutive"", ""TM"": ""tense/modality"", ""RED"": ""reduplication""}"
teop1238a-text_01_chapter_05_coconut-143,"Bean nahu o vaanomo tean, ean paa vaobete hopo nao o vua binaa teo vaanomo be gonono nana.",be=an	nahu	o	vaanomo	te=an	e-an	paa	va-obete	hopo	nao	o	purupuru	n=o	binaa	te=o	vaanomo	be	gonono	nana,when=2SG.PRON	cook	ART3.SG	oil	PREP=2SG.PRON	H-2SG.PRON	TM3	CAUS-lie	enter	thither	ART2.PL	flower	3SG.POSS=ART3.SG	ylang.ylang	PREP=ART3.SG	oil	when	boil	3SG.IPFV,"`When you cook your oil, you put the flowers of the \textit{ylang-ylang} into the oil, when it is boiling.'",text_01_chapter_05_coconut,143,teop1238,teop1238a,WORD_ALIGNED,"{""SG"": ""singular"", ""PRON"": ""Pronoun"", ""ART"": ""Article"", ""PREP"": ""Preposition"", ""TM"": ""tense/modality"", ""CAUS"": ""Causative"", ""PL"": ""plural"", ""POSS"": ""Possessive Marker"", ""IPFV"": ""Imperfective""}"
teop1238a-text_01_chapter_05_coconut-144,Meha papana na vaatei rori bona paka sukuita.,meha	papana	na	vaa-tei	rori	bona	paka	sukuita,other2.SG	group	TM2	CAUS-be.there	3PL.IPFV	OBJ.ART3.PL	leaf	sukuita,`Other people put \textit{sukuita} leaves (into the oil).',text_01_chapter_05_coconut,144,teop1238,teop1238a,WORD_ALIGNED,"{""SG"": ""singular"", ""TM"": ""tense/modality"", ""CAUS"": ""Causative"", ""PL"": ""plural"", ""IPFV"": ""Imperfective"", ""OBJ"": ""Object"", ""ART"": ""Article""}"
teop1238a-text_01_chapter_05_coconut-145,Tei nana tea peepeha aba,tei	nana	te=a	pee{$\sim$}peha	aba,be.there	3SG.IPFV	PREP=ART2.SG	RED{$\sim$}one	person,`It is up to everybody',text_01_chapter_05_coconut,145,teop1238,teop1238a,WORD_ALIGNED,"{""SG"": ""singular"", ""IPFV"": ""Imperfective"", ""PREP"": ""Preposition"", ""ART"": ""Article"", ""RED"": ""reduplication""}"
teop1238a-text_01_chapter_05_coconut-146,"tea viana bona paka naono tabae toro vaobete eve teo vaanomo,",tea	viana	bona	paka	naono	tabae	toro	va-obete	eve	te=o	vaanomo,COMPL1	select	OBJ.ART3.PL	leaf	plant	what	TM7	CAUS-lie	3SG.PRON	PREP=ART3.SG	oil,"`to select whatever leaves he or she must put into the oil,'\footnote{lit. `to select the tree leaves what(ever) he/she must put into the oil.'}",text_01_chapter_05_coconut,146,teop1238,teop1238a,WORD_ALIGNED,"{""COMPL"": ""Complementizer"", ""OBJ"": ""Object"", ""ART"": ""Article"", ""PL"": ""plural"", ""TM"": ""tense/modality"", ""CAUS"": ""Causative"", ""SG"": ""singular"", ""PRON"": ""Pronoun"", ""PREP"": ""Preposition""}"
teop1238a-text_01_chapter_05_coconut-147,o vaanomo re avuhu mataa,o	vaanomo	re	avuhu	mataa,ART3.SG	oil	CONSEC	smell	good,`so that the oil smells good.',text_01_chapter_05_coconut,147,teop1238,teop1238a,WORD_ALIGNED,"{""ART"": ""Article"", ""SG"": ""singular"", ""CONSEC"": ""Consecutive""}"
teop1238a-text_01_chapter_05_coconut-148,Eori he toro vaobete vai koa bari teo vuri nahu.,e-ori	he	toro	va-obete	vai	koa	bari	te=o	vuri	nahu,H-3PL.PRON	ADVERS	TM7	CAUS-lie	now	only	4PL.PRON	PREP=ART3.SG	time	cook,`But they must put them only into the oil when they cook them.'\footnote{lit. `at the time (of) cook(ing).'},text_01_chapter_05_coconut,148,teop1238,teop1238a,WORD_ALIGNED,"{""PL"": ""plural"", ""PRON"": ""Pronoun"", ""ADVERS"": ""Adversative Conjunction"", ""TM"": ""tense/modality"", ""CAUS"": ""Causative"", ""PREP"": ""Preposition"", ""ART"": ""Article"", ""SG"": ""singular""}"
teop1238a-text_01_chapter_05_coconut-149,KAVURAA,kavuraa,copra,`COPRA',text_01_chapter_05_coconut,149,teop1238,teop1238a,WORD_ALIGNED,{}
teop1238a-text_01_chapter_05_coconut-150,"Beara tau paku a kavuraa,",be=ara	tau	paku	a	kavuraa,when=1PL.IN.PRON	TM5	make	ART2.SG	copra,"`When we are about to make copra,'",text_01_chapter_05_coconut,150,teop1238,teop1238a,WORD_ALIGNED,"{""PL"": ""plural"", ""IN"": ""inclusive"", ""PRON"": ""Pronoun"", ""TM"": ""tense/modality"", ""ART"": ""Article"", ""SG"": ""singular""}"
teop1238a-text_01_chapter_05_coconut-151,"taba momohu toro paku raara,",taba	momohu	toro	paku	ra=ara,thing	first	TM7	do	1PL.IN.IPFV=1PL.IN.PRON,"`the first thing we must do,'",text_01_chapter_05_coconut,151,teop1238,teop1238a,WORD_ALIGNED,"{""TM"": ""tense/modality"", ""PL"": ""plural"", ""IN"": ""inclusive"", ""IPFV"": ""Imperfective"", ""PRON"": ""Pronoun""}"
teop1238a-text_01_chapter_05_coconut-152,eara toro rapisi roho a garasi vaa komana overe.,e-ara	toro	rapisi	roho	a	garasi	vaa	koma-n=a	overe,H-1PL.IN.PRON	TM7	cut.grass.with.bushknife	before	ART2.SG	grass	LNK	inside-3SG.POSS=ART2.SG	coconut.plantation,`we must cut the grass in the coconut plantation.',text_01_chapter_05_coconut,152,teop1238,teop1238a,WORD_ALIGNED,"{""PL"": ""plural"", ""IN"": ""inclusive"", ""PRON"": ""Pronoun"", ""TM"": ""tense/modality"", ""ART"": ""Article"", ""SG"": ""singular"", ""LNK"": ""Linker"", ""POSS"": ""Possessive Marker""}"
teop1238a-text_01_chapter_05_coconut-153,Eara repaa taneo tea unuunu overe.,e-ara	re=paa	taneo	tea	unuunu	overe,H-1PL.IN.PRON	CONSEC=TM3	start	COMPL1	collect	coconut,`Then we start collecting coconuts.',text_01_chapter_05_coconut,153,teop1238,teop1238a,WORD_ALIGNED,"{""PL"": ""plural"", ""IN"": ""inclusive"", ""PRON"": ""Pronoun"", ""CONSEC"": ""Consecutive"", ""TM"": ""tense/modality"", ""COMPL"": ""Complementizer""}"
teop1238a-text_01_chapter_05_coconut-154,"Bean unuunu vakavara a overe, ean repaa taneo tea hovu.",be=an	unuunu	va-kavara	a	overe	e-an	re=paa	taneo	tea	hovu,when=2SG.PRON	collect	ADVR-complete	ART2.SG	coconut	H-2SG.PRON	CONSEC=TM3	start	COMPL1	husk,"`When you have finished collecting the coconuts, you start husking them.'\footnote{lit. `When you have completely collected the coconut, you start husking.'}",text_01_chapter_05_coconut,154,teop1238,teop1238a,WORD_ALIGNED,"{""SG"": ""singular"", ""PRON"": ""Pronoun"", ""ADVR"": ""Adverbializer"", ""ART"": ""Article"", ""CONSEC"": ""Consecutive"", ""TM"": ""tense/modality"", ""COMPL"": ""Complementizer""}"
teop1238a-text_01_chapter_05_coconut-155,"Bean hovu vakavara, ean re paa taneo tea booboha.",be=an	hovu	va-kavara	e-an	re=paa	taneo	tea	booboha,when=2SG.PRON	husk	ADVR-complete	H-2SG.PRON	CONSEC=TM3	start	COMPL1	break,"`When you have finished husking (them), you start breaking (them).'",text_01_chapter_05_coconut,155,teop1238,teop1238a,WORD_ALIGNED,"{""SG"": ""singular"", ""PRON"": ""Pronoun"", ""ADVR"": ""Adverbializer"", ""CONSEC"": ""Consecutive"", ""TM"": ""tense/modality"", ""COMPL"": ""Complementizer""}"
teop1238a-text_01_chapter_05_coconut-156,"Bean booboha vakavara, ean repaa deedee a overe to paa booboha vuan vo inu vaamahaka kavuraa.",be=an	booboha	va-kavara	e-an	re=paa	dee{$\sim$}dee	a	overe	to	paa	booboha	vu=an	vo	inu	vaa-mahaka	kavuraa,when=2SG.PRON	break	ADVR-complete	H-2SG.PRON	CONSEC=TM3	RED{$\sim$}carry	ART2.SG	coconut	REL	TM3	break	PFV=2SG.PRON	GOAL	house	CAUS-dry	copra,"`When you have finished breaking (them), you carry the coconuts that you have broken to the copra drying house.'",text_01_chapter_05_coconut,156,teop1238,teop1238a,WORD_ALIGNED,"{""SG"": ""singular"", ""PRON"": ""Pronoun"", ""ADVR"": ""Adverbializer"", ""CONSEC"": ""Consecutive"", ""TM"": ""tense/modality"", ""RED"": ""reduplication"", ""ART"": ""Article"", ""REL"": ""Relative"", ""PFV"": ""Perfective"", ""GOAL"": ""goal"", ""CAUS"": ""Causative""}"
teop1238a-text_01_chapter_05_coconut-157,"Be kavara a deedee overe, ean repaa tasu hiava nie tea sibono.",be	kavara	a	dee{$\sim$}dee	overe	e-an	re=paa	tasu	hiava	ni=e	te=a	sibono,when	complete	ART2.SG	RED{$\sim$}carry	coconut	H-2SG.PRON	CONSEC=TM3	throw	go.up	APPL=3SG.PRON	PREP=ART2.SG	roast,"`When all the coconuts have been carried there, you throw them up onto the roast.'\footnote{lit. `When complete the coconut carrying.'}",text_01_chapter_05_coconut,157,teop1238,teop1238a,WORD_ALIGNED,"{""ART"": ""Article"", ""SG"": ""singular"", ""RED"": ""reduplication"", ""PRON"": ""Pronoun"", ""CONSEC"": ""Consecutive"", ""TM"": ""tense/modality"", ""APPL"": ""Applicative Particle"", ""PREP"": ""Preposition""}"
teop1238a-text_01_chapter_05_coconut-158,"Bean tasu hiava vakavara nia overe tea sibono,",be=an	tasu	hiava	va-kavara	ni=a	overe	te=a	sibono,when=2SG.PRON	throw	go.up	ADVR-complete	APPL=ART2.SG	coconut	PREP=ART2.SG	roast,"`When you have finished throwing the coconuts onto the roast,'",text_01_chapter_05_coconut,158,teop1238,teop1238a,WORD_ALIGNED,"{""SG"": ""singular"", ""PRON"": ""Pronoun"", ""ADVR"": ""Adverbializer"", ""APPL"": ""Applicative Particle"", ""ART"": ""Article"", ""PREP"": ""Preposition""}"
teop1238a-text_01_chapter_05_coconut-159,ean repaa taneo tea vaakopo.,e-an	re=paa	taneo	tea	vaa-kopo,H-2SG.PRON	CONSEC=TM3	start	COMPL1	CAUS-lie.flat,`you start arranging (them) upside down on the roast.',text_01_chapter_05_coconut,159,teop1238,teop1238a,WORD_ALIGNED,"{""SG"": ""singular"", ""PRON"": ""Pronoun"", ""CONSEC"": ""Consecutive"", ""TM"": ""tense/modality"", ""COMPL"": ""Complementizer"", ""CAUS"": ""Causative""}"
teop1238a-text_01_chapter_05_coconut-160,"Bean vaakopo vakavara a overe tea sibono,",be=an	vaa-kopo	va-kavara	a	overe	te=a	sibono,when=2SG.PRON	CAUS-lie.flat	ADVR-complete	ART2.SG	coconut	PREP=ART2.SG	roast,"`When you have finished arranging the coconuts on the roast,'\footnote{lit. `the coconut'}",text_01_chapter_05_coconut,160,teop1238,teop1238a,WORD_ALIGNED,"{""SG"": ""singular"", ""PRON"": ""Pronoun"", ""CAUS"": ""Causative"", ""ADVR"": ""Adverbializer"", ""ART"": ""Article"", ""PREP"": ""Preposition""}"
teop1238a-text_01_chapter_05_coconut-161,ean repaa taneo tea vararana tope paana sibono kavuraa.,e-an	re=paa	taneo	tea	vararana	tope	paa-n=a	sibono	kavuraa,H-2SG.PRON	CONSEC=TM3	start	COMPL1	place.in.rows	coconut.shell	under-3SG.POSS=ART2.SG	roast	copra,`you start placing coconut shells in rows underneath the copra roast.',text_01_chapter_05_coconut,161,teop1238,teop1238a,WORD_ALIGNED,"{""SG"": ""singular"", ""PRON"": ""Pronoun"", ""CONSEC"": ""Consecutive"", ""TM"": ""tense/modality"", ""COMPL"": ""Complementizer"", ""POSS"": ""Possessive Marker"", ""ART"": ""Article""}"
teop1238a-text_01_chapter_05_coconut-162,O kukan o vararana to paku raara paana sibono komana inu sibono kavuraa.,o	kukan	o	vararana	to	paku	ra=ara	paa-n=a	sibono	koma-n=a	inu	sibono	kavuraa,ART3.SG	three	ART3.SG	row	REL	make	1PL.IN.IPFV=1PL.IN.PRON	under-3SG.POSS=ART2.SG	roast	inside-3SG.POSS=ART2.SG	house	roast	copra,`Three rows we make underneath the roast in the copra drying house.',text_01_chapter_05_coconut,162,teop1238,teop1238a,WORD_ALIGNED,"{""ART"": ""Article"", ""SG"": ""singular"", ""REL"": ""Relative"", ""PL"": ""plural"", ""IN"": ""inclusive"", ""IPFV"": ""Imperfective"", ""PRON"": ""Pronoun"", ""POSS"": ""Possessive Marker""}"
teop1238a-text_01_chapter_05_coconut-163,Ean repaa vaanoto suraa matano vararana tope,e-an	re=paa	vaanoto	suraa	mata-n=o	vararana	tope,H-2SG.PRON	CONSEC=TM3	light	fire	front-3SG.POSS=ART3.SG	row	coconut.shell,`Then you light the fire at the front of the row of coconut shells.',text_01_chapter_05_coconut,163,teop1238,teop1238a,WORD_ALIGNED,"{""SG"": ""singular"", ""PRON"": ""Pronoun"", ""CONSEC"": ""Consecutive"", ""TM"": ""tense/modality"", ""POSS"": ""Possessive Marker"", ""ART"": ""Article""}"
teop1238a-text_01_chapter_05_coconut-164,Pasi asiu ore suguna beo vararana tope asi vakavara.,pasi	asi=u	o=re	suguna	be=o	vararana	tope	asi	va-kavara,TM4	burn=PFV	3.PRON=CONSEC	reach	when=ART3.SG	row	coconut.shell	burn	ADVR-complete,`It catches fire until the whole row of coconut shells burns.'\footnote{lit. `It will catch the fire and then reaches the time when the row of coconut shells completely burns.'},text_01_chapter_05_coconut,164,teop1238,teop1238a,WORD_ALIGNED,"{""TM"": ""tense/modality"", ""PFV"": ""Perfective"", ""PRON"": ""Pronoun"", ""CONSEC"": ""Consecutive"", ""ART"": ""Article"", ""SG"": ""singular"", ""ADVR"": ""Adverbializer""}"
teop1238a-text_01_chapter_05_coconut-165,"O kukan geo dorana o boni to tei nae tea sibono,",o	kukan	ge=o	dorana	o	boni	to	tei	na=e	te=a	sibono,ART3.SG	three	or=ART3.SG	four	ART3.SG	day	REL	be.there	3SG.IPFV=3SG.PRON	PREP=ART2.SG	roast,"`Three or four days they stay on the roast,'",text_01_chapter_05_coconut,165,teop1238,teop1238a,WORD_ALIGNED,"{""ART"": ""Article"", ""SG"": ""singular"", ""REL"": ""Relative"", ""IPFV"": ""Imperfective"", ""PRON"": ""Pronoun"", ""PREP"": ""Preposition""}"
teop1238a-text_01_chapter_05_coconut-166,bean vaanoto nom.,be=an	vaanoto	nom,when=2SG.PRON	light	IPFV,`when you light (the fire).',text_01_chapter_05_coconut,166,teop1238,teop1238a,WORD_ALIGNED,"{""SG"": ""singular"", ""PRON"": ""Pronoun"", ""IPFV"": ""Imperfective""}"
teop1238a-text_01_chapter_05_coconut-167,"Bean tara be ta kavuraa takapa kahi bona tope,",be=an	tara	be	ta	kavuraa	ta-kapa	kahi	bona	tope,when=2SG.PRON	see	COMPL2.ART1.SG	piece	copra	ACAUS-remove	from	OBJ.ART2.SG	shell,"`When you see that a piece of copra is coming off the shell,'",text_01_chapter_05_coconut,167,teop1238,teop1238a,WORD_ALIGNED,"{""SG"": ""singular"", ""PRON"": ""Pronoun"", ""COMPL"": ""Complementizer"", ""ART"": ""Article"", ""ACAUS"": ""Anticausative"", ""OBJ"": ""Object""}"
teop1238a-text_01_chapter_05_coconut-168,"ean paa kona voen, a kavuraa tean a mahaka.",e-an	paa	kona	vo=en	a	kavuraa	te=an	a	mahaka,H-2SG.PRON	TM3	know	like=DEM3	ART2.SG	copra	PREP=2SG.PRON	ART2.SG	dry,`then you know that your copra is dry.',text_01_chapter_05_coconut,168,teop1238,teop1238a,WORD_ALIGNED,"{""SG"": ""singular"", ""PRON"": ""Pronoun"", ""TM"": ""tense/modality"", ""DEM"": ""Demonstrative"", ""ART"": ""Article"", ""PREP"": ""Preposition""}"
teop1238a-text_01_chapter_05_coconut-169,"Bea kavuraa tean mahaka,",be=a	kavuraa	te=an	mahaka,when=ART2.SG	copra	PREP=2SG.PRON	dry,"`When your kopra is dry,'",text_01_chapter_05_coconut,169,teop1238,teop1238a,WORD_ALIGNED,"{""ART"": ""Article"", ""SG"": ""singular"", ""PREP"": ""Preposition"", ""PRON"": ""Pronoun""}"
teop1238a-text_01_chapter_05_coconut-170,ean repaa kapa kahi e bono tope.,e-an	re=paa	kapa	kahi	e	bono	tope,H-2SG.PRON	CONSEC=TM3	remove	from	3SG.PRON	OBJ.ART2.PL	coconut.shell,`you remove it from the shells.',text_01_chapter_05_coconut,170,teop1238,teop1238a,WORD_ALIGNED,"{""SG"": ""singular"", ""PRON"": ""Pronoun"", ""CONSEC"": ""Consecutive"", ""TM"": ""tense/modality"", ""OBJ"": ""Object"", ""ART"": ""Article"", ""PL"": ""plural""}"
teop1238a-text_01_chapter_05_coconut-171,"Bean kapa vakavara a kavuraa tean,",be=an	kapa	va-kavara	a	kavuraa	te=an,when=2SG.PRON	remove	ADVR-complete	ART2.SG	copra	PREP=2SG.PRON,"`When you have removed your copra,'",text_01_chapter_05_coconut,171,teop1238,teop1238a,WORD_ALIGNED,"{""SG"": ""singular"", ""PRON"": ""Pronoun"", ""ADVR"": ""Adverbializer"", ""ART"": ""Article"", ""PREP"": ""Preposition""}"
teop1238a-text_01_chapter_05_coconut-172,ean repaa mosi varutarutaa e.,e-an	re=paa	mosi	va-ruta{$\sim$}rutaa	e,H-2SG.PRON	CONSEC=TM3	cut	CAUS-RED{$\sim$}small	3SG.PRON,`you cut it into small pieces.',text_01_chapter_05_coconut,172,teop1238,teop1238a,WORD_ALIGNED,"{""SG"": ""singular"", ""PRON"": ""Pronoun"", ""CONSEC"": ""Consecutive"", ""TM"": ""tense/modality"", ""CAUS"": ""Causative"", ""RED"": ""reduplication""}"
teop1238a-text_01_chapter_05_coconut-173,"Murinae ean repaa baeke eve, bean tahi bata nom e.",muri-nae	e-an	re=paa	baeke	eve	be=an	tahi	bata	nom	e,after-3SG.POSS.PRON	H-2SG.PRON	CONSEC=TM3	put.into.bags	3SG.PRON	when=2SG.PRON	push.with.a.stick	CONT	IPFV	3SG.PRON,`After that you put them into bags by pushing them with a stick.',text_01_chapter_05_coconut,173,teop1238,teop1238a,WORD_ALIGNED,"{""SG"": ""singular"", ""POSS"": ""Possessive Marker"", ""PRON"": ""Pronoun"", ""CONSEC"": ""Consecutive"", ""TM"": ""tense/modality"", ""CONT"": ""Continuity"", ""IPFV"": ""Imperfective""}"
teop1238a-text_01_chapter_05_coconut-174,"Bean tahi vahapusu o baeke kavuraa tean,",be=an	tahi	va-hapusu	o	baeke	kavuraa	te=an,when=2SG.PRON	push	CAUS-full	ART3.SG	bag	copra	PREP=2SG.PRON,"`When you have got your copra bag fully stuffed,'",text_01_chapter_05_coconut,174,teop1238,teop1238a,WORD_ALIGNED,"{""SG"": ""singular"", ""PRON"": ""Pronoun"", ""CAUS"": ""Causative"", ""ART"": ""Article"", ""PREP"": ""Preposition""}"
teop1238a-text_01_chapter_05_coconut-175,ean repaa kuna pina nia matano baeke kavuraa.,e-an	re=paa	kuna	pina	ni=a	mata-n=o	baeke	kavuraa,H-2SG.PRON	CONSEC=TM3	sew	blocking	APPL=ART2.SG	opening-3SG.POSS=ART3.SG	bag	copra,`you sew up the opening of the copra bag.',text_01_chapter_05_coconut,175,teop1238,teop1238a,WORD_ALIGNED,"{""SG"": ""singular"", ""PRON"": ""Pronoun"", ""CONSEC"": ""Consecutive"", ""TM"": ""tense/modality"", ""APPL"": ""Applicative Particle"", ""ART"": ""Article"", ""POSS"": ""Possessive Marker""}"
teop1238a-text_01_chapter_05_coconut-176,"A vagegeana kiu, bean vaahae o baeke kavuraa tean tea kaara,",a	vagegeana	kiu	be=an	vaa-hae	o	baeke	kavuraa	te=an	te=a	kaara,ART2.SG	last	work	COMPL2=2SG.PRON	CAUS-board	ART3.SG	bag	copra	PREP=2SG.PRON	PREP=ART2.SG	car,`The last work is that you load your bag of copra on a truck',text_01_chapter_05_coconut,176,teop1238,teop1238a,WORD_ALIGNED,"{""ART"": ""Article"", ""SG"": ""singular"", ""COMPL"": ""Complementizer"", ""PRON"": ""Pronoun"", ""CAUS"": ""Causative"", ""PREP"": ""Preposition""}"
teop1238a-text_01_chapter_05_coconut-177,ean paa nao tea vaavon Buka.,e-an	paa	nao	tea	vaa-von	buka,H-2SG.PRON	TM3	go	COMPL1	CAUS-buy	Buka,`and then go to sell it in Buka.',text_01_chapter_05_coconut,177,teop1238,teop1238a,WORD_ALIGNED,"{""SG"": ""singular"", ""PRON"": ""Pronoun"", ""TM"": ""tense/modality"", ""COMPL"": ""Complementizer"", ""CAUS"": ""Causative""}"
teop1238a-text_01_chapter_05_coconut-178,ROM OVERE,rom	overe,stem	coconut.palm,`THE STEM OF THE COCONUT PALM',text_01_chapter_05_coconut,178,teop1238,teop1238a,WORD_ALIGNED,{}
teop1238a-text_01_chapter_05_coconut-179,"O rom overe na romrom vakakato riori,",o	rom	overe	na	rom{$\sim$}rom	va-kakato	ri=ori,ART3.SG	stem	coconut.palm	TM2	RED{$\sim$}cut.crosswise	CAUS-short	3PL.IPFV=3PL.PRON,"`They cut the stem of the coconut palm crosswise into short logs,'",text_01_chapter_05_coconut,179,teop1238,teop1238a,WORD_ALIGNED,"{""ART"": ""Article"", ""SG"": ""singular"", ""TM"": ""tense/modality"", ""RED"": ""reduplication"", ""CAUS"": ""Causative"", ""PL"": ""plural"", ""IPFV"": ""Imperfective"", ""PRON"": ""Pronoun""}"
teop1238a-text_01_chapter_05_coconut-180,eori repaa kepo bari mene vaanoto suraa vaa tea taotao ae tea nahunahu kaukau gea tabae to rake riori tea nahu.,e-ori	re=paa	kepo	bari	mene	vaanoto	suraa	vaa	tea	tao{$\sim$}tao	ae	tea	nahu{$\sim$}nahu	kaukau	ge=a	tabae	to	rake	ri=ori	tea	nahu,H-3PL.PRON	CONSEC=TM3	chop	4PL.PRON	for	light	fire	LNK	COMPL1	RED{$\sim$}bake	and1	COMPL1	RED{$\sim$}cook	sweet.potato	or=ART2.SG	what	REL	want	3PL.IPFV=3PL.PRON	COMPL1	cook,`then they chop them in order to light the fire for baking (food) in the earth oven and cooking sweet potatoes in pots or whatever they want to to cook.',text_01_chapter_05_coconut,180,teop1238,teop1238a,WORD_ALIGNED,"{""PL"": ""plural"", ""PRON"": ""Pronoun"", ""CONSEC"": ""Consecutive"", ""TM"": ""tense/modality"", ""LNK"": ""Linker"", ""COMPL"": ""Complementizer"", ""RED"": ""reduplication"", ""ART"": ""Article"", ""SG"": ""singular"", ""REL"": ""Relative"", ""IPFV"": ""Imperfective""}"
teop1238a-text_01_chapter_05_coconut-181,"Meha maa vuri o rom overe na kopaa riori,",meha	maa	vuri	o	rom	overe	na	kopaa	ri=ori,other2.SG	PLM	time	ART3.SG	stem	coconut	TM2	cut.lengthwise	3PL.IPFV=3PL.PRON,`Sometimes they cut the stem lengthwise',text_01_chapter_05_coconut,181,teop1238,teop1238a,WORD_ALIGNED,"{""SG"": ""singular"", ""PLM"": ""Plural Marker"", ""ART"": ""Article"", ""TM"": ""tense/modality"", ""PL"": ""plural"", ""IPFV"": ""Imperfective"", ""PRON"": ""Pronoun""}"
teop1238a-text_01_chapter_05_coconut-182,eori repaa paku bari bono inaho.,e-ori	re=paa	paku	bari	bono	inaho,H-3PL.PRON	CONSEC=TM3	make	4PL.PRON	OBJ.ART3.SG	planting.stick,`to make the taro planting stick from it.',text_01_chapter_05_coconut,182,teop1238,teop1238a,WORD_ALIGNED,"{""PL"": ""plural"", ""PRON"": ""Pronoun"", ""CONSEC"": ""Consecutive"", ""TM"": ""tense/modality"", ""OBJ"": ""Object"", ""ART"": ""Article"", ""SG"": ""singular""}"
teop1238a-text_01_chapter_05_coconut-183,"Kopaa riori, eori repaa taraha taatagi kurusu bari.",kopaa	ri=ori	e-ori	re=paa	taraha	taatagi	kurusu	bari,cut.lengthwise	3PL.IPFV=3PL.PRON	H-3PL.PRON	CONSEC=TM3	carve.surface	carefully	very	4PL.PRON,"`They cut it lengthwise, and then they very carefully carve the surface.'",text_01_chapter_05_coconut,183,teop1238,teop1238a,WORD_ALIGNED,"{""PL"": ""plural"", ""IPFV"": ""Imperfective"", ""PRON"": ""Pronoun"", ""CONSEC"": ""Consecutive"", ""TM"": ""tense/modality""}"
teop1238a-text_01_chapter_05_coconut-184,"O inaho toro raramun,",o	inaho	toro	raramun,ART3.SG	planting.stick	TM7	smooth,"`The planting stick must be smooth,'",text_01_chapter_05_coconut,184,teop1238,teop1238a,WORD_ALIGNED,"{""ART"": ""Article"", ""SG"": ""singular"", ""TM"": ""tense/modality""}"
teop1238a-text_01_chapter_05_coconut-185,"ahiki ta taba re tou bona kuri raara, ae ruvis bona.",ahiki	ta	taba	re	tou	bona	kuri	raara	ae	ruvis	bona,not.exist	NSPEC2.SG	thing	CONSEC	prick	OBJ.ART2.SG	hand	1PL.IN.POSS.PRON	and1	scratch	4SG.PRON,`so that nothing would prick our hand and scratch it.',text_01_chapter_05_coconut,185,teop1238,teop1238a,WORD_ALIGNED,"{""NSPEC"": ""Non-Specific"", ""SG"": ""singular"", ""CONSEC"": ""Consecutive"", ""OBJ"": ""Object"", ""ART"": ""Article"", ""PL"": ""plural"", ""IN"": ""inclusive"", ""POSS"": ""Possessive Marker"", ""PRON"": ""Pronoun""}"
teop1238a-text_02_chapter_06_sago_palm-1,O ATOVO,o	atovo,ART3.SG	sago.palm,`THE SAGO PALM',text_02_chapter_06_sago_palm,1,teop1238,teop1238a,WORD_ALIGNED,"{""ART"": ""Article"", ""SG"": ""singular""}"
teop1238a-text_02_chapter_06_sago_palm-2,O naono vai o atovo na nebaneba komana bata ni riori.,o	naono	vai	o	atovo	na	neba{$\sim$}neba	komana	bata	ni	ri=ori,ART3.SG	palm	DEM6	ART3.SG	sago.palm	TM2	RED{$\sim$}plant	self	CONT	APPL	3PL.IPFV=3PL.PRON,"`The sago palm is planted.'\footnote{lit. `This tree, the sago palm, they plant it themselves.'}",text_02_chapter_06_sago_palm,2,teop1238,teop1238a,WORD_ALIGNED,"{""ART"": ""Article"", ""SG"": ""singular"", ""DEM"": ""Demonstrative"", ""TM"": ""tense/modality"", ""RED"": ""reduplication"", ""CONT"": ""Continuity"", ""APPL"": ""Applicative Particle"", ""PL"": ""plural"", ""IPFV"": ""Imperfective"", ""PRON"": ""Pronoun""}"
teop1238a-text_02_chapter_06_sago_palm-3,"Ei kou o naono bona, eve to vaa'ave riori bona maa inu teori.",ei~kou	o	naono	bona	eve	to	vaa'ave	ri=ori	bona	maa	inu	te=ori,because	ART3.SG	tree	ANA.SG	3SG.PRON	REL	thatch	3PL.IPFV=3PL.PRON	OBJ.ART2.SG	PLM	house	PREP=3PL.PRON,"`Because it is this palm that they use for thatching their houses.'\footnote{lit. `Because this tree, it (is) what they thatch their houses with.'}",text_02_chapter_06_sago_palm,3,teop1238,teop1238a,WORD_ALIGNED,"{""ART"": ""Article"", ""SG"": ""singular"", ""ANA"": ""Anaphoric Demonstrative"", ""PRON"": ""Pronoun"", ""REL"": ""Relative"", ""PL"": ""plural"", ""IPFV"": ""Imperfective"", ""OBJ"": ""Object"", ""PLM"": ""Plural Marker"", ""PREP"": ""Preposition""}"
teop1238a-text_02_chapter_06_sago_palm-4,"O atovo mee, be vua, a vua nae repaa kuu, ore paa pura komana vahaa.",o	atovo	mee	be	vua	a	vua	nae	re=paa	kuu	o=re	paa	pura	komana	vahaa,ART3.SG	sago.palm	also	when	bear.fruit	ART2.SG	fruit	3SG.POSS.PRON	CONSEC=TM3	fall	3.PRON=CONSEC	TM3	grow	self	again,"`Also,  when the sago palm bears nuts, (and) a nut falls down, then it grows by itself again.'\footnote{lit. `Also, the sago palm, when it bears fruit, ...'}",text_02_chapter_06_sago_palm,4,teop1238,teop1238a,WORD_ALIGNED,"{""ART"": ""Article"", ""SG"": ""singular"", ""POSS"": ""Possessive Marker"", ""PRON"": ""Pronoun"", ""CONSEC"": ""Consecutive"", ""TM"": ""tense/modality""}"
teop1238a-text_02_chapter_06_sago_palm-5,Beve sun rova nana tea hatana na pura vakis nana.,beve	sun	rova	nana	te=a	hatana	na	pura	vakis	nana,when.3SG.PRON	stand	even	3SG.IPFV	PREP=ART2.SG	swamp	TM2	grow	still	3SG.IPFV,"`Even when it is standing in the swamp, it still grows.'",text_02_chapter_06_sago_palm,5,teop1238,teop1238a,WORD_ALIGNED,"{""SG"": ""singular"", ""PRON"": ""Pronoun"", ""IPFV"": ""Imperfective"", ""PREP"": ""Preposition"", ""ART"": ""Article"", ""TM"": ""tense/modality""}"
teop1238a-text_02_chapter_06_sago_palm-6,KOSI ATOVO,kosi	atovo,cut.off.leaves	sago.palm,`CUTTING OFF THE LEAVES OF THE SAGO PALM',text_02_chapter_06_sago_palm,6,teop1238,teop1238a,WORD_ALIGNED,{}
teop1238a-text_02_chapter_06_sago_palm-7,"Bean tau kosi o atovo, taba momohu toro paku an, ean toro tagava roho o atovo.",be=an	tau	kosi	o	atovo	taba	momohu	toro	paku	an	e-an	toro	tagava	roho	o	atovo,when=2SG.PRON	TM5	cut.off.leaves	ART3.SG	sago.palm	thing	first	TM7	do	2SG.PRON	H-2SG.PRON	TM7	fell	before	ART3.SG	sago.palm,"`When you are about to cut off the leaves of a sago palm, the first thing you must do, you must fell a sago palm.'",text_02_chapter_06_sago_palm,7,teop1238,teop1238a,WORD_ALIGNED,"{""SG"": ""singular"", ""PRON"": ""Pronoun"", ""TM"": ""tense/modality"", ""ART"": ""Article""}"
teop1238a-text_02_chapter_06_sago_palm-8,Ean repaa mosi hapehape o atovo.,e-an	re=paa	mosi	hape{$\sim$}hape	o	atovo,H-2SG.PRON	CONSEC=TM3	cut	RED{$\sim$}cut.off.branch	ART3.SG	sago.palm,`Then you cut off the branches of the sago palm.',text_02_chapter_06_sago_palm,8,teop1238,teop1238a,WORD_ALIGNED,"{""SG"": ""singular"", ""PRON"": ""Pronoun"", ""CONSEC"": ""Consecutive"", ""TM"": ""tense/modality"", ""RED"": ""reduplication"", ""ART"": ""Article""}"
teop1238a-text_02_chapter_06_sago_palm-9,Ean repaa kosi amaa paka atovo kahi bono sinoo vaa tobina.,e-an	re=paa	kosi	a=maa	paka	atovo	kahi	bono	sinoo	vaa	tobina,H-2SG.PRON	CONSEC=TM3	cut.off.leaves	ART2.SG=PLM	leaf	sago.palm	from	OBJ.ART3.SG	bone	LNK	middle,`Then you cut the sago palm leaves off the stalk in the middle.'\footnote{lit. `the bone in the middle'},text_02_chapter_06_sago_palm,9,teop1238,teop1238a,WORD_ALIGNED,"{""SG"": ""singular"", ""PRON"": ""Pronoun"", ""CONSEC"": ""Consecutive"", ""TM"": ""tense/modality"", ""ART"": ""Article"", ""PLM"": ""Plural Marker"", ""OBJ"": ""Object"", ""LNK"": ""Linker""}"
teop1238a-text_02_chapter_06_sago_palm-10,Murinae ean repaa varomo nia maa paka atovo.,muri-nae	e-an	re=paa	varomo	ni=a	maa	paka	atovo,after-3SG.POSS.PRON	H-2SG.PRON	CONSEC=TM3	stack.up	APPL=ART2.SG	PLM	leaf	sago.palm,"`After that, you stack up the sago palm leaves.'",text_02_chapter_06_sago_palm,10,teop1238,teop1238a,WORD_ALIGNED,"{""SG"": ""singular"", ""POSS"": ""Possessive Marker"", ""PRON"": ""Pronoun"", ""CONSEC"": ""Consecutive"", ""TM"": ""tense/modality"", ""APPL"": ""Applicative Particle"", ""ART"": ""Article"", ""PLM"": ""Plural Marker""}"
teop1238a-text_02_chapter_06_sago_palm-11,"Bean varomo vakavara, ean repaa kisi vatataunun riori.",be=an	varomo	va-kavara	e-an	re=paa	kisi	va-ta{$\sim$}ta-unun	ri=ori,when=2SG.PRON	stack.up	ADVR-complete	H-2SG.PRON	CONSEC=TM3	tie	MULT-RED{$\sim$}ACAUS-gather	3PL.OBJM=3PL.PRON,"`When you have stacked them up, you tie them together.'\footnote{lit. `When you have completely stacked up, ...'}",text_02_chapter_06_sago_palm,11,teop1238,teop1238a,WORD_ALIGNED,"{""SG"": ""singular"", ""PRON"": ""Pronoun"", ""ADVR"": ""Adverbializer"", ""CONSEC"": ""Consecutive"", ""TM"": ""tense/modality"", ""MULT"": ""multiple situation"", ""RED"": ""reduplication"", ""ACAUS"": ""Anticausative"", ""PL"": ""plural"", ""OBJM"": ""Object Marker""}"
teop1238a-text_02_chapter_06_sago_palm-12,Ean repaa taneo mana tea dee voosu amaa kisi atovo vo vaan.,e-an	re=paa	taneo	mana	tea	dee	voosu	a=maa	kisi	atovo	vo	vaan,H-2SG.PRON	CONSEC=TM3	start	eventually	COMPL1	carry	go.home	ART2.SG=PLM	bundle	sago.palm	GOAL	village,`Then you evenually start carrying the bundles of sago palm (leaves) home to the village.',text_02_chapter_06_sago_palm,12,teop1238,teop1238a,WORD_ALIGNED,"{""SG"": ""singular"", ""PRON"": ""Pronoun"", ""CONSEC"": ""Consecutive"", ""TM"": ""tense/modality"", ""COMPL"": ""Complementizer"", ""ART"": ""Article"", ""PLM"": ""Plural Marker"", ""GOAL"": ""goal""}"
teop1238a-text_02_chapter_06_sago_palm-13,"Bea kavara na maa kisi atovo tei vaan,",be=a	kavara	n=a	maa	kisi	atovo	tei	vaan,when=ART2.SG	all	3SG.POSS=ART2.SG	PLM	bundle	sago.palm	be.there	village,"`When all the bundles of sago palm (leaves) are in the village,'",text_02_chapter_06_sago_palm,13,teop1238,teop1238a,WORD_ALIGNED,"{""ART"": ""Article"", ""SG"": ""singular"", ""POSS"": ""Possessive Marker"", ""PLM"": ""Plural Marker""}"
teop1238a-text_02_chapter_06_sago_palm-14,ean repaa taneo tea siri sinoo,e-an	re=paa	taneo	tea	siri	sinoo,H-2SG.PRON	CONSEC=TM3	start	COMPL1	tear.off	bone,"`you start tearing off the bones,'",text_02_chapter_06_sago_palm,14,teop1238,teop1238a,WORD_ALIGNED,"{""SG"": ""singular"", ""PRON"": ""Pronoun"", ""CONSEC"": ""Consecutive"", ""TM"": ""tense/modality"", ""COMPL"": ""Complementizer""}"
teop1238a-text_02_chapter_06_sago_palm-15,o sinoo vaa tobina no paka atovo to siri noman.,o	sinoo	vaa	tobina	n=o	paka	atovo	to	siri	nom=an,ART3.SG	bone	LNK	middle	3SG.POSS=ART3.SG	leaf	sago.palm	REL	tear.off	IPFV=2SG.PRON,`it is the bone in the middle of the sago palm leaf that you tear off (i.e. the midrib).',text_02_chapter_06_sago_palm,15,teop1238,teop1238a,WORD_ALIGNED,"{""ART"": ""Article"", ""SG"": ""singular"", ""LNK"": ""Linker"", ""POSS"": ""Possessive Marker"", ""REL"": ""Relative"", ""IPFV"": ""Imperfective"", ""PRON"": ""Pronoun""}"
teop1238a-text_02_chapter_06_sago_palm-16,"Bean siri vakavara a peha kisi atovo,",be=an	siri	va-kavara	a	peha	kisi	atovo,when=2SG.PRON	tear.off	ADVR-complete	ART2.SG	one2.SG	bundle	sago.palm,"`When you have finished tearing off (the midribs of) one bundle of sago palm leaves,'",text_02_chapter_06_sago_palm,16,teop1238,teop1238a,WORD_ALIGNED,"{""SG"": ""singular"", ""PRON"": ""Pronoun"", ""ADVR"": ""Adverbializer"", ""ART"": ""Article""}"
teop1238a-text_02_chapter_06_sago_palm-17,ean repaa vaoromo vaha bana amaa paka atovo.,e-an	re=paa	vaoromo	vahabana	a=maa	paka	atovo,H-2SG.PRON	CONSEC=TM3	stack.up	again	ART2.SG=PLM	leaf	sago.palm,`you stack up the sago palm leaves again.',text_02_chapter_06_sago_palm,17,teop1238,teop1238a,WORD_ALIGNED,"{""SG"": ""singular"", ""PRON"": ""Pronoun"", ""CONSEC"": ""Consecutive"", ""TM"": ""tense/modality"", ""ART"": ""Article"", ""PLM"": ""Plural Marker""}"
teop1238a-text_02_chapter_06_sago_palm-18,"Murinae ean repaa kaku eve, a vaamatatopo vaa tea huha.",muri-nae	e-an	re=paa	kaku	eve	a	vaa-matatopo	vaa	tea	huha,after-3SG.POSS.PRON	H-2SG.PRON	CONSEC=TM3	fold	3SG.PRON	ART2.SG	CAUS-be.prepared	LNK	COMPL1	sew,`After that you fold them in preparation for sewing (the thatch).',text_02_chapter_06_sago_palm,18,teop1238,teop1238a,WORD_ALIGNED,"{""SG"": ""singular"", ""POSS"": ""Possessive Marker"", ""PRON"": ""Pronoun"", ""CONSEC"": ""Consecutive"", ""TM"": ""tense/modality"", ""ART"": ""Article"", ""CAUS"": ""Causative"", ""LNK"": ""Linker"", ""COMPL"": ""Complementizer""}"
teop1238a-text_02_chapter_06_sago_palm-19,O SIKIRI,o	sikiri,ART3.SG	midrib,`THE MIDRIB',text_02_chapter_06_sago_palm,19,teop1238,teop1238a,WORD_ALIGNED,"{""ART"": ""Article"", ""SG"": ""singular""}"
teop1238a-text_02_chapter_06_sago_palm-20,"Amaa sikiri to paa siri vuru an tea maa paka atovo,",a=maa	sikiri	to	paa	siri	vuru	an	te=a	maa	paka	atovo,ART2.SG=PLM	midrib	REL	TM3	tear	earlier	2SG.PRON	PREP=ART2.SG	PLM	leaf	sago.palm,`The midribs that you have earlier torn off the sago palm leaves',text_02_chapter_06_sago_palm,20,teop1238,teop1238a,WORD_ALIGNED,"{""ART"": ""Article"", ""SG"": ""singular"", ""PLM"": ""Plural Marker"", ""REL"": ""Relative"", ""TM"": ""tense/modality"", ""PRON"": ""Pronoun"", ""PREP"": ""Preposition""}"
teop1238a-text_02_chapter_06_sago_palm-21,eve to pasi huha atovo vahaa ni noman.,eve	to	pasi	huha	atovo	vahaa	ni	nom=an,3SG.PRON	REL	TM4	sew	sago.palm	again	APPL	IPFV=2SG.PRON,`they are what you will use for sewing the sago palm leaves (i.e. the thatch sheets)',text_02_chapter_06_sago_palm,21,teop1238,teop1238a,WORD_ALIGNED,"{""SG"": ""singular"", ""PRON"": ""Pronoun"", ""REL"": ""Relative"", ""TM"": ""tense/modality"", ""APPL"": ""Applicative Particle"", ""IPFV"": ""Imperfective""}"
teop1238a-text_02_chapter_06_sago_palm-22,"Amaa sikiri bona mee, na veveo raara bona maa nou vaa burihina.",a=maa	sikiri	bona	mee	na	veveo	ra=ara	bona	maa	nou	vaa	burihina,ART2.SG=PLM	midrib	ANA.SG	also	TM2	sweep	1PL.IN.IPFV=1PL.IN.PRON	OBJ.ART2.SG	PLM	rubbish	LNK	backyard,`These midribs we also use for sweeping the rubbish in the backyard.',text_02_chapter_06_sago_palm,22,teop1238,teop1238a,WORD_ALIGNED,"{""ART"": ""Article"", ""SG"": ""singular"", ""PLM"": ""Plural Marker"", ""ANA"": ""Anaphoric Demonstrative"", ""TM"": ""tense/modality"", ""PL"": ""plural"", ""IN"": ""inclusive"", ""IPFV"": ""Imperfective"", ""PRON"": ""Pronoun"", ""OBJ"": ""Object"", ""LNK"": ""Linker""}"
teop1238a-text_02_chapter_06_sago_palm-23,O ROM ATOVO,o	rom	atovo,ART3.SG	stem	sago.palm,`THE STEM OF THE SAGO PALM',text_02_chapter_06_sago_palm,23,teop1238,teop1238a,WORD_ALIGNED,"{""ART"": ""Article"", ""SG"": ""singular""}"
teop1238a-text_02_chapter_06_sago_palm-24,"O rom atovo na romrom riori, eori repaa kopakopaa bari.",o	rom	atovo	na	rom{$\sim$}rom	ri=ori	e-ori	re=paa	kopa{$\sim$}kopaa	bari,ART3.SG	stem	sago.palm	TM2	RED{$\sim$}cut.crosswise	3PL.IPFV=3PL.PRON	H-3PL.PRON	CONSEC=TM3	RED{$\sim$}cut.lengthwise	4PL.PRON,"`They cut the stem of the sago palm crosswise (into logs), and then they cut them (the logs) lengthwise.'",text_02_chapter_06_sago_palm,24,teop1238,teop1238a,WORD_ALIGNED,"{""ART"": ""Article"", ""SG"": ""singular"", ""TM"": ""tense/modality"", ""RED"": ""reduplication"", ""PL"": ""plural"", ""IPFV"": ""Imperfective"", ""PRON"": ""Pronoun"", ""CONSEC"": ""Consecutive""}"
teop1238a-text_02_chapter_06_sago_palm-25,"Murinae eori repaa taraha varaaramun bona komanae bara toon nae,",muri-nae	e-ori	re=paa	taraha	va-raa{$\sim$}ramun	bona	koma-nae	bara	toon	nae,after-3SG.POSS.PRON	H-3PL.PRON	CONSEC=TM3	shave	CAUS-RED{$\sim$}smooth	OBJ.ART2.SG	inside-3SG.POSS.PRON	and2	outside	3SG.POSS.PRON,"`After that they shave their insides and outsides to make (them) smooth,'",text_02_chapter_06_sago_palm,25,teop1238,teop1238a,WORD_ALIGNED,"{""SG"": ""singular"", ""POSS"": ""Possessive Marker"", ""PRON"": ""Pronoun"", ""PL"": ""plural"", ""CONSEC"": ""Consecutive"", ""TM"": ""tense/modality"", ""CAUS"": ""Causative"", ""RED"": ""reduplication"", ""OBJ"": ""Object"", ""ART"": ""Article""}"
teop1238a-text_02_chapter_06_sago_palm-26,ahiki ta taba re tahi ribari.,ahiki	ta	taba	re	tahi	ri=bari,not.exist	NSPEC2.SG	thing	CONSEC	prick	3PL.OBJM=4PL.PRON,`so that nothing will prick them.',text_02_chapter_06_sago_palm,26,teop1238,teop1238a,WORD_ALIGNED,"{""NSPEC"": ""Non-Specific"", ""SG"": ""singular"", ""CONSEC"": ""Consecutive"", ""PL"": ""plural"", ""OBJM"": ""Object Marker"", ""PRON"": ""Pronoun""}"
teop1238a-text_02_chapter_06_sago_palm-27,"Beve kavara, eori repaa deedee voosu mana bari vo vaan",beve	kavara	e-ori	re=paa	dee{$\sim$}dee	voosu	mana	bari	vo	vaan,when.3SG.PRON	finished	H-3PL.PRON	CONSEC=TM3	RED{$\sim$}carry	go.home	eventually	4PL.PRON	GOAL	village,"`When it is finished, they eventually carry them home to the village'",text_02_chapter_06_sago_palm,27,teop1238,teop1238a,WORD_ALIGNED,"{""SG"": ""singular"", ""PRON"": ""Pronoun"", ""PL"": ""plural"", ""CONSEC"": ""Consecutive"", ""TM"": ""tense/modality"", ""RED"": ""reduplication"", ""GOAL"": ""goal""}"
teop1238a-text_02_chapter_06_sago_palm-28,mene paku bono baranda na inu.,mene	paku	bono	baranda	n=a	inu,for	make	OBJ.ART3.SG	floor	3SG.POSS=ART2.SG	house,`for making the floor of the house.',text_02_chapter_06_sago_palm,28,teop1238,teop1238a,WORD_ALIGNED,"{""OBJ"": ""Object"", ""ART"": ""Article"", ""SG"": ""singular"", ""POSS"": ""Possessive Marker""}"
teop1238a-text_02_chapter_06_sago_palm-29,VAA'AVE NA INU,vaa'ave	n=a	inu,thatch	3SG.POSS=ART2.SG	house,`THATCHING THE HOUSE',text_02_chapter_06_sago_palm,29,teop1238,teop1238a,WORD_ALIGNED,"{""SG"": ""singular"", ""POSS"": ""Possessive Marker"", ""ART"": ""Article""}"
teop1238a-text_02_chapter_06_sago_palm-30,"Eori paa huha vakavara vaevuru bona paka atovo vai to paa kosi vuru maori,",e-ori	paa	huha	va-kavara	vaevuru	bona	paka	atovo	vai	to	paa	kosi	vuru	ma=ori,H-3PL.PRON	TM3	sew	ADVR-complete	already	OBJ.ART3.PL	leaf	sago.palm	DEM6	REL	TM3	cut.off.leaves	earlier	hither=3PL.PRON,"`They have already sewed all (the thatch sheets of) the sago palm leaves that they had cut off earlier,'",text_02_chapter_06_sago_palm,30,teop1238,teop1238a,WORD_ALIGNED,"{""PL"": ""plural"", ""PRON"": ""Pronoun"", ""TM"": ""tense/modality"", ""ADVR"": ""Adverbializer"", ""OBJ"": ""Object"", ""ART"": ""Article"", ""DEM"": ""Demonstrative"", ""REL"": ""Relative""}"
teop1238a-text_02_chapter_06_sago_palm-31,matatopo vai tea vaa'ave bona inu.,matatopo	vai	tea	vaa'ave	bona	inu,be.prepared	now	COMPL1	thatch	OBJ.ART2.SG	house,`in preparation for thatching the house.',text_02_chapter_06_sago_palm,31,teop1238,teop1238a,WORD_ALIGNED,"{""COMPL"": ""Complementizer"", ""OBJ"": ""Object"", ""ART"": ""Article"", ""SG"": ""singular""}"
teop1238a-text_02_chapter_06_sago_palm-32,"Evehee beori mei rori tea vaa'ave, toro rahi obai maa roho,",evehee	be=ori	mei	rori	tea	vaa'ave	toro	rahi	obai	maa	roho,but	when=3PL.PRON	do.not.yet	3PL.IPFV	COMPL1	thatch	TM7	pull	calamus.cane	hither	before,"`But before they do the thatching, they must get calamus canes,'\footnote{lit. `But when they have not done yet the thatching, (they) must pull calamus cane hither before.'}",text_02_chapter_06_sago_palm,32,teop1238,teop1238a,WORD_ALIGNED,"{""PL"": ""plural"", ""PRON"": ""Pronoun"", ""IPFV"": ""Imperfective"", ""COMPL"": ""Complementizer"", ""TM"": ""tense/modality""}"
teop1238a-text_02_chapter_06_sago_palm-33,bara toro mosi maa roho ta maa naono vai to pasi sun riori beori tau vaa'ave.,bara	toro	mosi	maa	roho	ta	maa	naono	vai	to	pasi	sun	ri=ori	be=ori	tau	vaa'ave,and	TM7	cut	hither	before	NSPEC2.SG	PLM	pole	DEM6	REL	TM4	stand	3PL.IPFV=3PL.PRON	when=3PL.PRON	TM5	thatch,`and cut the poles (for the scaffold) on which they will stand when they are going to thatch (the house).',text_02_chapter_06_sago_palm,33,teop1238,teop1238a,WORD_ALIGNED,"{""TM"": ""tense/modality"", ""NSPEC"": ""Non-Specific"", ""SG"": ""singular"", ""PLM"": ""Plural Marker"", ""DEM"": ""Demonstrative"", ""REL"": ""Relative"", ""PL"": ""plural"", ""IPFV"": ""Imperfective"", ""PRON"": ""Pronoun""}"
teop1238a-text_02_chapter_06_sago_palm-34,"O dorana o naono pasi vaasun vori,",o	dorana	o	naono	pasi	vaa-sun	v=ori,ART3.SG	four	ART3.SG	pole	TM4	CAUS-stand	PFV=3PL.PRON,"`They will put up four poles,'",text_02_chapter_06_sago_palm,34,teop1238,teop1238a,WORD_ALIGNED,"{""ART"": ""Article"", ""SG"": ""singular"", ""TM"": ""tense/modality"", ""CAUS"": ""Causative"", ""PFV"": ""Perfective"", ""PL"": ""plural"", ""PRON"": ""Pronoun""}"
teop1238a-text_02_chapter_06_sago_palm-35,eori repaa vaobete vananata bono meho dorana beori kisi batari bari bono kara obai.,e-ori	re=paa	va-obete	vananata	bono	meho	dorana	be=ori	kisi	bata=ri	bari	bono	kara	obai,H-3PL.PRON	CONSEC=TM3	CAUS-lie	across	OBJ.ART3.SG	other3.SG	four	when=3PL.PRON	tie	CONT=3PL.IPFV	4PL.PRON	OBJ.ART3.SG	string	calamus,"`and then they lay another four poles across, while tying them (to the standing poles) with the calamus string.'",text_02_chapter_06_sago_palm,35,teop1238,teop1238a,WORD_ALIGNED,"{""PL"": ""plural"", ""PRON"": ""Pronoun"", ""CONSEC"": ""Consecutive"", ""TM"": ""tense/modality"", ""CAUS"": ""Causative"", ""OBJ"": ""Object"", ""ART"": ""Article"", ""SG"": ""singular"", ""CONT"": ""Continuity"", ""IPFV"": ""Imperfective""}"
teop1238a-text_02_chapter_06_sago_palm-36,Eve a poka bona to pasi sun bata nom ori,eve	a	poka	bona	to	pasi	sun	bata	nom	ori,3SG.PRON	ART2.SG	scaffold	ANA.SG	REL	TM4	stand	CONT	IPFV	3PL.PRON,"`This is the scaffold on which they will stand,'",text_02_chapter_06_sago_palm,36,teop1238,teop1238a,WORD_ALIGNED,"{""SG"": ""singular"", ""PRON"": ""Pronoun"", ""ART"": ""Article"", ""ANA"": ""Anaphoric Demonstrative"", ""REL"": ""Relative"", ""TM"": ""tense/modality"", ""CONT"": ""Continuity"", ""IPFV"": ""Imperfective"", ""PL"": ""plural""}"
teop1238a-text_02_chapter_06_sago_palm-37,beori vaa'ave batari.,be=ori	vaa'ave	bata=ri,when=3PL.PRON	thatch	CONT=3PL.IPFV,`when they are doing the thatching.',text_02_chapter_06_sago_palm,37,teop1238,teop1238a,WORD_ALIGNED,"{""PL"": ""plural"", ""PRON"": ""Pronoun"", ""CONT"": ""Continuity"", ""IPFV"": ""Imperfective""}"
teop1238a-text_02_chapter_06_sago_palm-38,"Bea poka kavara, taneo vai tea vaa'ave.",be=a	poka	kavara	taneo	vai	tea	vaa'ave,when=ART2.SG	scaffold	be.finished	start	now	COMPL1	thatch,"`When the scaffold is finished, they start thatching.'",text_02_chapter_06_sago_palm,38,teop1238,teop1238a,WORD_ALIGNED,"{""ART"": ""Article"", ""SG"": ""singular"", ""COMPL"": ""Complementizer""}"
teop1238a-text_02_chapter_06_sago_palm-39,"A kukan gea dorana aba pasi sunu tea poka,",a	kukan	ge=a	dorana	aba	pasi	sun=u	te=a	poka,ART2.SG	three	or=ART2.SG	four	person	TM4	stand=PFV	PREP=ART2.SG	scaffold,"`Three or four people will stand of the scaffold,'",text_02_chapter_06_sago_palm,39,teop1238,teop1238a,WORD_ALIGNED,"{""ART"": ""Article"", ""SG"": ""singular"", ""TM"": ""tense/modality"", ""PFV"": ""Perfective"", ""PREP"": ""Preposition""}"
teop1238a-text_02_chapter_06_sago_palm-40,bea meha kukan hee hiava bata ni naori bona vana atovo.,be=a	meha	kukan	hee	hiava	bata	ni	nao=ri	bona	vana~atovo,while=ART2.SG	other.2SG	three	give	go.up	CONT	APPL	thither=3PL.IPFV	OBJ.ART3.PL	thatch.sheet,`while another three pass the thatch-sheets up (to them).'\footnote{lit. `when another three give the thatch sheets upwards'},text_02_chapter_06_sago_palm,40,teop1238,teop1238a,WORD_ALIGNED,"{""ART"": ""Article"", ""SG"": ""singular"", ""CONT"": ""Continuity"", ""APPL"": ""Applicative Particle"", ""PL"": ""plural"", ""IPFV"": ""Imperfective"", ""OBJ"": ""Object""}"
teop1238a-text_02_chapter_06_sago_palm-41,A dorana a aba vai gina to pasi kisi bata ni nom bona vana atovo tea varuvaru na inu.,a	dorana	a	aba	vai	gina	to	pasi	kisi	bata	ni	nom	bona	vana~atovo	te=a	varuvaru	n=a	inu,ART2.SG	four	ART2.SG	person	DEM6	on.top	REL	TM4	tie	CONT	APPL	IPFV	OBJ.ART3.PL	thatch.sheet	PREP=ART3.PL	rafter	3SG.POSS=ART2.SG	house,`The four people on top (of the scaffold) are the ones that will tie the thatch-sheets to the rafters of the house.'\footnote{lit. `The four people on top (are) who will tie the thatch sheets ...'},text_02_chapter_06_sago_palm,41,teop1238,teop1238a,WORD_ALIGNED,"{""ART"": ""Article"", ""SG"": ""singular"", ""DEM"": ""Demonstrative"", ""REL"": ""Relative"", ""TM"": ""tense/modality"", ""CONT"": ""Continuity"", ""APPL"": ""Applicative Particle"", ""IPFV"": ""Imperfective"", ""OBJ"": ""Object"", ""PL"": ""plural"", ""PREP"": ""Preposition"", ""POSS"": ""Possessive Marker""}"
teop1238a-text_02_chapter_06_sago_palm-42,A HUUN NO ATOVO O ANIANI,a	huun	n=o	atovo	o	ani{$\sim$}ani,ART2.SG	liquid	3SG.POSS=ART3.SG	sago.palm	ART3.SG	RED{$\sim$}eat,`THE EDIBLE SAGO PALM MASH',text_02_chapter_06_sago_palm,42,teop1238,teop1238a,WORD_ALIGNED,"{""ART"": ""Article"", ""SG"": ""singular"", ""POSS"": ""Possessive Marker"", ""RED"": ""reduplication""}"
teop1238a-text_02_chapter_06_sago_palm-43,A abana saka tagava pinopino haari bono atovo vai to pasi koro riori mene ani.,a	abana	saka	tagava	pinopino	haa=ri	bono	atovo	vai	to	pasi	koro	ri=ori	mene	ani,ART2.SG	people	NEG1	fell	carelessly	NEG2=2PL.IPFV	OBJ.ART3.SG	sago.palm	DEM6	REL	TM4	carve.out	3PL.IPFV=3PL.PRON	for	eat,`The people do not carelessly fell the sago palm that they will carve out for eating (the sago).',text_02_chapter_06_sago_palm,43,teop1238,teop1238a,WORD_ALIGNED,"{""ART"": ""Article"", ""SG"": ""singular"", ""NEG"": ""Negative"", ""PL"": ""plural"", ""IPFV"": ""Imperfective"", ""OBJ"": ""Object"", ""DEM"": ""Demonstrative"", ""REL"": ""Relative"", ""TM"": ""tense/modality"", ""PRON"": ""Pronoun""}"
teop1238a-text_02_chapter_06_sago_palm-44,"Na tara rori bono atovo vai o vahuusu vua,",na	tara	rori	bono	atovo	vai	o	vahuusu	vua,TM2	see	3PL.IPFV	OBJ.ART3.SG	sago.palm	DEM6	ART3.SG	close.to	bear.nuts,"`They see a sago palm close to bearing nuts,'",text_02_chapter_06_sago_palm,44,teop1238,teop1238a,WORD_ALIGNED,"{""TM"": ""tense/modality"", ""PL"": ""plural"", ""IPFV"": ""Imperfective"", ""OBJ"": ""Object"", ""ART"": ""Article"", ""SG"": ""singular"", ""DEM"": ""Demonstrative""}"
teop1238a-text_02_chapter_06_sago_palm-45,eori repaa tagava bari,e-ori	re=paa	tagava	bari,H-3PL.PRON	CONSEC=TM3	fell	4PL.PRON,"`and then they fell it,'",text_02_chapter_06_sago_palm,45,teop1238,teop1238a,WORD_ALIGNED,"{""PL"": ""plural"", ""PRON"": ""Pronoun"", ""CONSEC"": ""Consecutive"", ""TM"": ""tense/modality""}"
teop1238a-text_02_chapter_06_sago_palm-46,ei kou na nata vorien o atovo bona o mataa bara o manoto.,ei~kou	na	nata	vo=ri=en	o	atovo	bona	o	mataa	bara	o	manoto,because	TM2	know	GOAL=3PL.IPFV=DEM3	ART3.SG	sago.palm	ANA.SG	ART3.SG	good	and2	ART3.SG	ripe,`because they know that this sago palm is good and ripe.',text_02_chapter_06_sago_palm,46,teop1238,teop1238a,WORD_ALIGNED,"{""TM"": ""tense/modality"", ""GOAL"": ""goal"", ""PL"": ""plural"", ""IPFV"": ""Imperfective"", ""DEM"": ""Demonstrative"", ""ART"": ""Article"", ""SG"": ""singular"", ""ANA"": ""Anaphoric Demonstrative""}"
teop1238a-text_02_chapter_06_sago_palm-47,"Beori tagava bari, eori repaa kopaa pete bari.",be=ori	tagava	bari	e-ori	re=paa	kopaa	pete	bari,when=3PL.PRON	fell	4PL.PRON	H-3PL.PRON	CONSEC=TM3	cut.lengthwise	subsequently	4PL.PRON,"`When they have felled it, they cut it lengthwise.'",text_02_chapter_06_sago_palm,47,teop1238,teop1238a,WORD_ALIGNED,"{""PL"": ""plural"", ""PRON"": ""Pronoun"", ""CONSEC"": ""Consecutive"", ""TM"": ""tense/modality""}"
teop1238a-text_02_chapter_06_sago_palm-48,Murinae eori repaa koro bari bara tasu vamuramuraka bata bari.,muri-nae	e-ori	re=paa	koro	bari	bara	tasu	va-mura{$\sim$}muraka	bata	bari,after-3SG.POSS.PRON	H-3PL.PRON	CONSEC=TM3	carve.out	4PL.PRON	and2	beat	CAUS-RED{$\sim$}soft	CONT	4PL.PRON,`After that they cut it out and mash it (i.e. what they have carved out).',text_02_chapter_06_sago_palm,48,teop1238,teop1238a,WORD_ALIGNED,"{""SG"": ""singular"", ""POSS"": ""Possessive Marker"", ""PRON"": ""Pronoun"", ""PL"": ""plural"", ""CONSEC"": ""Consecutive"", ""TM"": ""tense/modality"", ""CAUS"": ""Causative"", ""RED"": ""reduplication"", ""CONT"": ""Continuity""}"
teop1238a-text_02_chapter_06_sago_palm-49,Eori repaa garuhu bari ruene.,e-ori	re=paa	garuhu	bari	ruene,H-3PL.PRON	CONSEC=TM3	wash	4PL.PRON	fresh.water,`Then they wash it (the mash) in fresh water.',text_02_chapter_06_sago_palm,49,teop1238,teop1238a,WORD_ALIGNED,"{""PL"": ""plural"", ""PRON"": ""Pronoun"", ""CONSEC"": ""Consecutive"", ""TM"": ""tense/modality""}"
teop1238a-text_02_chapter_06_sago_palm-50,Beori garuhu bari ore paa posi batari bari vo tea maa nahu vai amaa beera ge pagete.,be=ori	garuhu	bari	o=re	paa	posi	bata=ri	bari	vo	te=a	maa	nahu	vai	a=maa	beera	ge	pagete,when=3PL.PRON	wash	4PL.PRON	3.PRON=CONSEC	TM3	squeeze	CONT=3PL.IPFV	4PL.PRON	GOAL	PREP=ART2.SG	PLM	pot	DEM6	ART2.SG=PLM	large	or	bucket,"`When they have washed it, they squeeze it (the water out of the mash) into large pots or buckets.'",text_02_chapter_06_sago_palm,50,teop1238,teop1238a,WORD_ALIGNED,"{""PL"": ""plural"", ""PRON"": ""Pronoun"", ""CONSEC"": ""Consecutive"", ""TM"": ""tense/modality"", ""CONT"": ""Continuity"", ""IPFV"": ""Imperfective"", ""GOAL"": ""goal"", ""PREP"": ""Preposition"", ""ART"": ""Article"", ""SG"": ""singular"", ""PLM"": ""Plural Marker"", ""DEM"": ""Demonstrative""}"
teop1238a-text_02_chapter_06_sago_palm-51,O hum vai to ani riori pasi taviana vaavaha komana bata nom.,o	hum	vai	to	ani	ri=ori	pasi	ta-viana	vaavaha	komana	bata	nom,ART3.SG	part	DEM6	REL	eat	3PL.IPFV=3PL.PRON	TM4	ACAUS-select	separate	self	CONT	IPFV,`The part that they eat gets separated.',text_02_chapter_06_sago_palm,51,teop1238,teop1238a,WORD_ALIGNED,"{""ART"": ""Article"", ""SG"": ""singular"", ""DEM"": ""Demonstrative"", ""REL"": ""Relative"", ""PL"": ""plural"", ""IPFV"": ""Imperfective"", ""PRON"": ""Pronoun"", ""TM"": ""tense/modality"", ""ACAUS"": ""Anticausative"", ""CONT"": ""Continuity""}"
teop1238a-text_02_chapter_06_sago_palm-52,"Beve raka, ore paa kakaavoo.",beve	raka	o=re	paa	kakaavoo,when.3SG.PRON	dry	3.PRON=CONSEC	TM3	white,"`When it is dry, it becomes white.'",text_02_chapter_06_sago_palm,52,teop1238,teop1238a,WORD_ALIGNED,"{""SG"": ""singular"", ""PRON"": ""Pronoun"", ""CONSEC"": ""Consecutive"", ""TM"": ""tense/modality""}"
teop1238a-text_02_chapter_06_sago_palm-53,MOROKO VAGEGEANA,moroko	vagegeana,talk	last,`CONCLUSION',text_02_chapter_06_sago_palm,53,teop1238,teop1238a,WORD_ALIGNED,{}
teop1238a-text_02_chapter_06_sago_palm-54,"O atovo o mataa, a haihai teve a beera sana en teara to vigu inu ni rara o atovo.",o	atovo	o	mataa	a	haihai	teve	a	beera	sana	en	te=ara	to	vigu	inu	ni	rara	o	atovo,ART3.SG	sago.palm	ART3.SG	good	ART2.SG	help	PREP.3SG.PRON	ART2.SG	big	very	DEM3	PREP=1PL.IN.PRON	REL	build	house	APPL	1PL.IN.IPFV	ART3.SG	sago.palm,"`The sago palm is good, its help is very big for us who use the sago palm for building houses.'",text_02_chapter_06_sago_palm,54,teop1238,teop1238a,WORD_ALIGNED,"{""ART"": ""Article"", ""SG"": ""singular"", ""PREP"": ""Preposition"", ""PRON"": ""Pronoun"", ""DEM"": ""Demonstrative"", ""PL"": ""plural"", ""IN"": ""inclusive"", ""REL"": ""Relative"", ""APPL"": ""Applicative Particle"", ""IPFV"": ""Imperfective""}"
teop1238a-text_03_chapter_07_canoe_tree-1,O VAHUTATE NO NAONO SINIVI,o	vahutate	n=o	naono	sinivi,ART3.SG	story	3SG.POSS=ART3.SG	tree	canoe,"`THE STORY OF THE CANOE TREE (Blackboard tree, Indian devil tree)'",text_03_chapter_07_canoe_tree,1,teop1238,teop1238a,WORD_ALIGNED,"{""ART"": ""Article"", ""SG"": ""singular"", ""POSS"": ""Possessive Marker""}"
teop1238a-text_03_chapter_07_canoe_tree-2,"O sinivi na paku raara bona maa naono to dao raara bono maramakasi, o bio ae o naosinivi.",o	sinivi	na	paku	ra=ara	bona	maa	naono	to	dao	ra=ara	bona	maramakasi	o	bio	ae	o	nao-sinivi,ART3.SG	canoe	TM2	make	1PL.IN.IPFV=1PL.IN.PRON	OBJ.ART2.SG	PLM	tree	REL	call	1PL.IN.IPFV=1PL.IN.PRON	OBJ.ART3.SG	maramakasi	ART3.SG	bio	and1	ART3.sg	tree-canoe,"`We make the canoe from the trees that are called maramakasi, bio (a ficus species) and canoe tree.'",text_03_chapter_07_canoe_tree,2,teop1238,teop1238a,WORD_ALIGNED,"{""ART"": ""Article"", ""SG"": ""singular"", ""TM"": ""tense/modality"", ""PL"": ""plural"", ""IN"": ""inclusive"", ""IPFV"": ""Imperfective"", ""PRON"": ""Pronoun"", ""OBJ"": ""Object"", ""PLM"": ""Plural Marker"", ""REL"": ""Relative""}"
teop1238a-text_03_chapter_07_canoe_tree-3,Evehee enaa kahi vahutate koa ni nom o naosinivi.,evehee	e-naa	kahi	vahutate	koa	ni	nom	o	nao-sinivi,but	H-1SG.PRON	TM1	tell.story	just	APPL	IPFV	ART3.SG	tree-canoe,`But I'll talk only about the canoe tree',text_03_chapter_07_canoe_tree,3,teop1238,teop1238a,WORD_ALIGNED,"{""SG"": ""singular"", ""PRON"": ""Pronoun"", ""TM"": ""tense/modality"", ""APPL"": ""Applicative Particle"", ""IPFV"": ""Imperfective"", ""ART"": ""Article""}"
teop1238a-text_03_chapter_07_canoe_tree-4,O naono vai o sinivi na taba beera kurusu kiri nana bona tavaan to popo rori teo toro mohina.,o	naono	vai	o	sinivi	na	taba	beera	kurusu	ki=ri	nana	bona	tavaan	vai	to	popo	rori	te=o	toro~mohina,ART3.SG	tree	DEM6	ART3.SG	canoe	TM2	thing	important	very	DAT=3PL.OBJM	3SG.IPFV	OBJ.ART2.SG	people	DEM6	REL	live	3PL.IPFV	PREP=ART3.SG	island,`This canoe tree is a very important thing for the people who live on an island.',text_03_chapter_07_canoe_tree,4,teop1238,teop1238a,WORD_ALIGNED,"{""ART"": ""Article"", ""SG"": ""singular"", ""DEM"": ""Demonstrative"", ""TM"": ""tense/modality"", ""DAT"": ""Dative"", ""PL"": ""plural"", ""OBJM"": ""Object Marker"", ""IPFV"": ""Imperfective"", ""OBJ"": ""Object"", ""REL"": ""Relative"", ""PREP"": ""Preposition""}"
teop1238a-text_03_chapter_07_canoe_tree-5,"Bea tavaan tara bono naono sinivi o sii rutaa beve pura nana rasuu,",be=a	tavaan	tara	bono	naono	sinivi	o	sii	rutaa	beve	pura	nana	rasuu,when=ART2.SG	people	see	ART3.SG	tree	canoe	ART3.SG	DIM	small	when.3SG.PRON	grow	3SG.IPFV	jungle,"`When the people see a little canoe tree growing in the jungle,'",text_03_chapter_07_canoe_tree,5,teop1238,teop1238a,WORD_ALIGNED,"{""ART"": ""Article"", ""SG"": ""singular"", ""DIM"": ""Diminutive"", ""PRON"": ""Pronoun"", ""IPFV"": ""Imperfective""}"
teop1238a-text_03_chapter_07_canoe_tree-6,"eori repaa kiu kahi ni bari,",e-ori	re=paa	kiu	kahi	ni	bari,H-3PL.PRON	CONSEC=TM3	work	from	APPL	4PL.PRON,"`they clear the ground around it,'",text_03_chapter_07_canoe_tree,6,teop1238,teop1238a,WORD_ALIGNED,"{""PL"": ""plural"", ""PRON"": ""Pronoun"", ""CONSEC"": ""Consecutive"", ""TM"": ""tense/modality"", ""APPL"": ""Applicative Particle""}"
teop1238a-text_03_chapter_07_canoe_tree-7,ore paa sun nana tea mamana,o=re	paa	sun	nana	te=a	mamana,3.PRON=CONSEC	TM3	stand	3SG.IPFV	PREP=ART2.SG	open.space,`so that it stands in the open.',text_03_chapter_07_canoe_tree,7,teop1238,teop1238a,WORD_ALIGNED,"{""PRON"": ""Pronoun"", ""CONSEC"": ""Consecutive"", ""TM"": ""tense/modality"", ""SG"": ""singular"", ""IPFV"": ""Imperfective"", ""PREP"": ""Preposition"", ""ART"": ""Article""}"
teop1238a-text_03_chapter_07_canoe_tree-8,"Eve repaa pura hiava komana, beori kikira batari bari.",eve	re=paa	pura	hiava	komana	be=ori	kikira	bata=ri	bari,H.3SG.PRON	CONSEC=TM3	grow	go.up	self	while=3PL.PRON	look.after	CONT=3PL.IPFV	4PL.PRON,"`Then it grows up, while they are looking after it.'",text_03_chapter_07_canoe_tree,8,teop1238,teop1238a,WORD_ALIGNED,"{""SG"": ""singular"", ""PRON"": ""Pronoun"", ""CONSEC"": ""Consecutive"", ""TM"": ""tense/modality"", ""PL"": ""plural"", ""CONT"": ""Continuity"", ""IPFV"": ""Imperfective""}"
teop1238a-text_03_chapter_07_canoe_tree-9,"Beo meho aba tara bono naosinivi paa kiu kahi ni vori,",be=o	meho	aba	tara	bono	nao-sinivi	paa	kiu	kahi	ni	v=ori,when=ART2.PL	other2.PL	person	see	ART3.SG	tree-canoe	TM3	work	from	APPL	PFV=3PL.PRON,"`When other people see that the canoe tree has been freed from the undergrowth around it,'\footnote{lit. `When other people see the canoe tree has been worked from by them,'}",text_03_chapter_07_canoe_tree,9,teop1238,teop1238a,WORD_ALIGNED,"{""ART"": ""Article"", ""PL"": ""plural"", ""SG"": ""singular"", ""TM"": ""tense/modality"", ""APPL"": ""Applicative Particle"", ""PFV"": ""Perfective"", ""PRON"": ""Pronoun""}"
teop1238a-text_03_chapter_07_canoe_tree-10,"ori paa kona voen, a aba to paa kiu kahi niu bona, eve to vaahito nana. Saka antee haa riori tea mosi.",ori	paa	kona	vo=en	a	aba	to	paa	kiu	kahi	ni=u	bona	e-ve	to	vaahito	nana	saka	antee	haa	ri=ori	tea	mosi,3PL.PRON	TM3	recognize	like=DEM3	ART2.SG	person	REL	TM3	work	from	APPL=PFV	4SG.PRON	H-3SG.PRON	REL	own	3SG.IPFV	NEG1	can	NEG2	3PL.IPFV=3PL.PRON	COMPL1	cut,`they recognize that the person who has done this work is the one who owns it. They cannot cut it down.'\footnote{lit. `... the person who has worked  (and removed the untergrowth) from it'},text_03_chapter_07_canoe_tree,10,teop1238,teop1238a,WORD_ALIGNED,"{""PL"": ""plural"", ""PRON"": ""Pronoun"", ""TM"": ""tense/modality"", ""DEM"": ""Demonstrative"", ""ART"": ""Article"", ""SG"": ""singular"", ""REL"": ""Relative"", ""APPL"": ""Applicative Particle"", ""PFV"": ""Perfective"", ""IPFV"": ""Imperfective"", ""NEG"": ""Negative"", ""COMPL"": ""Complementizer""}"
teop1238a-text_03_chapter_07_canoe_tree-11,"Eori to popo rori rapana kasuana bara tea maa toro mohina, toro tei mi bono sinivi,",e-ori	to	popo	rori	rapa-n=a	kasuana	bara	te=a	maa	toro~mohina	toro	tei	mi	bono	sinivi,H-3PL.PRON	REL	live	3PL.IPFV	side-3SG.POSS=ART2.SG	coast	and2	PREP=ART2.SG	PLM	island	TM7	be.there	with	ART3.SG	canoe,"`Those who live along the coast or on the islands, must have a canoe,'",text_03_chapter_07_canoe_tree,11,teop1238,teop1238a,WORD_ALIGNED,"{""PL"": ""plural"", ""PRON"": ""Pronoun"", ""REL"": ""Relative"", ""IPFV"": ""Imperfective"", ""SG"": ""singular"", ""POSS"": ""Possessive Marker"", ""ART"": ""Article"", ""PREP"": ""Preposition"", ""PLM"": ""Plural Marker"", ""TM"": ""tense/modality""}"
teop1238a-text_03_chapter_07_canoe_tree-12,"tea tabae beori hiki, eori repaa hiki ta taba toro hae ori tea vagana.",tea~tabae	be=ori	hiki	e-ori	re=paa	hiki	ta	taba	toro	hae	ori	tea	vagana,because	if=3PL.PRON	not.have	H-3PL.PRON	CONSEC=TM3	not.have	NSPEC2.SG	thing	TM7	board	3PL.PRON	COMPL1	go.fishing,"`because if they don't, they wouldn't have anything that they could board to go fishing,'",text_03_chapter_07_canoe_tree,12,teop1238,teop1238a,WORD_ALIGNED,"{""PL"": ""plural"", ""PRON"": ""Pronoun"", ""CONSEC"": ""Consecutive"", ""TM"": ""tense/modality"", ""NSPEC"": ""Non-Specific"", ""SG"": ""singular"", ""COMPL"": ""Complementizer""}"
teop1238a-text_03_chapter_07_canoe_tree-13,Beori rake mee tea hua pahana tea maa meha maa toro mohina.,be=ori	rake	mee	tea	hua	pahana	te=a	maa	meha	maa	toro~mohina,when=3PL.PRON	want	also	COMPL1	paddle	cross	PREP=ART2.SG	PLM	other2.SG	PLM	island,"`Also, when they want to paddle across (the bay) to the (other) islands.'",text_03_chapter_07_canoe_tree,13,teop1238,teop1238a,WORD_ALIGNED,"{""PL"": ""plural"", ""PRON"": ""Pronoun"", ""COMPL"": ""Complementizer"", ""PREP"": ""Preposition"", ""ART"": ""Article"", ""SG"": ""singular"", ""PLM"": ""Plural Marker""}"
teop1238a-text_03_chapter_07_canoe_tree-14,"Bea aba hiki to naosinivi mene paku sinivi,",be=a	aba	hiki	to	nao-sinivi	mene	paku	sinivi,when=ART2.SG	person	not.have	REL	tree-canoe	for	make	canoe,"`If someone does not have a canoe tree for making a canoe,'",text_03_chapter_07_canoe_tree,14,teop1238,teop1238a,WORD_ALIGNED,"{""ART"": ""Article"", ""SG"": ""singular"", ""REL"": ""Relative""}"
teop1238a-text_03_chapter_07_canoe_tree-15,toro paku ta hanana vai toro vaahito kaakoo mee to sinivi kiri bona vuu tom sinana.,toro	paku	ta	hanana	vai	toro	vaahito	kaakoo	mee	to	sinivi	ki=ri	bona	vuu	tom	sina=na,TM7	make	NSPEC2.SG	way	DEM6	TM7	own	move	also	NSPEC3.SG	canoe	DAT=3PL.OBJM	ART2.SG	cluster	DYAD	mother=DEREL,`(he or she) should find some other way to acquire a canoe for the family.'\footnote{lit. `... should find a way by which (he or she) also must acquire a canoe ...'},text_03_chapter_07_canoe_tree,15,teop1238,teop1238a,WORD_ALIGNED,"{""TM"": ""tense/modality"", ""NSPEC"": ""Non-Specific"", ""SG"": ""singular"", ""DEM"": ""Demonstrative"", ""DAT"": ""Dative"", ""PL"": ""plural"", ""OBJM"": ""Object Marker"", ""ART"": ""Article"", ""DYAD"": ""Dyadic Relationship Marker,"", ""DEREL"": ""Derelational""}"
teop1238a-text_03_chapter_07_canoe_tree-16,Meara toro kikira nio naosinivi eara mene hiki sinivi.,me=ara	toro	kikira	ni=o	nao-sinivi	e-ara	mene	hiki	sinivi,and4=1PL.IN.PRON	TM7	look.after	APPL=ART3.SG	tree-sinivi	H-1PL.IN.PRON	TM6	not.have	canoe,"`We must look after the canoe tree, otherwise we would not have canoes.'",text_03_chapter_07_canoe_tree,16,teop1238,teop1238a,WORD_ALIGNED,"{""PL"": ""plural"", ""IN"": ""inclusive"", ""PRON"": ""Pronoun"", ""TM"": ""tense/modality"", ""APPL"": ""Applicative Particle"", ""ART"": ""Article"", ""SG"": ""singular""}"
teop1238a-text_04_chapter_08_breadfruit_tree-1,"O baneo vai o visoasi, o baneo vai o kare pura, to mei nana tea manoto.",o	baneo	vai	o	visoasi	o	baneo	vai	o	kare	pura	to	mei	nana	tea	manoto,ART3.SG	breadfruit.tree	DEM6	ART3.SG	young	ART3.SG	breadfruit.tree	DEM6	ART3.SG	recently	grow	REL	do.not.happen.yet	3SG.IPFV	COMPL1	mature,`The young breadfruit tree is a breadfruit tree that has only recently started growing and is not mature yet.'\footnote{lit. `The young breadfruit tree is a recently grown breadfruit tree that does not happen yet to be mature.'},text_04_chapter_08_breadfruit_tree,1,teop1238,teop1238a,WORD_ALIGNED,"{""ART"": ""Article"", ""SG"": ""singular"", ""DEM"": ""Demonstrative"", ""REL"": ""Relative"", ""IPFV"": ""Imperfective"", ""COMPL"": ""Complementizer""}"
teop1238a-text_04_chapter_08_breadfruit_tree-2,MOSI NAONO BANEO,mosi	naono	baneo,cut	tree	breadfruit.tree,`CUTTING BREADFRUIT TREES',text_04_chapter_08_breadfruit_tree,2,teop1238,teop1238a,WORD_ALIGNED,{}
teop1238a-text_04_chapter_08_breadfruit_tree-3,"Bea abana tau paku bona kave goroto,",be=a	abana	tau	paku	bona	kave	goroto,when=ART2.SG	people	TM5	make	OBJ.ART2.SG	net	turtle,"`When people are about to make a turtle net,'",text_04_chapter_08_breadfruit_tree,3,teop1238,teop1238a,WORD_ALIGNED,"{""ART"": ""Article"", ""SG"": ""singular"", ""TM"": ""tense/modality"", ""OBJ"": ""Object""}"
teop1238a-text_04_chapter_08_breadfruit_tree-4,eori repaa paku bona vahiihio.,e-ori	re=paa	paku	bona	va-hii{$\sim$}hio,H-3PL.PRON	CONSEC=TM3	make	OBJ.ART2.SG	MULT-RED{$\sim$}sit,`they will have a meeting',text_04_chapter_08_breadfruit_tree,4,teop1238,teop1238a,WORD_ALIGNED,"{""PL"": ""plural"", ""PRON"": ""Pronoun"", ""CONSEC"": ""Consecutive"", ""TM"": ""tense/modality"", ""OBJ"": ""Object"", ""ART"": ""Article"", ""SG"": ""singular"", ""MULT"": ""multiple situation"", ""RED"": ""reduplication""}"
teop1238a-text_04_chapter_08_breadfruit_tree-5,"E beera repaa sue,",e	beera	re=paa	sue,ART1.SG	chief	CONSEC=TM3	say,"`Then the chief says,'",text_04_chapter_08_breadfruit_tree,5,teop1238,teop1238a,WORD_ALIGNED,"{""ART"": ""Article"", ""SG"": ""singular"", ""CONSEC"": ""Consecutive"", ""TM"": ""tense/modality""}"
teop1238a-text_04_chapter_08_breadfruit_tree-6,"``Bara tobara visoasi, eara kahi paku rara a kave goroto.",bara	tobara	visoasi	e-ara	kahi	paku	rara	a	kave	goroto,well	group	young	H-1PL.IN.PRON	TM1	make	1PL.IN.IPFV	ART2.SG	net	turtle,"`{``}Well young boys, we are going to make a turtle net.'",text_04_chapter_08_breadfruit_tree,6,teop1238,teop1238a,WORD_ALIGNED,"{""PL"": ""plural"", ""IN"": ""inclusive"", ""PRON"": ""Pronoun"", ""TM"": ""tense/modality"", ""IPFV"": ""Imperfective"", ""ART"": ""Article"", ""SG"": ""singular""}"
teop1238a-text_04_chapter_08_breadfruit_tree-7,Eam toro nao tea mosi ta maa naono baneo vai ta maa rutarutaa.'',e-am	toro	nao	tea	mosi	ta	maa	naono	baneo	vai	ta	maa	ruta{$\sim$}ruta,H-2PL.PRON	TM7	go	COMPL1	cut	NSPEC2.SG	PLM	tree	breadfruit	DEM6	NSPEC2.SG	PLM	RED{$\sim$}small,`You must go and cut some small breadfruit trees.''',text_04_chapter_08_breadfruit_tree,7,teop1238,teop1238a,WORD_ALIGNED,"{""PL"": ""plural"", ""PRON"": ""Pronoun"", ""TM"": ""tense/modality"", ""COMPL"": ""Complementizer"", ""NSPEC"": ""Non-Specific"", ""SG"": ""singular"", ""PLM"": ""Plural Marker"", ""DEM"": ""Demonstrative"", ""RED"": ""reduplication""}"
teop1238a-text_04_chapter_08_breadfruit_tree-8,Eori repaa nao.,e-ori	re=paa	nao,H-3PL.PRON	CONSEC=TM3	go,`Then they go.',text_04_chapter_08_breadfruit_tree,8,teop1238,teop1238a,WORD_ALIGNED,"{""PL"": ""plural"", ""PRON"": ""Pronoun"", ""CONSEC"": ""Consecutive"", ""TM"": ""tense/modality""}"
teop1238a-text_04_chapter_08_breadfruit_tree-9,HIHI BONA KAPA BANEO,hihi	bona	kapa	baneo,pull.off	OBJ.ART3.PL	cover	breadfruit.tree,`PULLING OFF THE COVER OF BREADFRUIT TREES',text_04_chapter_08_breadfruit_tree,9,teop1238,teop1238a,WORD_ALIGNED,"{""OBJ"": ""Object"", ""ART"": ""Article"", ""PL"": ""plural""}"
teop1238a-text_04_chapter_08_breadfruit_tree-10,"Beori mosi vakavara maa bona naono baneo vai a rutarutaa,",be=ori	mosi	va-kavara	maa	bona	naono	baneo	vai	a	ruta{$\sim$}rutaa,when=3PL.PRON	cut	ADVR-complete	hither	OBJ.ART3.PL	tree	breadfruit	DEM6	ART3.PL	RED{$\sim$}small,"`When they have finished cutting the small breadfruit trees,'",text_04_chapter_08_breadfruit_tree,10,teop1238,teop1238a,WORD_ALIGNED,"{""PL"": ""plural"", ""PRON"": ""Pronoun"", ""ADVR"": ""Adverbializer"", ""OBJ"": ""Object"", ""ART"": ""Article"", ""DEM"": ""Demonstrative"", ""RED"": ""reduplication""}"
teop1238a-text_04_chapter_08_breadfruit_tree-11,eori repaa dee voosu maa bari.,e-ori	re=paa	dee	voosu	maa	bari,H-3PL.PRON	CONSEC=TM3	carry	go.home	hither	4PL.PRON,`they carry them home.',text_04_chapter_08_breadfruit_tree,11,teop1238,teop1238a,WORD_ALIGNED,"{""PL"": ""plural"", ""PRON"": ""Pronoun"", ""CONSEC"": ""Consecutive"", ""TM"": ""tense/modality""}"
teop1238a-text_04_chapter_08_breadfruit_tree-12,"A naono baneo vai a rutarutaa na mataa nana, suku bona na kobusu nana",a	naono	baneo	vai	a	ruta{$\sim$}rutaa	na	mataa	nana	suku	bona	na	kobusu	nana,ART3.PL	tree	breadfruit	DEM6	ART3.PL	RED{$\sim$}small	TM2	good	3SG.IPFV	because	4SG.PRON	TM2	moist	3SG.IPFV,"`The small breadfruit trees are good, because they are moist,'",text_04_chapter_08_breadfruit_tree,12,teop1238,teop1238a,WORD_ALIGNED,"{""ART"": ""Article"", ""PL"": ""plural"", ""DEM"": ""Demonstrative"", ""RED"": ""reduplication"", ""TM"": ""tense/modality"", ""SG"": ""singular"", ""IPFV"": ""Imperfective"", ""PRON"": ""Pronoun""}"
teop1238a-text_04_chapter_08_breadfruit_tree-13,me na antee nana tea tahihi vamataa.,me	na	antee	nana	tea	ta-hihi	va-mataa,and4	TM2	can	3SG.IPFV	COMPL1	ACAUS-peel.off	ADVR-good,`and (the fibres) can easily be peeled off.',text_04_chapter_08_breadfruit_tree,13,teop1238,teop1238a,WORD_ALIGNED,"{""TM"": ""tense/modality"", ""SG"": ""singular"", ""IPFV"": ""Imperfective"", ""COMPL"": ""Complementizer"", ""ACAUS"": ""Anticausative"", ""ADVR"": ""Adverbializer""}"
teop1238a-text_04_chapter_08_breadfruit_tree-14,"Beori dee voosu maa bari,",be=ori	dee	voosu	maa	bari,when=3PL.PRON	carry	go.home	hither	4PL.PRON,"`When they have brought them home,'",text_04_chapter_08_breadfruit_tree,14,teop1238,teop1238a,WORD_ALIGNED,"{""PL"": ""plural"", ""PRON"": ""Pronoun""}"
teop1238a-text_04_chapter_08_breadfruit_tree-15,"eori repaa taneo tea kahu bono kapa vaa toonuna,",e-ori	re=paa	taneo	tea	kahu	bono	kapa	vaa	toonu-na,H-3PL.PRON	CONSEC=TM3	start	COMPL1	scrape	OBJ.ART3.SG	cover	LNK	top-DEREL,"`they start scraping off the top cover (i.e. the bark),'",text_04_chapter_08_breadfruit_tree,15,teop1238,teop1238a,WORD_ALIGNED,"{""PL"": ""plural"", ""PRON"": ""Pronoun"", ""CONSEC"": ""Consecutive"", ""TM"": ""tense/modality"", ""COMPL"": ""Complementizer"", ""OBJ"": ""Object"", ""ART"": ""Article"", ""SG"": ""singular"", ""LNK"": ""Linker"", ""DEREL"": ""Derelational""}"
teop1238a-text_04_chapter_08_breadfruit_tree-16,beori varoava batari bari.,be=ori	va-roava	bata=ri	bari,when=3PL.PRON	CAUS-be.in.the.sun	CONT=3PL.IPFV	4PL.PRON,`while they are putting them in the sun.',text_04_chapter_08_breadfruit_tree,16,teop1238,teop1238a,WORD_ALIGNED,"{""PL"": ""plural"", ""PRON"": ""Pronoun"", ""CAUS"": ""Causative"", ""CONT"": ""Continuity"", ""IPFV"": ""Imperfective""}"
teop1238a-text_04_chapter_08_breadfruit_tree-17,"Beve raka, eori repaa hihi pete bari.",beve	raka	e-ori	re=paa	hihi	pete	bari,when.3SG.PRON	dry	H-3PL.PRON	CONSEC=TM3	pull.off.fibres	subsequently	4PL.PRON,"`When they are dry, they will pull off the fibres.'",text_04_chapter_08_breadfruit_tree,17,teop1238,teop1238a,WORD_ALIGNED,"{""SG"": ""singular"", ""PRON"": ""Pronoun"", ""PL"": ""plural"", ""CONSEC"": ""Consecutive"", ""TM"": ""tense/modality""}"
teop1238a-text_04_chapter_08_breadfruit_tree-18,"Eori repaa varoava vahabana bari, eve re kiksi.",e-ori	re=paa	va-roava	vahabana	bari	eve	re	kiksi,H-3PL.PRON	CONSEC=TM3	CAUS-be.in.the.sun	again	4PL.PRON	3SG.PRON	CONSEC	strong,"`Then they will put them in the sun again, so that they become strong.'",text_04_chapter_08_breadfruit_tree,18,teop1238,teop1238a,WORD_ALIGNED,"{""PL"": ""plural"", ""PRON"": ""Pronoun"", ""CONSEC"": ""Consecutive"", ""TM"": ""tense/modality"", ""CAUS"": ""Causative"", ""SG"": ""singular""}"
teop1238a-text_04_chapter_08_breadfruit_tree-19,"Beve mahaka vakavara,",beve	mahaka	va-kavara,when.3SG.PRON	dry	ADVR-complete,"`When they are completely dry,'",text_04_chapter_08_breadfruit_tree,19,teop1238,teop1238a,WORD_ALIGNED,"{""SG"": ""singular"", ""PRON"": ""Pronoun"", ""ADVR"": ""Adverbializer""}"
teop1238a-text_04_chapter_08_breadfruit_tree-20,eori repaa kahu mana bono kara baneo bona kehaa,e-ori	re=paa	kahu	mana	bono	kara	baneo	bona	kehaa,H-3PL.PRON	CONSEC=TM3	scrape	eventually	OBJ.ART3.SG	fibre	breadfruit.tree	OBJ.ART3.SG	seashell,`they eventually scrape the breadfruit tree fibres with a seashell',text_04_chapter_08_breadfruit_tree,20,teop1238,teop1238a,WORD_ALIGNED,"{""PL"": ""plural"", ""PRON"": ""Pronoun"", ""CONSEC"": ""Consecutive"", ""TM"": ""tense/modality"", ""OBJ"": ""Object"", ""ART"": ""Article"", ""SG"": ""singular""}"
teop1238a-text_04_chapter_08_breadfruit_tree-21,to dao riori bona sui.,to	dao	ri=ori	bona	sui,REL	call	3PL.IPFV=3PL.PRON	OBJ.ART2.SG	ark.shellfish,`that they call \textit{sui} (ark shellfish)',text_04_chapter_08_breadfruit_tree,21,teop1238,teop1238a,WORD_ALIGNED,"{""REL"": ""Relative"", ""PL"": ""plural"", ""IPFV"": ""Imperfective"", ""PRON"": ""Pronoun"", ""OBJ"": ""Object"", ""ART"": ""Article"", ""SG"": ""singular""}"
teop1238a-text_04_chapter_08_breadfruit_tree-22,"Murinae eori repaa sirisiri varutaa bono kara baneo,",muri-nae	e-ori	re=paa	siri{$\sim$}siri	va-rutaa	bono	kara	baneo,after-3SG.POSS.PRON	H-3PL.PRON	CONSEC=TM3	RED{$\sim$}tear.apart	CAUS-small	OBJ.ART3.SG	fibre	breadfruit.tree,`After that they tear the breadfruit tree fibres into small strips',text_04_chapter_08_breadfruit_tree,22,teop1238,teop1238a,WORD_ALIGNED,"{""SG"": ""singular"", ""POSS"": ""Possessive Marker"", ""PRON"": ""Pronoun"", ""PL"": ""plural"", ""CONSEC"": ""Consecutive"", ""TM"": ""tense/modality"", ""RED"": ""reduplication"", ""CAUS"": ""Causative"", ""OBJ"": ""Object"", ""ART"": ""Article""}"
teop1238a-text_04_chapter_08_breadfruit_tree-23,matatopo vaa tea vinugu.,matatopo	vaa	tea	vinugu,be.prepared	LNK	COMPL1	twist,`in preparation for twisting (strings).',text_04_chapter_08_breadfruit_tree,23,teop1238,teop1238a,WORD_ALIGNED,"{""LNK"": ""Linker"", ""COMPL"": ""Complementizer""}"
teop1238a-text_04_chapter_08_breadfruit_tree-24,KAVE GOROTO,{kave}	goroto,net	turtle,`TURTLE NET',text_04_chapter_08_breadfruit_tree,24,teop1238,teop1238a,WORD_ALIGNED,{}
teop1238a-text_04_chapter_08_breadfruit_tree-25,"Beori vinugu vakavara bona kanono,",be=ori	vinugu	va-kavara	bona	kanono,when=3PL.PRON	twist	ADVR-complete	OBJ.ART2.SG	string,`After they have finished twisting a string',text_04_chapter_08_breadfruit_tree,25,teop1238,teop1238a,WORD_ALIGNED,"{""PL"": ""plural"", ""PRON"": ""Pronoun"", ""ADVR"": ""Adverbializer"", ""OBJ"": ""Object"", ""ART"": ""Article"", ""SG"": ""singular""}"
teop1238a-text_04_chapter_08_breadfruit_tree-26,eori repaa taneo tea huha bona kave goroto.,e-ori	re=paa	taneo	tea	huha	bona	kave	goroto,H-3PL.PRON	CONSEC=TM3	start	COMPL1	tie	OBJ.ART2.SG	net	turtle,`they start tying the turtle net',text_04_chapter_08_breadfruit_tree,26,teop1238,teop1238a,WORD_ALIGNED,"{""PL"": ""plural"", ""PRON"": ""Pronoun"", ""CONSEC"": ""Consecutive"", ""TM"": ""tense/modality"", ""COMPL"": ""Complementizer"", ""OBJ"": ""Object"", ""ART"": ""Article"", ""SG"": ""singular""}"
teop1238a-text_04_chapter_08_breadfruit_tree-27,"Kavara na aba vai to huha vatotoena bata maari,",kavara	n=a	aba	vai	to	huha	va-totoena	bata	maa=ri,all	3SG.POSS=ART2.SG	person	DEM6	REL	tie	MULT-share	CONT	hither=3PL.IPFV,`Everybody who is involved in tying (the net)',text_04_chapter_08_breadfruit_tree,27,teop1238,teop1238a,WORD_ALIGNED,"{""SG"": ""singular"", ""POSS"": ""Possessive Marker"", ""ART"": ""Article"", ""DEM"": ""Demonstrative"", ""REL"": ""Relative"", ""MULT"": ""multiple situation"", ""CONT"": ""Continuity"", ""PL"": ""plural"", ""IPFV"": ""Imperfective""}"
teop1238a-text_04_chapter_08_breadfruit_tree-28,na vaa'antee bata maari bono peho mata kave.,na	vaa-antee	bata	maa=ri	bono	peho	mata	kave,TM2	CAUS-enough	CONT	hither=3PL.IPFV	OBJ.ART3.SG	one3.SG	mesh	net,`supplies one mesh of the net.',text_04_chapter_08_breadfruit_tree,28,teop1238,teop1238a,WORD_ALIGNED,"{""TM"": ""tense/modality"", ""CAUS"": ""Causative"", ""CONT"": ""Continuity"", ""PL"": ""plural"", ""IPFV"": ""Imperfective"", ""OBJ"": ""Object"", ""ART"": ""Article"", ""SG"": ""singular""}"
teop1238a-text_04_chapter_08_breadfruit_tree-29,Evei o vahutate no baneo visoasi.,eve=i	o	vahutate	n=o	baneo	visoasi,3SG.PRON=DEM1	ART3.SG	story	3SG.POSS=ART3.SG	breadfruit.tree	young,`So; this is the story of the young breadfruit tree.',text_04_chapter_08_breadfruit_tree,29,teop1238,teop1238a,WORD_ALIGNED,"{""SG"": ""singular"", ""PRON"": ""Pronoun"", ""DEM"": ""Demonstrative"", ""ART"": ""Article"", ""POSS"": ""Possessive Marker""}"
teop1238a-text_05_chapter_09_sea_poison_tree-1,"Bea abana huha bona kave to dao raara bona vunuu hata, eori repaa paku bono ogaoga bona vua poosusu.",be=a	abana	huha	bona	kave	to	dao	ra=ara	bona	vunuu	hata	e-ori	re=paa	paku	bono	ogaoga	bona	vua	poosusu,when=ART2.SG	people	tie	OBJ.ART2.SG	net	REL	call	1PL.IN.IPFV=1PL.IN.PRON	OBJ.ART2.SG	hair	bad	H-3PL.PRON	CONSEC=TM3	make	OBJ.ART2.PL	float	OBJ.ART3.PL	fruit	sea.poison.tree,"`When people tie the net that we call ``bad hair'', they make the floats out of sea poison tree fruit.'",text_05_chapter_09_sea_poison_tree,1,teop1238,teop1238a,WORD_ALIGNED,"{""ART"": ""Article"", ""SG"": ""singular"", ""OBJ"": ""Object"", ""REL"": ""Relative"", ""PL"": ""plural"", ""IN"": ""inclusive"", ""IPFV"": ""Imperfective"", ""PRON"": ""Pronoun"", ""CONSEC"": ""Consecutive"", ""TM"": ""tense/modality""}"
teop1238a-text_05_chapter_09_sea_poison_tree-2,Momohu na osi maari bona vua poosusu.,momohu	na	osi	maa=ri	bona	vua	poosusu,first	TM2	pick	hither=3PL.IPFV	OBJ.ART3.PL	fruit	sea.poison.tree,`First they pick the sea poison tree fruit.',text_05_chapter_09_sea_poison_tree,2,teop1238,teop1238a,WORD_ALIGNED,"{""TM"": ""tense/modality"", ""PL"": ""plural"", ""IPFV"": ""Imperfective"", ""OBJ"": ""Object"", ""ART"": ""Article""}"
teop1238a-text_05_chapter_09_sea_poison_tree-3,Eori repaa mosi kopaa bari.,e-ori	re=paa	mosi	kopaa	bari,H-3PL.PRON	CONSEC=TM3	cut	cut.lengthwise	4PL.PRON,`Then they cut them lengthwise into halves.',text_05_chapter_09_sea_poison_tree,3,teop1238,teop1238a,WORD_ALIGNED,"{""PL"": ""plural"", ""PRON"": ""Pronoun"", ""CONSEC"": ""Consecutive"", ""TM"": ""tense/modality""}"
teop1238a-text_05_chapter_09_sea_poison_tree-4,Murinae eori repaa toto bono vua komanae.,muri-nae	e-ori	re=paa	toto	bono	vua	koma-nae,after-3SG.POSS.PRON	H-3PL.PRON	CONSEC=TM3	take.out.seeds	ART3.SG	fruit	inside-3SG.POSS.PRON,`After that remove the seeds from their inside.',text_05_chapter_09_sea_poison_tree,4,teop1238,teop1238a,WORD_ALIGNED,"{""SG"": ""singular"", ""POSS"": ""Possessive Marker"", ""PRON"": ""Pronoun"", ""PL"": ""plural"", ""CONSEC"": ""Consecutive"", ""TM"": ""tense/modality"", ""ART"": ""Article""}"
teop1238a-text_05_chapter_09_sea_poison_tree-5,Eori repaa nibunibusu pete bona pesun.,e-ori	re=paa	nibu{$\sim$}nibusu	pete	bona	pesun,H-3PL.PRON	CONSEC=TM3	RED{$\sim$}make.holes	subsequently	OBJ.ART3.PL	husk,`Then they make holes into the fruit husks.',text_05_chapter_09_sea_poison_tree,5,teop1238,teop1238a,WORD_ALIGNED,"{""PL"": ""plural"", ""PRON"": ""Pronoun"", ""CONSEC"": ""Consecutive"", ""TM"": ""tense/modality"", ""RED"": ""reduplication"", ""OBJ"": ""Object"", ""ART"": ""Article""}"
teop1238a-text_05_chapter_09_sea_poison_tree-6,"A pesun to nibunibusu riori, eve to vaahana petepete bata riori tea roveana,",a	pesun	to	nibu{$\sim$}nibusu	ri=ori	eve	to	vaa-hana	pete{$\sim$}pete	bata	ri=ori	te=a	roveana,ART3.PL	husk	REL	RED{$\sim$}make.holes	3PL.IPFV=3PL.PRON	3SG.PRON	REL	CAUS-hang	RED{$\sim$}subsequently	CONT	3PL.IPFV=3PL.PRON	PREP=ART2.SG	seam,"`The husks into which they make holes, they hang them one after the other on the seam,'\footnote{lit. The husks which they make the holes, they (are) what they hang one after the other on the seam string'}",text_05_chapter_09_sea_poison_tree,6,teop1238,teop1238a,WORD_ALIGNED,"{""ART"": ""Article"", ""PL"": ""plural"", ""REL"": ""Relative"", ""RED"": ""reduplication"", ""IPFV"": ""Imperfective"", ""PRON"": ""Pronoun"", ""SG"": ""singular"", ""CAUS"": ""Causative"", ""CONT"": ""Continuity"", ""PREP"": ""Preposition""}"
teop1238a-text_05_chapter_09_sea_poison_tree-7,ore suguna komana tea vavaarihi na kave.,o=re	suguna	komana	tea	vavaarihi	n=a	kave,3.PRON=CONSEC	reach	altogether	PREP=ART3.PL	side	3SG.POSS=ART2.SG	net,`from the beginning to the end of net.'\footnote{lit. `so that they altogether arrive at the sides of the net'},text_05_chapter_09_sea_poison_tree,7,teop1238,teop1238a,WORD_ALIGNED,"{""PRON"": ""Pronoun"", ""CONSEC"": ""Consecutive"", ""PREP"": ""Preposition"", ""ART"": ""Article"", ""PL"": ""plural"", ""SG"": ""singular"", ""POSS"": ""Possessive Marker""}"
teop1238a-text_05_chapter_09_sea_poison_tree-8,A pesun poosusu vai to hana nana tea roveana to pasi agaaga bata nom.,a	pesun	poosusu	vai	to	hana	nana	te=a	roveana	to	pasi	aga{$\sim$}agaa	bata	nom,ART3.PL	husk	sea.poison.tree	DEM6	REL	hang	3SG.IPFV	PREP=ART2.SG	seam	REL	TM5	RED{$\sim$}float	CONT	IPFV,`The husks of the sea poison tree that are hanging on the seam will be floating.',text_05_chapter_09_sea_poison_tree,8,teop1238,teop1238a,WORD_ALIGNED,"{""ART"": ""Article"", ""PL"": ""plural"", ""DEM"": ""Demonstrative"", ""REL"": ""Relative"", ""SG"": ""singular"", ""IPFV"": ""Imperfective"", ""PREP"": ""Preposition"", ""TM"": ""tense/modality"", ""RED"": ""reduplication"", ""CONT"": ""Continuity""}"
teop1238a-text_05_chapter_09_sea_poison_tree-9,A vua poosusu to paku riori bona ogaoga.,a	vua	poosusu	to	paku	ri=ori	bono	ogaoga,ART3.PL	fruit	sea.poison.tree	REL	make	3PL.IPFV=3PL.PRON	ART2.PL	float,`The sea poison tree fruit are used to make floats.',text_05_chapter_09_sea_poison_tree,9,teop1238,teop1238a,WORD_ALIGNED,"{""ART"": ""Article"", ""PL"": ""plural"", ""REL"": ""Relative"", ""IPFV"": ""Imperfective"", ""PRON"": ""Pronoun""}"
teop1238a-text_06_chapter_10_bamboo-1,O koverau na pura nana rasuu.,o	koverau	na	pura	nana	rasuu,ART3.SG	koverau.bamboo	TM2	grow	3SG.IPFV	jungle,`The koverau bamboo grows in the jungle.',text_06_chapter_10_bamboo,1,teop1238,teop1238a,WORD_ALIGNED,"{""ART"": ""Article"", ""SG"": ""singular"", ""TM"": ""tense/modality"", ""IPFV"": ""Imperfective""}"
teop1238a-text_06_chapter_10_bamboo-2,O koverau saka tau pura vatotobin tamuana bata haana.,o	koverau	saka	tau	pura	va-totobin	tamuana	bata	haa=na,ART3.SG	koverau.bamboo	NEG1	TM5	grow	ADVR-straight	always	CONT	NEG2=3SG.IPFV,`The koverau bamboo might not always grow straight.',text_06_chapter_10_bamboo,2,teop1238,teop1238a,WORD_ALIGNED,"{""ART"": ""Article"", ""SG"": ""singular"", ""NEG"": ""Negative"", ""TM"": ""tense/modality"", ""ADVR"": ""Adverbializer"", ""CONT"": ""Continuity"", ""IPFV"": ""Imperfective""}"
teop1238a-text_06_chapter_10_bamboo-3,Tau hoa vanaavihu batana bara tau obete gunaha suku batana bona maa hum gunaha.,tau	hoa	vanaavihu	bata=na	bara	tau	obete	gunaha	suku	bata=na	bona	maa	hum	gunaha,TM5	arise	opposite.direction	CONT=3SG.IPFV	and2	TM5	lie	go.down	follow	CONT=3SG.IPFV	OBJ.ART2.SG	PLM	place	go.down,`(It) might grow in the opposite direction and lie on the ground following downwards the slopes of a mountain.',text_06_chapter_10_bamboo,3,teop1238,teop1238a,WORD_ALIGNED,"{""TM"": ""tense/modality"", ""CONT"": ""Continuity"", ""SG"": ""singular"", ""IPFV"": ""Imperfective"", ""OBJ"": ""Object"", ""ART"": ""Article"", ""PLM"": ""Plural Marker""}"
teop1238a-text_06_chapter_10_bamboo-4,Ei be pura tea maa vaeereere.,ei	be	pura	te=a	maa	vaereere,DEM2	COMPL2	grow	PREP=ART2.SG	PLM	edge.of.mountain,"`This (means) that (it) grows on the edges of mountains,'",text_06_chapter_10_bamboo,4,teop1238,teop1238a,WORD_ALIGNED,"{""DEM"": ""Demonstrative"", ""COMPL"": ""Complementizer"", ""PREP"": ""Preposition"", ""ART"": ""Article"", ""SG"": ""singular"", ""PLM"": ""Plural Marker""}"
teop1238a-text_06_chapter_10_bamboo-5,Pura vageegeno batari amaa meha.,pura	vageegeno	bata=ri	a=maa	meha,grow	crookedly	CONT=3PL.IPFV	ART2.SG=PLM	other2.SG,`Some grow crookedly.',text_06_chapter_10_bamboo,5,teop1238,teop1238a,WORD_ALIGNED,"{""CONT"": ""Continuity"", ""PL"": ""plural"", ""IPFV"": ""Imperfective"", ""ART"": ""Article"", ""SG"": ""singular"", ""PLM"": ""Plural Marker""}"
teop1238a-text_06_chapter_10_bamboo-6,O koverau na vaarutaa ki nana bono kururu.,o	koverau	na	vaa-rutaa	ki	nana	bono	kururu,ART3.SG	koverau.bamboo	TM2	CAUS-small	DAT	3SG.IPFV	OBJ.ART3.SG	kururu,`The koverau bamboo is smaller than the kururu bamboo.',text_06_chapter_10_bamboo,6,teop1238,teop1238a,WORD_ALIGNED,"{""ART"": ""Article"", ""SG"": ""singular"", ""TM"": ""tense/modality"", ""CAUS"": ""Causative"", ""DAT"": ""Dative"", ""IPFV"": ""Imperfective"", ""OBJ"": ""Object""}"
teop1238a-text_06_chapter_10_bamboo-7,"O naono o mataa, na paku raara bono tahitahi.",o	naono	o	mataa	na	paku	ra=ara	bono	tahi{$\sim$}tahi,ART3.SG	plant	ART3.SG	good	TM2	make	1PL.IN.IPFV=1PL.IN.PRON	OBJ.ART3.SG	RED{$\sim$}spear,"`(It is) a good plant, we make the spear from it.'",text_06_chapter_10_bamboo,7,teop1238,teop1238a,WORD_ALIGNED,"{""ART"": ""Article"", ""SG"": ""singular"", ""TM"": ""tense/modality"", ""PL"": ""plural"", ""IN"": ""inclusive"", ""IPFV"": ""Imperfective"", ""PRON"": ""Pronoun"", ""OBJ"": ""Object"", ""RED"": ""reduplication""}"
teop1238a-text_06_chapter_10_bamboo-8,"Bea otei tau nao tea mosi koverau,",be=a	otei	tau	nao	tea	mosi	koverau,when=ART2.SG	man	TM5	go	COMPL1	cut	koverau.bamboo,"`When a man is about to cut koverau bamboos,'",text_06_chapter_10_bamboo,8,teop1238,teop1238a,WORD_ALIGNED,"{""ART"": ""Article"", ""SG"": ""singular"", ""TM"": ""tense/modality"", ""COMPL"": ""Complementizer""}"
teop1238a-text_06_chapter_10_bamboo-9,toro tara vamataa kurus maa bona maa aba vai,toro	tara	va-mataa	kurus	maa	bona	maa	aba	vai,TM7	look	ADVR-good	very	hither	OBJ.ART2.SG	PLM	one2	DEM6,`(he) must look very closely at the ones',text_06_chapter_10_bamboo,9,teop1238,teop1238a,WORD_ALIGNED,"{""TM"": ""tense/modality"", ""ADVR"": ""Adverbializer"", ""OBJ"": ""Object"", ""ART"": ""Article"", ""SG"": ""singular"", ""PLM"": ""Plural Marker"", ""DEM"": ""Demonstrative""}"
teop1238a-text_06_chapter_10_bamboo-10,to pasi mosi maa nae mene o makaree teve.,to	pasi	mosi	maa	na=e	mene	o	makaree	teve,REL	TM4	cut	hither	3SG.IPFV=3SG.PRON	for	ART3.SG	fishing.spear	PREP.3SG.PRON,`that he will cut for his fishing spears.',text_06_chapter_10_bamboo,10,teop1238,teop1238a,WORD_ALIGNED,"{""REL"": ""Relative"", ""TM"": ""tense/modality"", ""SG"": ""singular"", ""IPFV"": ""Imperfective"", ""PRON"": ""Pronoun"", ""ART"": ""Article"", ""PREP"": ""Preposition""}"
teop1238a-text_06_chapter_10_bamboo-11,"Be dee voosu maa bona dee koverau teve,",be	dee	voosu	maa	bona	dee	koverau	te-ve,when	carry	go.home	hither	OBJ.ART2.SG	load	koverau.bamboo	PREP-3SG.PRON,"`When (he) brings his load of koverau bamboos home,'",text_06_chapter_10_bamboo,11,teop1238,teop1238a,WORD_ALIGNED,"{""OBJ"": ""Object"", ""ART"": ""Article"", ""SG"": ""singular"", ""PREP"": ""Preposition"", ""PRON"": ""Pronoun""}"
teop1238a-text_06_chapter_10_bamboo-12,"ore paa vaasun bona matana inu teori,",o=re	paa	vaa-sun	bona	mata-n=a	inu	te=ori,3.PRON=CONSEC	TM3	CAUS-stand	4SG.PRON	front-3SG.POSS=ART2.SG	house	PREP=3PL.PRON,"`he stands them up in front of their house,'",text_06_chapter_10_bamboo,12,teop1238,teop1238a,WORD_ALIGNED,"{""PRON"": ""Pronoun"", ""CONSEC"": ""Consecutive"", ""TM"": ""tense/modality"", ""CAUS"": ""Causative"", ""SG"": ""singular"", ""POSS"": ""Possessive Marker"", ""ART"": ""Article"", ""PREP"": ""Preposition"", ""PL"": ""plural""}"
teop1238a-text_06_chapter_10_bamboo-13,ei ore roava nana.,ei	o=re	roava	nana,DEM2	3.PRON=CONSEC	in.the.sun	3SG.IPFV,`so that they are exposed to the sun.',text_06_chapter_10_bamboo,13,teop1238,teop1238a,WORD_ALIGNED,"{""DEM"": ""Demonstrative"", ""PRON"": ""Pronoun"", ""CONSEC"": ""Consecutive"", ""SG"": ""singular"", ""IPFV"": ""Imperfective""}"
teop1238a-text_06_chapter_10_bamboo-14,"Be mahaka, ore paa aeae, ore paa nana mana bari teo suraa.",be	mahaka	o=re	paa	aeae	o=re	paa	nana	mana	bari	te=o	suraa,when	dry	3.PRON=CONSEC	TM3	light	3.PRON=CONSEC	TM3	warm	eventually	4PL.PRON	PREP=ART3.SG	fire,"`When (they) dry up, they become light, (and) then they (the men) warm them over the fire.'",text_06_chapter_10_bamboo,14,teop1238,teop1238a,WORD_ALIGNED,"{""PRON"": ""Pronoun"", ""CONSEC"": ""Consecutive"", ""TM"": ""tense/modality"", ""PL"": ""plural"", ""PREP"": ""Preposition"", ""ART"": ""Article"", ""SG"": ""singular""}"
teop1238a-text_06_chapter_10_bamboo-15,"Pasi nana bata nom ori, beori menamenaa vaatotobin batari bari.",pasi	nana	bata	nom	ori	be=ori	mena{$\sim$}menaa	vaa-totobin	bata=ri	bari,TM4	warm	CONT	IPFV	3PL.PRON	when=3PL.PRON	RED{$\sim$}bend	CAUS-straight	CONT=3PL.IPFV	4PL.PRON,"`They will warm them, while bending them straight.'",text_06_chapter_10_bamboo,15,teop1238,teop1238a,WORD_ALIGNED,"{""TM"": ""tense/modality"", ""CONT"": ""Continuity"", ""IPFV"": ""Imperfective"", ""PL"": ""plural"", ""PRON"": ""Pronoun"", ""RED"": ""reduplication"", ""CAUS"": ""Causative""}"
teop1238a-text_06_chapter_10_bamboo-16,"Beve totobin, ore paa kahu bono kosi no koverau,",beve	totobin	o=re	paa	kahu	bono	kosi	n=o	koverau,when.3SG.PRON	straight	3.PRON=CONSEC	TM3	scrape	OBJ.ART2.PL	bottom	3SG.POSS=ART3.SG	koverau.bamboo,"`When they (the bamboos) are straight, they scrape the bottom of the koverau bamboos,'",text_06_chapter_10_bamboo,16,teop1238,teop1238a,WORD_ALIGNED,"{""SG"": ""singular"", ""PRON"": ""Pronoun"", ""CONSEC"": ""Consecutive"", ""TM"": ""tense/modality"", ""OBJ"": ""Object"", ""ART"": ""Article"", ""PL"": ""plural"", ""POSS"": ""Possessive Marker""}"
teop1238a-text_06_chapter_10_bamboo-17,vaamatatopo vo tea vaatopo bono kuna sikiri,vaa-matatopo	vo	tea	vaa-topo	bono	kuna~sikiri,CAUS-be.prepared	GOAL	COMPL1	CAUS-stick	OBJ.ART2.PL	spike.of.fishing.spear,`(and) prepare (them) for sticking the spikes (into them).',text_06_chapter_10_bamboo,17,teop1238,teop1238a,WORD_ALIGNED,"{""CAUS"": ""Causative"", ""GOAL"": ""goal"", ""COMPL"": ""Complementizer"", ""OBJ"": ""Object"", ""ART"": ""Article"", ""PL"": ""plural""}"
teop1238a-text_06_chapter_10_bamboo-18,"Vaatopo vai bona maa kuna sikiri,",vaa-topo	vai	bona	maa	kuna~sikiri,CAUS-stick	now	OBJ.ART2.SG	PLM	spike.of.fishing.spear,"`Now (they) stick in the spikes,'",text_06_chapter_10_bamboo,18,teop1238,teop1238a,WORD_ALIGNED,"{""CAUS"": ""Causative"", ""OBJ"": ""Object"", ""ART"": ""Article"", ""SG"": ""singular"", ""PLM"": ""Plural Marker""}"
teop1238a-text_06_chapter_10_bamboo-19,ore paa pam bari bona kanono.,o=re	paa	pam	bari	bona	kanono,3.PRON=CONSEC	TM3	fasten.by.tying	4PL.PRON	OBJ.ART2.SG	string,`and fasten them with a string.',text_06_chapter_10_bamboo,19,teop1238,teop1238a,WORD_ALIGNED,"{""PRON"": ""Pronoun"", ""CONSEC"": ""Consecutive"", ""TM"": ""tense/modality"", ""PL"": ""plural"", ""OBJ"": ""Object"", ""ART"": ""Article"", ""SG"": ""singular""}"
teop1238a-text_06_chapter_10_bamboo-20,"Be kavara, erau are paa pokaa e bono makaree.",be	kavara	erau	a=re	paa	pokaa	e	bono	makaree,when	finished	so	1PL.IN.PRON=CONSEC	TM3	call	3SG.PRON	OBJ.ART3.SG	fishing.spear,"`When (this is) finished, then we call it the makaree fishing spear.'",text_06_chapter_10_bamboo,20,teop1238,teop1238a,WORD_ALIGNED,"{""PL"": ""plural"", ""IN"": ""inclusive"", ""PRON"": ""Pronoun"", ""CONSEC"": ""Consecutive"", ""TM"": ""tense/modality"", ""SG"": ""singular"", ""OBJ"": ""Object"", ""ART"": ""Article""}"
teop1238a-text_06_chapter_10_bamboo-21,"Bea abana nao tahii, toro ato momohu tea makaree teori mene tahi vamate bona iana vai a beera to pasi rahi riori tea kanono.",be=a	abana	nao	tahii	toro	ato	momohu	te=a	makaree	te=ori	mene	tahi	va-mate	bona	iana	vai	a	beera	to	pasi	rahi	ri=ori	te=a	kanono,when=ART2.SG	men	go	sea	TM7	get	first	PREP=ART3.PL	fishing.spear	PREP=3PL.PRON	for	spear	ADVR-dead	OBJ.ART2.SG	fish	DEM6	ART2.SG	big	REL	TM4	pull	3PL.IPFV=3PL.PRON	PREP=ART2.SG	string,"`When the men go fishing, (they) must first get their fishing spears for spearing a big fish to death that they will pull (out of the water) with a string.'",text_06_chapter_10_bamboo,21,teop1238,teop1238a,WORD_ALIGNED,"{""ART"": ""Article"", ""SG"": ""singular"", ""TM"": ""tense/modality"", ""PREP"": ""Preposition"", ""PL"": ""plural"", ""PRON"": ""Pronoun"", ""ADVR"": ""Adverbializer"", ""OBJ"": ""Object"", ""DEM"": ""Demonstrative"", ""REL"": ""Relative"", ""IPFV"": ""Imperfective""}"
teop1238a-text_06_chapter_10_bamboo-22,O kururu na vaapeha mi nana bono koverau.,o	kururu	na	vaa-peha	mi	nana	bono	koverau,ART3.SG	kururu.bamboo	TM2	CAUS-one	with	3SG.IPFV	OBJ.ART3.SG	koverau.bamboo,`The kururu bamboo is similar to the koverau bamboo.',text_06_chapter_10_bamboo,22,teop1238,teop1238a,WORD_ALIGNED,"{""ART"": ""Article"", ""SG"": ""singular"", ""TM"": ""tense/modality"", ""CAUS"": ""Causative"", ""IPFV"": ""Imperfective"", ""OBJ"": ""Object""}"
teop1238a-text_06_chapter_10_bamboo-23,"Amaa naono vai to tei me rori bona maa navanava riori: koverau, kururu, koopu, tovu, tabuana.",a=maa	naono	vai	to	tei	me	rori	bona	maa	nava{$\sim$}nava	ri=ori	koverau	kururu	koopu	tovu	tabuana,ART2.SG=PLM	plant	DEM6	REL	be.there	with	3PL.IPFV	OBJ.ART2.SG	PLM	RED{$\sim$}knot	3PL.POSS=3PL.PRON	koverau.bamboo	kururu.bamboo	koopu.bamboo	tovu.sugarcane	tabuana.sugarcane,"`The plants that have bars (separated by knots) are: the koverau, kururu and koopu bamboos, the sugar cane and the wild sugar cane.'",text_06_chapter_10_bamboo,23,teop1238,teop1238a,WORD_ALIGNED,"{""ART"": ""Article"", ""SG"": ""singular"", ""PLM"": ""Plural Marker"", ""DEM"": ""Demonstrative"", ""REL"": ""Relative"", ""PL"": ""plural"", ""IPFV"": ""Imperfective"", ""OBJ"": ""Object"", ""RED"": ""reduplication"", ""POSS"": ""Possessive Marker"", ""PRON"": ""Pronoun""}"
teop1238a-text_06_chapter_10_bamboo-24,O kururu na isuisuvu ruene ni riori.,o	kururu	na	isu{$\sim$}isuvu	ruene	ni	ri=ori,ART3.SG	kururu	TM2	RED{$\sim$}fill.liquid	fresh.water	APPL	3PL.IPFV=3PL.PRON,`The kururu bamboo is used for fetching water.',text_06_chapter_10_bamboo,24,teop1238,teop1238a,WORD_ALIGNED,"{""ART"": ""Article"", ""SG"": ""singular"", ""TM"": ""tense/modality"", ""RED"": ""reduplication"", ""APPL"": ""Applicative Particle"", ""PL"": ""plural"", ""IPFV"": ""Imperfective"", ""PRON"": ""Pronoun""}"
teop1238a-text_06_chapter_10_bamboo-25,"Beori tau isuvu ruene ni bari, na dona rori bona kukan a nava kururu.",be=ori	tau	isuvu	ruene	ni	bari	na	dona	rori	bona	kukan	a	nava	kururu,when=3PL.PRON	TM5	fill.liquid	fresh.water	APPL	4PL.PRON	TM2	pierce.knots	3PL.IPFV	OBJ.ART2.SG	three	ART2.SG	bar	kururu.bamboo,"`When they going to fetch water with it, (they) pierce (the knots between) three bars.'",text_06_chapter_10_bamboo,25,teop1238,teop1238a,WORD_ALIGNED,"{""PL"": ""plural"", ""PRON"": ""Pronoun"", ""TM"": ""tense/modality"", ""APPL"": ""Applicative Particle"", ""IPFV"": ""Imperfective"", ""OBJ"": ""Object"", ""ART"": ""Article"", ""SG"": ""singular""}"
teop1238a-text_06_chapter_10_bamboo-26,"Murinae, eori repaa gono bene ta naono eta bebeahu bara kikis",muri-nae	e-ori	re=paa	gono	bene	ta	naono	e=ta	bebeahu	bara	kikis,following-3SG.POSS.PRON	H-3PL.PRON	CONSEC=TM3	get	OBJ.ART1.SG	piece	wood	ART1.SG=piece	long	and2	strong,`For this they get a long and strong stick',text_06_chapter_10_bamboo,26,teop1238,teop1238a,WORD_ALIGNED,"{""SG"": ""singular"", ""POSS"": ""Possessive Marker"", ""PRON"": ""Pronoun"", ""PL"": ""plural"", ""CONSEC"": ""Consecutive"", ""TM"": ""tense/modality"", ""OBJ"": ""Object"", ""ART"": ""Article""}"
teop1238a-text_06_chapter_10_bamboo-27,"to tahitahi nibusu nao riori bona buaku a nava kururu vaa gina,",to	tahi{$\sim$}tahi	nibusu	nao	ri=ori	bona	buaku	a	nava	kururu	vaa	gina,REL	RED{$\sim$}pierce	hole	thither	3PL.IPFV=3PL.PRON	OBJ.ART2.SG	two	OBJ.ART2.SG	bar	kururu.bamboo	LNK	on.top,"`with which they pierce holes into the knots of the two top kururu bars,'",text_06_chapter_10_bamboo,27,teop1238,teop1238a,WORD_ALIGNED,"{""REL"": ""Relative"", ""RED"": ""reduplication"", ""PL"": ""plural"", ""IPFV"": ""Imperfective"", ""PRON"": ""Pronoun"", ""OBJ"": ""Object"", ""ART"": ""Article"", ""SG"": ""singular"", ""LNK"": ""Linker""}"
teop1238a-text_06_chapter_10_bamboo-28,beori goe bona nava vaa taeno kururu.,be=ori	goe	bona	nava	vaa	tae-n=o	kururu,when=3PL.PRON	do.not	OBJ.ART2.SG	bar	LNK	bottom-3SG.POSS=ART3.SG	kururu.bamboo,`while leaving the bar at the bottom of the kururu bamboo intact.'\footnote{lit. `while not doing anything to the bar at the bottom of the kururu bamboo'},text_06_chapter_10_bamboo,28,teop1238,teop1238a,WORD_ALIGNED,"{""PL"": ""plural"", ""PRON"": ""Pronoun"", ""OBJ"": ""Object"", ""ART"": ""Article"", ""SG"": ""singular"", ""LNK"": ""Linker"", ""POSS"": ""Possessive Marker""}"
teop1238a-text_06_chapter_10_bamboo-29,A ruene re goe tea oro tavusu.,a	ruene	re	goe	tea	oro	tavusu,ART2.SG	fresh.water	CONSEC	do.not	COMPL1	flow	come.out,`Then the water would not flow out.',text_06_chapter_10_bamboo,29,teop1238,teop1238a,WORD_ALIGNED,"{""ART"": ""Article"", ""SG"": ""singular"", ""CONSEC"": ""Consecutive"", ""COMPL"": ""Complementizer""}"
teop1238a-text_06_chapter_10_bamboo-30,"O koopu saka pura vamataa haana rapana kasuana ge tea suiri,",o	koopu	saka	pura	va-mataa	haa=na	rapa-n=a	kasuana	ge	te=a	suiri,ART3.SG	koopu.bamboo	NEG1	grow	ADVR-good	NEG2=3SG.IPFV	side-3SG.POSS=ART2.SG	beach	or	PREP=ART2.SG	lowlands,"`The koopu bamboo does not grow well near the beach or in the lowlands,'",text_06_chapter_10_bamboo,30,teop1238,teop1238a,WORD_ALIGNED,"{""ART"": ""Article"", ""SG"": ""singular"", ""NEG"": ""Negative"", ""ADVR"": ""Adverbializer"", ""IPFV"": ""Imperfective"", ""POSS"": ""Possessive Marker"", ""PREP"": ""Preposition""}"
teop1238a-text_06_chapter_10_bamboo-31,na pura vamataa nana tea voora.,na	pura	va-mataa	nana	te=a	voora,TM2	grow	ADVR-good	3SG.IPFV	PREP=ART2.SG	mountains,`(it) grows well in the mountains.',text_06_chapter_10_bamboo,31,teop1238,teop1238a,WORD_ALIGNED,"{""TM"": ""tense/modality"", ""ADVR"": ""Adverbializer"", ""SG"": ""singular"", ""IPFV"": ""Imperfective"", ""PREP"": ""Preposition"", ""ART"": ""Article""}"
teop1238a-text_06_chapter_10_bamboo-32,Meha maa vuri a ta vaan vai to tei rori tea maa vaan vahiava na vaamahaka rori bona tabaan teori komano koopu.,meha	maa	vuri	a	ta	vaan	vai	to	tei	rori	te=a	maa	vaan	va-hiava	na	vaa-mahaka	rori	bona	tabaan	te=ori	koma-n=o	koopu,other2.SG	PLM	time	ART2.SG	people	village	DEM6	REL	be.there	3PL.IPFV	PREP=ART2.SG	PLM	village	ADVR-go.up	TM2	CAUS-cooked	3PL.IPFV	OBJ.ART2.SG	food	PREP=3PL.PRON	inside-3SG.POSS=ART3.SG	koopu.bamboo,`Sometimes the people who live in the mountain villages cook their food in the koopu bamboo.',text_06_chapter_10_bamboo,32,teop1238,teop1238a,WORD_ALIGNED,"{""SG"": ""singular"", ""PLM"": ""Plural Marker"", ""ART"": ""Article"", ""DEM"": ""Demonstrative"", ""REL"": ""Relative"", ""PL"": ""plural"", ""IPFV"": ""Imperfective"", ""PREP"": ""Preposition"", ""ADVR"": ""Adverbializer"", ""TM"": ""tense/modality"", ""CAUS"": ""Causative"", ""OBJ"": ""Object"", ""PRON"": ""Pronoun"", ""POSS"": ""Possessive Marker""}"
teop1238a-text_06_chapter_10_bamboo-33,"Na mosi maari bona maa nava koopu,",na	mosi	maa=ri	bona	maa	nava	koopu,TM2	cut	hither=3PL.IPFV	OBJ.ART2.SG	PLM	bar	koopu.bamboo,"`(They) cut some bars of koopu bamboo,'",text_06_chapter_10_bamboo,33,teop1238,teop1238a,WORD_ALIGNED,"{""TM"": ""tense/modality"", ""PL"": ""plural"", ""IPFV"": ""Imperfective"", ""OBJ"": ""Object"", ""ART"": ""Article"", ""SG"": ""singular"", ""PLM"": ""Plural Marker""}"
teop1238a-text_06_chapter_10_bamboo-34,"eori repaa apeo bona tabaan tabae to rake riori tea apeo: e guu, manii, kaukau, gea tabae to rake riori tea an.",e-ori	re=paa	apeo	bona	tabaan	tabae	to	rake	ri=ori	tea	apeo	e	guu	manii	kaukau	ge=a	tabae	to	rake	ri=ori	tea	an,H-3PL.PRON	CONSEC=TM3	cook.in.bamboo	OBJ.ART2.SG	food	what	REL	want	3PL.IPFV=3PL.PRON	COMPL1	cook.in.bamboo	ART1.SG	pig	possum	sweet.potato	or=ART2.SG	what	REL	want	3PL.IPFV=3PL.PRON	COMPL1	eat,"`and then they cook in the bamboo whatever food they like to cook in the bamboo: pork, possum, sweet potatoes or what they like to eat.'",text_06_chapter_10_bamboo,34,teop1238,teop1238a,WORD_ALIGNED,"{""PL"": ""plural"", ""PRON"": ""Pronoun"", ""CONSEC"": ""Consecutive"", ""TM"": ""tense/modality"", ""OBJ"": ""Object"", ""ART"": ""Article"", ""SG"": ""singular"", ""REL"": ""Relative"", ""IPFV"": ""Imperfective"", ""COMPL"": ""Complementizer""}"
teop1238a-text_06_chapter_10_bamboo-35,O koopu vai o peree to apeo riori bona tabaan.,o	koopu	vai	o	peree	to	apeo	ri=ori	bona	tabaan,ART3.SG	koopu.bamboo	DEM6	ART3.SG	raw	REL	cook.in.bamboo	3PL.IPFV=3PL.PRON	OBJ.ART2.SG	food,`(It is) the koopu green bamboo in which they cook the food.',text_06_chapter_10_bamboo,35,teop1238,teop1238a,WORD_ALIGNED,"{""ART"": ""Article"", ""SG"": ""singular"", ""DEM"": ""Demonstrative"", ""REL"": ""Relative"", ""PL"": ""plural"", ""IPFV"": ""Imperfective"", ""PRON"": ""Pronoun"", ""OBJ"": ""Object""}"
teop1238a-text_06_chapter_10_bamboo-36,Eori repaa vaamahaka bari teo suraa.,e-ori	re=paa	vaa-mahaka	bari	te=o	suraa,H-3PL.PRON	CONSEC=TM3	CAUS-simmer	4PL.PRON	PREP=ART3.SG	fire,`Then they let it simmer on the fire.',text_06_chapter_10_bamboo,36,teop1238,teop1238a,WORD_ALIGNED,"{""PL"": ""plural"", ""PRON"": ""Pronoun"", ""CONSEC"": ""Consecutive"", ""TM"": ""tense/modality"", ""CAUS"": ""Causative"", ""PREP"": ""Preposition"", ""ART"": ""Article"", ""SG"": ""singular""}"
teop1238a-text_06_chapter_10_bamboo-37,"Beori vaatoka bono koopu teo suraa,",be=ori	vaa-toka	bono	koopu	te=o	suraa,when=3PL.PRON	CAUS-perch	OBJ.ART3.SG	koopu.bamboo	PREP=ART3.SG	fire,"`When they put the koopu bamboo onto the fire,'",text_06_chapter_10_bamboo,37,teop1238,teop1238a,WORD_ALIGNED,"{""PL"": ""plural"", ""PRON"": ""Pronoun"", ""CAUS"": ""Causative"", ""OBJ"": ""Object"", ""ART"": ""Article"", ""SG"": ""singular"", ""PREP"": ""Preposition""}"
teop1238a-text_06_chapter_10_bamboo-38,toro vavereverete bata ni rori bono koopu to mene asi.,toro	va-vere{$\sim$}verete	bata	ni	rori	bono	koopu	to	mene	asi,TM7	MULT-RED{$\sim$}turn	CONT	APPL	3PL.IPFV	OBJ.ART3.SG	koopu.bamboo	REL	TM6	burn,`(they) must repeatedly turn the koopu bamboo around so that it won't burn.'\footnote{lit. `... the bamboo that otherwise would burn.'},text_06_chapter_10_bamboo,38,teop1238,teop1238a,WORD_ALIGNED,"{""TM"": ""tense/modality"", ""MULT"": ""multiple situation"", ""RED"": ""reduplication"", ""CONT"": ""Continuity"", ""APPL"": ""Applicative Particle"", ""PL"": ""plural"", ""IPFV"": ""Imperfective"", ""OBJ"": ""Object"", ""ART"": ""Article"", ""SG"": ""singular"", ""REL"": ""Relative""}"
teop1238a-text_06_chapter_10_bamboo-39,Eara na von rara a koopu tea ta vahiava mene paku bono takinima na maa inu teara.,e-ara	na	voni	rara	a	koopu	te=a	ta	vahiava	mene	paku	bono	takinima	n=a	maa	inu	te=ara,H-1PL.IN.PRON	TM2	buy	1PL.IN.IPFV	ART3.PL	koopu.bamboo	PREP=ART2.SG	people	inland	for	make	OBJ.ART2.PL	bamboo.wall	3SG.POSS=ART2.SG	PLM	house	PREP=1PL.IN.PRON,`We buy the koopu bamboo from the mountain people to make the bamboo walls of our houses.',text_06_chapter_10_bamboo,39,teop1238,teop1238a,WORD_ALIGNED,"{""PL"": ""plural"", ""IN"": ""inclusive"", ""PRON"": ""Pronoun"", ""TM"": ""tense/modality"", ""IPFV"": ""Imperfective"", ""ART"": ""Article"", ""PREP"": ""Preposition"", ""SG"": ""singular"", ""OBJ"": ""Object"", ""POSS"": ""Possessive Marker"", ""PLM"": ""Plural Marker""}"
teop1238a-text_06_chapter_10_bamboo-40,Beara taboo a inu teara bono takinima ore paa tara vamataa.,be=ara	taboo	a	inu	te=ara	bono	takinima	o=re	paa	tara	va-mataa,when=1PL.IN.PRON	wall	ART2.SG	house	PREP=1PL.IN.PRON	OBJ.ART2.PL	bamboo.wall	3.PRON=CONSEC	TM3	look	ADVR-good,"`When we wall our house with bamboo walls,  it looks beautiful.'",text_06_chapter_10_bamboo,40,teop1238,teop1238a,WORD_ALIGNED,"{""PL"": ""plural"", ""IN"": ""inclusive"", ""PRON"": ""Pronoun"", ""ART"": ""Article"", ""SG"": ""singular"", ""PREP"": ""Preposition"", ""OBJ"": ""Object"", ""CONSEC"": ""Consecutive"", ""TM"": ""tense/modality"", ""ADVR"": ""Adverbializer""}"
teop1238a-text_07_chapter_11_vines-1,KARA AISI,kara	aisi,string	aisi,`THE WEED CALLED AISI',text_07_chapter_11_vines,1,teop1238,teop1238a,WORD_ALIGNED,{}
teop1238a-text_07_chapter_11_vines-2,"O kara aisi, eve o meho kara naono to abeabe batana tea maa kasuana vaa Hanatana.",o	kara	aisi	eve	o	meho	kara	naono	to	abe{$\sim$}abe	bata=na	te=a	maa	kasuana	vaa	hanatana,ART3.SG	string	aisi	3SG.PRON	ART3.SG	other3.SG	string	plant	REL	RED{$\sim$}creep	CONT=3SG.IPFV	PREP=ART2.SG	PLM	beach	LNK	Hanatana,`The aisi is a string-like plant that is creeping on the beaches of Hanatana.',text_07_chapter_11_vines,2,teop1238,teop1238a,WORD_ALIGNED,"{""ART"": ""Article"", ""SG"": ""singular"", ""PRON"": ""Pronoun"", ""REL"": ""Relative"", ""RED"": ""reduplication"", ""CONT"": ""Continuity"", ""IPFV"": ""Imperfective"", ""PREP"": ""Preposition"", ""PLM"": ""Plural Marker"", ""LNK"": ""Linker""}"
teop1238a-text_07_chapter_11_vines-3,O kara aisi bona na tei nana kasuana.,o	kara	aisi	bona	na	tei	nana	kasuana,ART3.SG	string	aisi	ANA.SG	TM2	be.there	3SG.IPFV	ground,`This aisi is found on the ground.',text_07_chapter_11_vines,3,teop1238,teop1238a,WORD_ALIGNED,"{""ART"": ""Article"", ""SG"": ""singular"", ""ANA"": ""Anaphoric Demonstrative"", ""TM"": ""tense/modality"", ""IPFV"": ""Imperfective""}"
teop1238a-text_07_chapter_11_vines-4,Ahiki vira ta kiu teve vo teara.,ahiki	vira	ta	kiu	teve	vo	te=ara,not.exist	actually	NSPEC2.SG	work	PREP.3SG.PRON	GOAL	PREP=1PL.IN.PRON,"`Actually, it does not have any use for us.'",text_07_chapter_11_vines,4,teop1238,teop1238a,WORD_ALIGNED,"{""NSPEC"": ""Non-Specific"", ""SG"": ""singular"", ""PREP"": ""Preposition"", ""PRON"": ""Pronoun"", ""GOAL"": ""goal"", ""PL"": ""plural"", ""IN"": ""inclusive""}"
teop1238a-text_07_chapter_11_vines-5,KARA ARIONO,kara	ariono,string	ariono,`ARIONO VINE',text_07_chapter_11_vines,5,teop1238,teop1238a,WORD_ALIGNED,{}
teop1238a-text_07_chapter_11_vines-6,"O kara ariono mee, eve o meho kara koris o kara mataa.",o	kara	ariono	mee	eve	o	meho	kara	koris	o	kara	mataa,ART3.SG	string	ariono	also	3SG.PRON	ART3.SG	other3.SG	string	vine	ART3.SG	string	good,"`The ariono vine is a good vine.'\footnote{lit. `The ariono vine, also, it is another vine a good one.'}",text_07_chapter_11_vines,6,teop1238,teop1238a,WORD_ALIGNED,"{""ART"": ""Article"", ""SG"": ""singular"", ""PRON"": ""Pronoun""}"
teop1238a-text_07_chapter_11_vines-7,Eve to vagana ni ria abana tahii.,eve	to	vagana	ni	ri=a	abana	tahii,3SG.PRON	REL	go.fishing	APPL	3PL.IPFV=ART2.SG	men	sea,`It is used by the men for fishing in the sea.'\footnote{lit. `I (is) what the men fish with in the sea.'},text_07_chapter_11_vines,7,teop1238,teop1238a,WORD_ALIGNED,"{""SG"": ""singular"", ""PRON"": ""Pronoun"", ""REL"": ""Relative"", ""APPL"": ""Applicative Particle"", ""PL"": ""plural"", ""IPFV"": ""Imperfective"", ""ART"": ""Article""}"
teop1238a-text_07_chapter_11_vines-8,"Beori nao tahii, eori toro gono bona kara ariono mene a vavaatoa.",be=ori	nao	tahii	e-ori	toro	gono	bona	kara	ariono	mene	a	vavaatoa,when=3PL.PRON	go	sea	H-3PL.PRON	TM7	get	OBJ.ART2.SG	string	ariono	for	ART2.SG	kite.fishing,"`When they go (fishing) in the sea, they must get the ariono string for kite-fishing.'",text_07_chapter_11_vines,8,teop1238,teop1238a,WORD_ALIGNED,"{""PL"": ""plural"", ""PRON"": ""Pronoun"", ""TM"": ""tense/modality"", ""OBJ"": ""Object"", ""ART"": ""Article"", ""SG"": ""singular""}"
teop1238a-text_07_chapter_11_vines-9,Na paku vavaatoa ni rori bona kara ariono.,na	paku	vavaatoa	ni	rori	bona	kara	ariono,TM2	do	kite.fishing	APPL	3PL.IPFV	ART2.SG	string	ariono,`(They) do the kite fishing with the ariono string.',text_07_chapter_11_vines,9,teop1238,teop1238a,WORD_ALIGNED,"{""TM"": ""tense/modality"", ""APPL"": ""Applicative Particle"", ""PL"": ""plural"", ""IPFV"": ""Imperfective"", ""ART"": ""Article"", ""SG"": ""singular""}"
teop1238a-text_07_chapter_11_vines-10,KARA BAO,kara	bao,string	grass,`GRASS',text_07_chapter_11_vines,10,teop1238,teop1238a,WORD_ALIGNED,{}
teop1238a-text_07_chapter_11_vines-11,"A kara bao, eve a tabaan teo burumakao.",a	kara	bao	eve	a	tabaan	te=o	burumakao,ART3.PL	string	grass	3SG.PRON	ART2.SG	food	PREP=ART2.PL	cow,"`Grass is the food of cows.'\footnote{lit. `The grass, it (is) the food of the cows.'}",text_07_chapter_11_vines,11,teop1238,teop1238a,WORD_ALIGNED,"{""ART"": ""Article"", ""PL"": ""plural"", ""SG"": ""singular"", ""PRON"": ""Pronoun"", ""PREP"": ""Preposition""}"
teop1238a-text_07_chapter_11_vines-12,Nabunuu roho enam ahiki to kara bao.,nabunuu	roho	e-nam	ahiki	to	kara	bao,in.the.past	before	H-1PL.EX.PRON	not.exist	NSPEC3.SG	string	grass,"`In the past we did not have any grass.'\footnote{lit. `In the past, we - there was not any grass.'}",text_07_chapter_11_vines,12,teop1238,teop1238a,WORD_ALIGNED,"{""PL"": ""plural"", ""EX"": ""exclusive"", ""PRON"": ""Pronoun"", ""NSPEC"": ""Non-Specific"", ""SG"": ""singular""}"
teop1238a-text_07_chapter_11_vines-13,O burumakao he nomaa koa meori paa ma neba bata kiri bari bono kara bao.,o	burumakao	he	nomaa	koa	me=ori	paa	ma	neba	bata	ki=ri	bari	bono	kara	bao,ART2.PL	cow	ADVERS	come	just	and4=3PL.PRON	TM3	come	plant	CONT	DAT=3PL.OBJM	4PL.PRON	OBJ.ART3.SG	string	grass,"`But the cows came, and they planted the grass for them.'",text_07_chapter_11_vines,13,teop1238,teop1238a,WORD_ALIGNED,"{""ART"": ""Article"", ""PL"": ""plural"", ""ADVERS"": ""Adversative Conjunction"", ""PRON"": ""Pronoun"", ""TM"": ""tense/modality"", ""CONT"": ""Continuity"", ""DAT"": ""Dative"", ""OBJM"": ""Object Marker"", ""OBJ"": ""Object"", ""SG"": ""singular""}"
teop1238a-text_07_chapter_11_vines-14,Mea naba kasi hanana paa dee taataana bata maa bari.,me=a	naba	kasi	hanana	paa	dee	taataana	bata	maa	bari,and4=ART2.SG	team	dig	road	TM3	carry	walk.along.the.beach	CONT	hither	4PL.PRON,`And the road builders brought it here along the coast.',text_07_chapter_11_vines,14,teop1238,teop1238a,WORD_ALIGNED,"{""ART"": ""Article"", ""SG"": ""singular"", ""TM"": ""tense/modality"", ""CONT"": ""Continuity"", ""PL"": ""plural"", ""PRON"": ""Pronoun""}"
teop1238a-text_07_chapter_11_vines-15,Rerau mepaa raha bata maa.,rerau	me=paa	raha	bata	maa,so	and4=TM3	spread.out	CONT	hither,`And so (it) spead out here.',text_07_chapter_11_vines,15,teop1238,teop1238a,WORD_ALIGNED,"{""TM"": ""tense/modality"", ""CONT"": ""Continuity""}"
teop1238a-text_07_chapter_11_vines-16,Me nomana amaa mohina teara na hapus kurus nana tea kara bao.,me	nomana	a=maa	mohina	te=ara	na	hapus	kurus	nana	te=a	kara	bao,and4	today	ART2.SG=PLM	garden	PREP=1PL.IN.PRON	TM2	full	very	3SG.IPFV	PREP=ART3.PL	string	grass,`And today our gardens are full of grass.',text_07_chapter_11_vines,16,teop1238,teop1238a,WORD_ALIGNED,"{""ART"": ""Article"", ""SG"": ""singular"", ""PLM"": ""Plural Marker"", ""PREP"": ""Preposition"", ""PL"": ""plural"", ""IN"": ""inclusive"", ""PRON"": ""Pronoun"", ""TM"": ""tense/modality"", ""IPFV"": ""Imperfective""}"
teop1238a-text_07_chapter_11_vines-17,KARA KAVE,kara	kave,string	net,`NET VINE',text_07_chapter_11_vines,17,teop1238,teop1238a,WORD_ALIGNED,{}
teop1238a-text_07_chapter_11_vines-18,O kara kave eve o meho kara koris vai to tei me nana bona kiu a beera sana.,o	kara	kave	eve	o	meho	kara	koris	vai	to	tei	me	nana	bona	kiu	a	beera	sana,ART3.SG	string	net	3SG.PRON	ART3.SG	other3.SG	string	vine	DEM6	REL	be.there	with	3SG.IPFV	OBJ.ART2.SG	work	ART2.SG	important	very,`The net vine is a vine that has a very important function.',text_07_chapter_11_vines,18,teop1238,teop1238a,WORD_ALIGNED,"{""ART"": ""Article"", ""SG"": ""singular"", ""PRON"": ""Pronoun"", ""DEM"": ""Demonstrative"", ""REL"": ""Relative"", ""IPFV"": ""Imperfective"", ""OBJ"": ""Object""}"
teop1238a-text_07_chapter_11_vines-19,"Nabunuu roho beo kara kave vai hiki nana,",nabunuu	roho	be=o	kara	kave	vai	hiki	nana,in.the.past	before	when=ART3.SG	string	net	DEM6	not.exist	3SG.IPFV,"`In the past, when there was not any net vine,'",text_07_chapter_11_vines,19,teop1238,teop1238a,WORD_ALIGNED,"{""ART"": ""Article"", ""SG"": ""singular"", ""DEM"": ""Demonstrative"", ""IPFV"": ""Imperfective""}"
teop1238a-text_07_chapter_11_vines-20,ahiki koa ta an iana teara.,ahiki	koa	ta	an	iana	te=ara,not.exist	just	NSPEC2.SG	eat	fish	PREP=1PL.IN.PRON,`we could not eat any fish.'\footnote{lit. `There just was not any eat(ing) fish of us.'},text_07_chapter_11_vines,20,teop1238,teop1238a,WORD_ALIGNED,"{""NSPEC"": ""Non-Specific"", ""SG"": ""singular"", ""PREP"": ""Preposition"", ""PL"": ""plural"", ""IN"": ""inclusive"", ""PRON"": ""Pronoun""}"
teop1238a-text_07_chapter_11_vines-21,"Eikou o kara kave to paku riori bona kanono,",ei~kou	o	kara	kave	to	paku	ri=ori	bona	kanono,because	ART3.SG	string	net	REL	make	3PL.IPFV=3PL.PRON	OBJ.ART2.SG	string,"`Because (it was) the net vine from which they made the string,'",text_07_chapter_11_vines,21,teop1238,teop1238a,WORD_ALIGNED,"{""ART"": ""Article"", ""SG"": ""singular"", ""REL"": ""Relative"", ""PL"": ""plural"", ""IPFV"": ""Imperfective"", ""PRON"": ""Pronoun"", ""OBJ"": ""Object""}"
teop1238a-text_07_chapter_11_vines-22,ore paa paku pete bari bona kave mene vagana.,o=re	paa	paku	pete	bari	bona	kave	mene	vagana,3.PRON=CONSEC	TM3	make	subsequently	4PL.PRON	OBJ.ART2.SG	net	for	fish,`and then they made the net for fishing from it.',text_07_chapter_11_vines,22,teop1238,teop1238a,WORD_ALIGNED,"{""PRON"": ""Pronoun"", ""CONSEC"": ""Consecutive"", ""TM"": ""tense/modality"", ""PL"": ""plural"", ""OBJ"": ""Object"", ""ART"": ""Article"", ""SG"": ""singular""}"
teop1238a-text_07_chapter_11_vines-23,KARA KORIS,kara	koris,string	vine,`VINE (generic term)',text_07_chapter_11_vines,23,teop1238,teop1238a,WORD_ALIGNED,{}
teop1238a-text_07_chapter_11_vines-24,O kara koris eve o meho kara naono.,o	kara	koris	eve	o	meho	kara	naono,ART3.SG	string	vine	3SG.PRON	ART3.SG	other3.SG	string	plant,`The vine is a string-like plant.',text_07_chapter_11_vines,24,teop1238,teop1238a,WORD_ALIGNED,"{""ART"": ""Article"", ""SG"": ""singular"", ""PRON"": ""Pronoun""}"
teop1238a-text_07_chapter_11_vines-25,O kara koris bona na tei pete nana rasuu ei mohina.,o	kara	koris	bona	na	tei	pete	nana	rasuu	ei	mohina,ART3.SG	string	vine	ANA.SG	TM2	be.there	also	3SG.IPFV	jungle	DEM2	garden,"`This vine also grows in the jungle, in the garden.'",text_07_chapter_11_vines,25,teop1238,teop1238a,WORD_ALIGNED,"{""ART"": ""Article"", ""SG"": ""singular"", ""ANA"": ""Anaphoric Demonstrative"", ""TM"": ""tense/modality"", ""IPFV"": ""Imperfective"", ""DEM"": ""Demonstrative""}"
teop1238a-text_07_chapter_11_vines-26,"O kara koris bona na vaahiroo ni raara, na dao raara bono kara koremana.",o	kara	koris	bona	na	vaa-hiroo	ni	ra=ara	na	dao	ra=ara	bono	kara	koremana,ART3.SG	string	vine	ANA.SG	TM2	CAUS-drink.soup	APPL	1PL.IN.IPFV=1PL.IN.PRON	TM2	call	1PL.IN.IPFV=1PL.IN.PRON	OBJ.ART3.SG	string	koremana,"`This vine we use for soup, we call (it) koremana vine.'",text_07_chapter_11_vines,26,teop1238,teop1238a,WORD_ALIGNED,"{""ART"": ""Article"", ""SG"": ""singular"", ""ANA"": ""Anaphoric Demonstrative"", ""TM"": ""tense/modality"", ""CAUS"": ""Causative"", ""APPL"": ""Applicative Particle"", ""PL"": ""plural"", ""IN"": ""inclusive"", ""IPFV"": ""Imperfective"", ""PRON"": ""Pronoun"", ""OBJ"": ""Object""}"
teop1238a-text_07_chapter_11_vines-27,"Bea moon vahuhu, ore paa vaahiroo bari bono kara koremana, ei bea huhu na moon vagitagita nana,",be=a	moon	vahuhu	o=re	paa	vaa-hiroo	bari	bono	kara	koremana	ei	be=a	huhu	n=a	moon	va-gita{$\sim$}gita	nana,when=ART2.SG	woman	give.birth	3.PRON=CONSEC	TM3	CAUS-drink.soup	4PL.PRON	OBJ.ART3.SG	string	koremana	DEM2	if=ART2.SG	breast	3SG.POSS=ART2.SG	woman	MULT-RED{$\sim$}dry.up	3SG.IPFV,"`When a woman gives birth, they give her the koremana vine to drink as soup, if the womans breasts are empty,'",text_07_chapter_11_vines,27,teop1238,teop1238a,WORD_ALIGNED,"{""ART"": ""Article"", ""SG"": ""singular"", ""PRON"": ""Pronoun"", ""CONSEC"": ""Consecutive"", ""TM"": ""tense/modality"", ""CAUS"": ""Causative"", ""PL"": ""plural"", ""OBJ"": ""Object"", ""DEM"": ""Demonstrative"", ""POSS"": ""Possessive Marker"", ""MULT"": ""multiple situation"", ""RED"": ""reduplication"", ""IPFV"": ""Imperfective""}"
teop1238a-text_07_chapter_11_vines-28,a huhu nae repaa hapus.,a	huhu	nae	re=paa	hapus,ART2.SG	breast	3SG.POSS.PRON	CONSEC=TM3	full,`so that her breasts become full.',text_07_chapter_11_vines,28,teop1238,teop1238a,WORD_ALIGNED,"{""ART"": ""Article"", ""SG"": ""singular"", ""POSS"": ""Possessive Marker"", ""PRON"": ""Pronoun"", ""CONSEC"": ""Consecutive"", ""TM"": ""tense/modality""}"
teop1238a-text_07_chapter_11_vines-29,A pate koris bona o paapao.,a	pate	koris	bona	o	paapao,ART2.SG	bunch	vine	ANA.SG	ART3.SG	vegetable,`This bunch of vines is a vegetable.',text_07_chapter_11_vines,29,teop1238,teop1238a,WORD_ALIGNED,"{""ART"": ""Article"", ""SG"": ""singular"", ""ANA"": ""Anaphoric Demonstrative""}"
teop1238a-text_07_chapter_11_vines-30,Eve o paapao o mataa.,eve	o	paapao	o	mataa,3SG.PRON	ART3.SG	vegetable	ART3.SG	good,`It is a good vegetable.',text_07_chapter_11_vines,30,teop1238,teop1238a,WORD_ALIGNED,"{""SG"": ""singular"", ""PRON"": ""Pronoun"", ""ART"": ""Article""}"
teop1238a-text_07_chapter_11_vines-31,``Hiroo o kara korisi bona.'',hiroo	o	kara	korisi	bona,drink.soup	ART3.SG	string	vine	ANA.SG,```Drink this vine as a soup.''',text_07_chapter_11_vines,31,teop1238,teop1238a,WORD_ALIGNED,"{""ART"": ""Article"", ""SG"": ""singular"", ""ANA"": ""Anaphoric Demonstrative""}"
teop1238a-text_07_chapter_11_vines-32,KARA KUSKUS,kara	kuskus,string	passionflower,`PASSION FLOWER',text_07_chapter_11_vines,32,teop1238,teop1238a,WORD_ALIGNED,{}
teop1238a-text_07_chapter_11_vines-33,O kara kuskus eve mee o meho kara koris to tei nana mohina.,o	kara	kuskus	eve	mee	o	meho	kara	koris	to	tei	nana	mohina,ART3.SG	string	passionflower	3SG.PRON	also	ART3.SG	other3.SG	string	vine	REL	be.there	3SG.IPFV	garden,"`The passionflower is a vine that is found in the garden.'\footnote{lit. `The passionflower, it (is) also another vine that is in the garden.'}",text_07_chapter_11_vines,33,teop1238,teop1238a,WORD_ALIGNED,"{""ART"": ""Article"", ""SG"": ""singular"", ""PRON"": ""Pronoun"", ""REL"": ""Relative"", ""IPFV"": ""Imperfective""}"
teop1238a-text_07_chapter_11_vines-34,O kara kuskus bona na vuavua nana.,o	kara	kuskus	bona	na	vua{$\sim$}vua	nana,ART3.SG	string	passionflower	ANA.SG	TM2	RED{$\sim$}bear.fruit	3SG.IPFV,`The passionflower bears fruit.',text_07_chapter_11_vines,34,teop1238,teop1238a,WORD_ALIGNED,"{""ART"": ""Article"", ""SG"": ""singular"", ""ANA"": ""Anaphoric Demonstrative"", ""TM"": ""tense/modality"", ""RED"": ""reduplication"", ""IPFV"": ""Imperfective""}"
teop1238a-text_07_chapter_11_vines-35,"Bea vuanae manoto, ore paa tomtomon,",be=a	vua-nae	manoto	o=re	paa	tomtomon,when=ART2.SG	fruit-3SG.POSS.PRON	mature	3.PRON=CONSEC	TM3	orange,"`When its fruit matures, it becomes orange,'",text_07_chapter_11_vines,35,teop1238,teop1238a,WORD_ALIGNED,"{""ART"": ""Article"", ""SG"": ""singular"", ""POSS"": ""Possessive Marker"", ""PRON"": ""Pronoun"", ""CONSEC"": ""Consecutive"", ""TM"": ""tense/modality""}"
teop1238a-text_07_chapter_11_vines-36,ei be vuri.,ei	be	vuri,DEM2	COMPL2	ripe,`this (means) that (it) is ripe.',text_07_chapter_11_vines,36,teop1238,teop1238a,WORD_ALIGNED,"{""DEM"": ""Demonstrative"", ""COMPL"": ""Complementizer""}"
teop1238a-text_07_chapter_11_vines-37,``Enaa na rake nom tea ani to vua kuskus.,e-naa	na	rake	nom	tea	ani	to	vua	kuskus,H-1SG.PRON	TM2	want	IPFV	COMPL1	eat	NSPEC3.SG	fruit	passionflower,```I want to eat a passionflower fruit.',text_07_chapter_11_vines,37,teop1238,teop1238a,WORD_ALIGNED,"{""SG"": ""singular"", ""PRON"": ""Pronoun"", ""TM"": ""tense/modality"", ""IPFV"": ""Imperfective"", ""COMPL"": ""Complementizer"", ""NSPEC"": ""Non-Specific""}"
teop1238a-text_07_chapter_11_vines-38,O vua kuskus bona o vua mataa kurus.'',o	vua	kuskus	bona	o	vua	mataa	kurus,ART3.SG	fruit	passionflower	ANA.SG	ART3.SG	fruit	good	very,`This passionflower fruit is a very good fruit.''',text_07_chapter_11_vines,38,teop1238,teop1238a,WORD_ALIGNED,"{""ART"": ""Article"", ""SG"": ""singular"", ""ANA"": ""Anaphoric Demonstrative""}"
teop1238a-text_07_chapter_11_vines-39,"O kara kuskus na tei nana rasuu,",o	kara	kuskus	na	tei	nana	rasuu,ART3.SG	string	passionflower	TM2	be.there	3SG.IPFV	jungle,`The passionflower is found in the jungle.',text_07_chapter_11_vines,39,teop1238,teop1238a,WORD_ALIGNED,"{""ART"": ""Article"", ""SG"": ""singular"", ""TM"": ""tense/modality"", ""IPFV"": ""Imperfective""}"
teop1238a-text_07_chapter_11_vines-40,Na hiri batana tea maa pasunana tenam.,na	hiri	bata=na	te=a	maa	pasunana	te=nam,TM2	creep	CONT=3SG.IPFV	PREP=ART2.SG	PLM	head.of.garden	PREP=1PL.EX.PRON,`It is creeping at the head of our gardens.',text_07_chapter_11_vines,40,teop1238,teop1238a,WORD_ALIGNED,"{""TM"": ""tense/modality"", ""CONT"": ""Continuity"", ""SG"": ""singular"", ""IPFV"": ""Imperfective"", ""PREP"": ""Preposition"", ""ART"": ""Article"", ""PLM"": ""Plural Marker"", ""PL"": ""plural"", ""EX"": ""exclusive"", ""PRON"": ""Pronoun""}"
teop1238a-text_07_chapter_11_vines-41,"Be vua, ore paa hana batana teo kara nae.",be	vua	o=re	paa	hana	bata=na	te=o	kara	nae,when	bear.fruit	3.PRON=CONSEC	TM3	hang	CONT=3SG.IPFV	PREP=ART2.PL	string	3SG.POSS.PRON,"`When it bears fruit, it hangs on its vines.'",text_07_chapter_11_vines,41,teop1238,teop1238a,WORD_ALIGNED,"{""PRON"": ""Pronoun"", ""CONSEC"": ""Consecutive"", ""TM"": ""tense/modality"", ""CONT"": ""Continuity"", ""SG"": ""singular"", ""IPFV"": ""Imperfective"", ""PREP"": ""Preposition"", ""ART"": ""Article"", ""PL"": ""plural"", ""POSS"": ""Possessive Marker""}"
teop1238a-text_07_chapter_11_vines-42,"Beove vuri, ore paa tomtomon.",beove	vuri	o=re	paa	tomtomon,when.3SG.PRON	ripe	3.PRON=CONSEC	TM3	orange,"`When it ripens, it becomes orange.'",text_07_chapter_11_vines,42,teop1238,teop1238a,WORD_ALIGNED,"{""SG"": ""singular"", ""PRON"": ""Pronoun"", ""CONSEC"": ""Consecutive"", ""TM"": ""tense/modality""}"
teop1238a-text_07_chapter_11_vines-43,A vua no kara kuskus a vua mataa kurus.,a	vua	n=o	kara	kuskus	a	vua	mataa	kurus,ART2.SG	fruit	3SG.POSS=ART3.SG	string	passionflower	ART2.SG	fruit	good	very,`The fruit of the passionflower is very good.',text_07_chapter_11_vines,43,teop1238,teop1238a,WORD_ALIGNED,"{""ART"": ""Article"", ""SG"": ""singular"", ""POSS"": ""Possessive Marker""}"
teop1238a-text_07_chapter_11_vines-44,KARA OBAI,kara	obai,string	calamus.cane,`CALAMUS CANE; SWEET FLAG',text_07_chapter_11_vines,44,teop1238,teop1238a,WORD_ALIGNED,{}
teop1238a-text_07_chapter_11_vines-45,O obai a kiu nae a beera kurus.,o	obai	a	kiu	nae	a	beera	kurus,ART3.SG	calamus	ART2.SG	work	3SG.POSS.PRON	ART2.SG	important	very,"`The calamus, its use is very important.'",text_07_chapter_11_vines,45,teop1238,teop1238a,WORD_ALIGNED,"{""ART"": ""Article"", ""SG"": ""singular"", ""POSS"": ""Possessive Marker"", ""PRON"": ""Pronoun""}"
teop1238a-text_07_chapter_11_vines-46,O kara obai eve to paku riori bona sia bara na paku rori bona teevoro ae a teebana.,o	kara	obai	eve	to	paku	ri=ori	bona	sia	bara	na	paku	rori	bona	teevoro	ae	a	teebana,ART3.SG	string	calamus_cane	3SG.PRON	REL	make	3PL.IPFV=3PL.PRON	OBJ.ART2.SG	chair	and2	TM2	make	3PL.IPFV	OBJ.ART2.SG	table	and1	ART2.SG	bed,"`The calamus cane is used for making chairs, and also used to make tables and beds.'\footnote{lit. `The calamus cane, it is what they make the chair from and make the table from and the bed.'}",text_07_chapter_11_vines,46,teop1238,teop1238a,WORD_ALIGNED,"{""ART"": ""Article"", ""SG"": ""singular"", ""PRON"": ""Pronoun"", ""REL"": ""Relative"", ""PL"": ""plural"", ""IPFV"": ""Imperfective"", ""OBJ"": ""Object"", ""TM"": ""tense/modality""}"
teop1238a-text_07_chapter_11_vines-47,O kara obai eve mee to kisi ni riori bona inu bara tea vaave mee.,o	kara	obai	eve	mee	to	kisi	ni	ri=ori	bona	inu	bara	tea	vaave	mee,ART3.SG	string	calamus	3SG.PRON	also	REL	tie	APPL	3PL.IPFV=3PL.PRON	OBJ.ART2.SG	house	and2	COMPL1	thatch	also,"`The calamus cane is also used for lashing (the post and beams of) the house and also for thatching (the roof).'\footnote{lit. `The calamus cane, it also is what they tie the house with and the thatching also.'}",text_07_chapter_11_vines,47,teop1238,teop1238a,WORD_ALIGNED,"{""ART"": ""Article"", ""SG"": ""singular"", ""PRON"": ""Pronoun"", ""REL"": ""Relative"", ""APPL"": ""Applicative Particle"", ""PL"": ""plural"", ""IPFV"": ""Imperfective"", ""OBJ"": ""Object"", ""COMPL"": ""Complementizer""}"
teop1238a-text_07_chapter_11_vines-48,"O kara obai kou o kara kikis kurus. Na hiri nana teo kasuana, ore paa abe hiava teo naono.",o	kara	obai	kou	o	kara	kikis	kurus	na	hiri	nana	te=o	kasuana	o=re	abe	hiava	te=o	naono,ART3.SG	string	calamus	EMPH2	ART3.SG	string	strong	very	TM2	creep	3SG.IPFV	PREP=ART3.SG	ground	3.PRON=CONSEC	creep	go.up	Prep=ART.3.SG	tree,`The calamus cane is very strong. It creeps on the ground and then it creeps up a tree.',text_07_chapter_11_vines,48,teop1238,teop1238a,WORD_ALIGNED,"{""ART"": ""Article"", ""SG"": ""singular"", ""EMPH"": ""Emphatic"", ""TM"": ""tense/modality"", ""IPFV"": ""Imperfective"", ""PREP"": ""Preposition"", ""PRON"": ""Pronoun"", ""CONSEC"": ""Consecutive""}"
teop1238a-text_07_chapter_11_vines-49,O paka obai na toutou nana.,o	paka	obai	na	toutou	nana,ART3.SG	leaf	calamus	TM2	prick	3SG.IPFV,`The calamus leaf is prickly.',text_07_chapter_11_vines,49,teop1238,teop1238a,WORD_ALIGNED,"{""ART"": ""Article"", ""SG"": ""singular"", ""TM"": ""tense/modality"", ""IPFV"": ""Imperfective""}"
teop1238a-text_07_chapter_11_vines-50,KARA OROVI,kara	orovi,string	wild.banana.with.black.leaf.sheaths,`BLACK SHEATH OF THE WILD BANANA',text_07_chapter_11_vines,50,teop1238,teop1238a,WORD_ALIGNED,{}
teop1238a-text_07_chapter_11_vines-51,O kara orovi na kurus maa raara teo veresun.,o	kara	orovi	na	kurus	maa	ra=ara	te=o	veresun,ART3.SG	string	wild.banana.with.black.leaf.sheaths	TM2	cut.off	hither	1PL.IN.IPFV=1PL.IN.PRON	PREP=ART3.SG	wild.banana,`The black wild banana sheath we cut off the wild banana plant.',text_07_chapter_11_vines,51,teop1238,teop1238a,WORD_ALIGNED,"{""ART"": ""Article"", ""SG"": ""singular"", ""TM"": ""tense/modality"", ""PL"": ""plural"", ""IN"": ""inclusive"", ""IPFV"": ""Imperfective"", ""PRON"": ""Pronoun"", ""PREP"": ""Preposition""}"
teop1238a-text_07_chapter_11_vines-52,O veresun bona o paru na dao raara bono orovi.,o	veresun	bona	o	paru	na	dao	ra=ara	bono	orovi,ART3.SG	wild.banana.plant	ANA.SG	ART3.SG	black	TM2	call	1PL.IN.IPFV=1PL.IN.PRON	ART3.SG	wild.banana.with.black.leaf.sheaths,"`This wild banana plant (with) black (leaf sheaths), we call orovi.'\footnote{lit. `This black wild banana plant we call orovi.'}",text_07_chapter_11_vines,52,teop1238,teop1238a,WORD_ALIGNED,"{""ART"": ""Article"", ""SG"": ""singular"", ""ANA"": ""Anaphoric Demonstrative"", ""TM"": ""tense/modality"", ""PL"": ""plural"", ""IN"": ""inclusive"", ""IPFV"": ""Imperfective"", ""PRON"": ""Pronoun""}"
teop1238a-text_07_chapter_11_vines-53,"Are paa dee voosu mae,",a=re	paa	dee	voosu	ma=e,1PL.IN.PRON=CONSEC	TM3	carry	come.home	hither=3SG.PRON,"`(When we have cut off a black sheath,) we carry it home,'",text_07_chapter_11_vines,53,teop1238,teop1238a,WORD_ALIGNED,"{""PL"": ""plural"", ""IN"": ""inclusive"", ""PRON"": ""Pronoun"", ""CONSEC"": ""Consecutive"", ""TM"": ""tense/modality"", ""SG"": ""singular""}"
teop1238a-text_07_chapter_11_vines-54,are paa ma kahu e bona kehaa.,a=re	paa	ma	kahu	e	bona	kehaa,1PL.IN.PRON=CONSEC	TM3	come	scrape	3SG.PRON	OBJ.ART2.SG	shell,`and scrape it with a shell.',text_07_chapter_11_vines,54,teop1238,teop1238a,WORD_ALIGNED,"{""PL"": ""plural"", ""IN"": ""inclusive"", ""PRON"": ""Pronoun"", ""CONSEC"": ""Consecutive"", ""TM"": ""tense/modality"", ""SG"": ""singular"", ""OBJ"": ""Object"", ""ART"": ""Article""}"
teop1238a-text_07_chapter_11_vines-55,Kahu vakavara,kahu	va-kavara,scrape	ADVR-finished,"`After having scraped (it),'",text_07_chapter_11_vines,55,teop1238,teop1238a,WORD_ALIGNED,"{""ADVR"": ""Adverbializer""}"
teop1238a-text_07_chapter_11_vines-56,"are paa varoava e, ore raka.",a=re	paa	va-roava	e	o=re	raka,1PL.IN.PRON=CONSEC	TM3	CAUS-be.in.the.sun	3SG.PRON	3.PRON=CONSEC	dry,`we put it in the sun so that it becomes dry.',text_07_chapter_11_vines,56,teop1238,teop1238a,WORD_ALIGNED,"{""PL"": ""plural"", ""IN"": ""inclusive"", ""PRON"": ""Pronoun"", ""CONSEC"": ""Consecutive"", ""TM"": ""tense/modality"", ""CAUS"": ""Causative"", ""SG"": ""singular""}"
teop1238a-text_07_chapter_11_vines-57,"Be raka, are paa rigunue,",be	raka	a=re	paa	rigun=u=e,when	dry	1PL.IN.PRON=CONSEC	TM3	roll.up=PFV=3SG.PRON,"`When it is dry, we roll it up,'",text_07_chapter_11_vines,57,teop1238,teop1238a,WORD_ALIGNED,"{""PL"": ""plural"", ""IN"": ""inclusive"", ""PRON"": ""Pronoun"", ""CONSEC"": ""Consecutive"", ""TM"": ""tense/modality"", ""PFV"": ""Perfective"", ""SG"": ""singular""}"
teop1238a-text_07_chapter_11_vines-58,matatopo vaa tea vin maata.,matatopo	vaa	tea	vin	maata,be.prepared	LNK	COMPL1	weave	mat,`in preparation for weaving mats.',text_07_chapter_11_vines,58,teop1238,teop1238a,WORD_ALIGNED,"{""LNK"": ""Linker"", ""COMPL"": ""Complementizer""}"
teop1238a-text_07_chapter_11_vines-59,Are paa oroorovi nio orovi bona teo vonaha.,a=re	paa	oro{$\sim$}orovi	ni=o	orovi	bona	te=o	vonaha,1PL.IN.PRON=CONSEC	TM3	RED{$\sim$}weave.black.sheath	APPL=ART3.SG	black.sheath	ANA.SG	PREP=ART3.SG	pandanus.mat,`Then we weave this black sheath into a pandanus mat.',text_07_chapter_11_vines,59,teop1238,teop1238a,WORD_ALIGNED,"{""PL"": ""plural"", ""IN"": ""inclusive"", ""PRON"": ""Pronoun"", ""CONSEC"": ""Consecutive"", ""TM"": ""tense/modality"", ""RED"": ""reduplication"", ""APPL"": ""Applicative Particle"", ""ART"": ""Article"", ""SG"": ""singular"", ""ANA"": ""Anaphoric Demonstrative"", ""PREP"": ""Preposition""}"
teop1238a-text_07_chapter_11_vines-60,KARA PIHI,kara	pihi,string	fart,`FARTING WEED',text_07_chapter_11_vines,60,teop1238,teop1238a,WORD_ALIGNED,{}
teop1238a-text_07_chapter_11_vines-61,O Kara Pihi o meho subui vaa komana vaan.,o	kara	pihi	o	meho	subui	vaa	koma-n=a	vaan,ART3.SG	string	fart	ART3.SG	other3.SG	weed	LNK	inside-3SG.POSS=ART2.SG	village,`The Farting Weed is a weed in the village.',text_07_chapter_11_vines,61,teop1238,teop1238a,WORD_ALIGNED,"{""ART"": ""Article"", ""SG"": ""singular"", ""LNK"": ""Linker"", ""POSS"": ""Possessive Marker""}"
teop1238a-text_07_chapter_11_vines-62,"O hena Kara Pihi na tei me nana bona, ei to kao vo nae.",o	hena	kara~pihi	na	tei	me	nana	bona	ei	to	kao	vo	na=e,ART3.SG	name	farting_weed	TM2	be.there	with	3SG.IPFV	4SG.PRON	DEM2	REL	go	like	3SG.IPFV=3SG.PRON,"`The name Farting Weed has been given to it for the following reason.'\footnote{lit. `The name Farting Weed, it stays with it, this (is) that it goes like.'}",text_07_chapter_11_vines,62,teop1238,teop1238a,WORD_ALIGNED,"{""ART"": ""Article"", ""SG"": ""singular"", ""TM"": ""tense/modality"", ""IPFV"": ""Imperfective"", ""PRON"": ""Pronoun"", ""DEM"": ""Demonstrative"", ""REL"": ""Relative""}"
teop1238a-text_07_chapter_11_vines-63,"Bean kara e, saka manin takara kurus haa maana, ore antee bean pihi komana.",be=an	kara	e	saka	manin	ta-kara	kurus	haa	maa=na	o=re	antee	be=an	pihi	komana,when=2SG.PRON	uproot	3SG.PRON	NEG1	ever	ACAUS-uproot	indeed	NEG2	hither=3SG.IPFV	3.PRON=CONSEC	stop	when=2SG.PRON	fart	self,"`When you (try to) uproot it, it won’t get uprooted, until you fart.'\footnote{lit. `When you uproot it, (it) does not ever get uprooted indeed, then it stops when you fart (your)self.'}",text_07_chapter_11_vines,63,teop1238,teop1238a,WORD_ALIGNED,"{""SG"": ""singular"", ""PRON"": ""Pronoun"", ""NEG"": ""Negative"", ""ACAUS"": ""Anticausative"", ""IPFV"": ""Imperfective"", ""CONSEC"": ""Consecutive""}"
teop1238a-text_07_chapter_11_vines-64,KARA ROVIVI,kara	rovivi,string	rovivi,"`ROVIVI, A KIND OF VINE'",text_07_chapter_11_vines,64,teop1238,teop1238a,WORD_ALIGNED,{}
teop1238a-text_07_chapter_11_vines-65,O kara rovivi na tei me nana bono marasin.,o	kara	rovivi	na	tei	me	nana	bono	marasin,ART3.SG	string	rovvivi	TM2	be.there	with	3SG.IPFV	OBJ.ART3.SG	medicine,`The rovivi vine contains medicine.',text_07_chapter_11_vines,65,teop1238,teop1238a,WORD_ALIGNED,"{""ART"": ""Article"", ""SG"": ""singular"", ""TM"": ""tense/modality"", ""IPFV"": ""Imperfective"", ""OBJ"": ""Object""}"
teop1238a-text_07_chapter_11_vines-66,"Bean kiu bata nom, ean re mosi vahoara a mooman,",be=an	kiu	bata	nom	e=an	re	mosi	vahoara	a	moo-man,when=2SG.PRON	work	CONT	IPFV	H-2SG.PRON	CONSEC	cut	accidentally	ART2.SG	leg-2SG.POSS.PRON,"`When you work and accidentally cut your leg,'",text_07_chapter_11_vines,66,teop1238,teop1238a,WORD_ALIGNED,"{""SG"": ""singular"", ""PRON"": ""Pronoun"", ""CONT"": ""Continuity"", ""IPFV"": ""Imperfective"", ""CONSEC"": ""Consecutive"", ""ART"": ""Article"", ""POSS"": ""Possessive Marker""}"
teop1238a-text_07_chapter_11_vines-67,"ean toro gono o kara rovivi,",e-an	toro	gono	o	kara	rovivi,H-2SG.PRON	TM7	get	ART3.SG	string	rovivi,"`you must get a rovivi vine,'",text_07_chapter_11_vines,67,teop1238,teop1238a,WORD_ALIGNED,"{""SG"": ""singular"", ""PRON"": ""Pronoun"", ""TM"": ""tense/modality"", ""ART"": ""Article""}"
teop1238a-text_07_chapter_11_vines-68,ean re buhaha e.,e-an	re	buhaha	e,H-2SG.PRON	CONSEC	rub.into.pulp	3SG.PRON,`then rub it into pulp in your hands.',text_07_chapter_11_vines,68,teop1238,teop1238a,WORD_ALIGNED,"{""SG"": ""singular"", ""PRON"": ""Pronoun"", ""CONSEC"": ""Consecutive""}"
teop1238a-text_07_chapter_11_vines-69,Ean repaa posie bona mosi.,e-an	re=paa	posi=e	bona	mosi,H-2SG.PRON	CONSEC=TM3	squeeze=3SG.PRON	OBJ.ART2.SG	cut,`And then you squeeze it (the juice) out onto the cut.',text_07_chapter_11_vines,69,teop1238,teop1238a,WORD_ALIGNED,"{""SG"": ""singular"", ""PRON"": ""Pronoun"", ""CONSEC"": ""Consecutive"", ""TM"": ""tense/modality"", ""OBJ"": ""Object"", ""ART"": ""Article""}"
teop1238a-text_07_chapter_11_vines-70,"Omana a vihii a beera,",omana	a	vihii	a	beera,sure	ART2.SG	stinging.pain	ART2.SG	big,"`Sure, the stinging pain is great,'",text_07_chapter_11_vines,70,teop1238,teop1238a,WORD_ALIGNED,"{""ART"": ""Article"", ""SG"": ""singular""}"
teop1238a-text_07_chapter_11_vines-71,evehee pasi too vaha koana a mosi tean.,evehee	pasi	too	vaha	koa=na	a	mosi	te=an,but	TM4	heal	again	just=3SG.IPFV	ART2.SG	cut	PREP=2SG.PRON,`but your cut will heal.',text_07_chapter_11_vines,71,teop1238,teop1238a,WORD_ALIGNED,"{""TM"": ""tense/modality"", ""SG"": ""singular"", ""IPFV"": ""Imperfective"", ""ART"": ""Article"", ""PREP"": ""Preposition"", ""PRON"": ""Pronoun""}"
teop1238a-text_07_chapter_11_vines-72,Eve a taba to mataa suku nae.,eve	a	taba	to	mataa	suku	na=e,3SG.PRON	ART2.SG	thing	REL	good	because.of	IPFV=3SG.PRON,`Thats why it is good.'\footnote{lit. `It (is) the thing because of which it is good.'},text_07_chapter_11_vines,72,teop1238,teop1238a,WORD_ALIGNED,"{""SG"": ""singular"", ""PRON"": ""Pronoun"", ""ART"": ""Article"", ""REL"": ""Relative"", ""IPFV"": ""Imperfective""}"
teop1238a-text_07_chapter_11_vines-73,"O hum to hata kaakoo nana o kara rovivi, bean mosie, ore paa sapusaka vo tea maa mataman.",o	hum	to	hata	kaakoo	nana	o	kara~rovivi	be=an	mosi=e	o=re	paa	sapusaka	vo	maa	mata-man,ART3.SG	part	REL	bad	move	3SG.IPFV	ART3.SG	rovivi_vine	when=2SG.PRON	cur=3SG.PRON	3.PRON=CONSEC	TM3	splash	GOAL	hither	eye-2SG.POSS.PRON,"`A situation in which the rovivi is bad is when you cut it, and the liquid splashes into your eyes.'",text_07_chapter_11_vines,73,teop1238,teop1238a,WORD_ALIGNED,"{""ART"": ""Article"", ""SG"": ""singular"", ""REL"": ""Relative"", ""IPFV"": ""Imperfective"", ""PRON"": ""Pronoun"", ""CONSEC"": ""Consecutive"", ""TM"": ""tense/modality"", ""GOAL"": ""goal"", ""POSS"": ""Possessive Marker""}"
teop1238a-text_07_chapter_11_vines-74,O kara rovivi mee saka kikis haana.,o	kara	rovivi	mee	saka	kikis	haa=na,ART3.SG	string	rovivi	also	NEG1	strong	NEG2=3SG.IPFV,"`Also, the rovivi vine is not strong.'",text_07_chapter_11_vines,74,teop1238,teop1238a,WORD_ALIGNED,"{""ART"": ""Article"", ""SG"": ""singular"", ""NEG"": ""Negative"", ""IPFV"": ""Imperfective""}"
teop1238a-text_07_chapter_11_vines-75,KARA RAVIANA,kara	raviana,string	raviana,`RAVIANA VINE',text_07_chapter_11_vines,75,teop1238,teop1238a,WORD_ALIGNED,{}
teop1238a-text_07_chapter_11_vines-76,O kara raviana eve o kara korisi to pampam sinivi ni riori.,o	{kara}	raviana	eve	o	kara	korisi	to	pam{$\sim$}pam	sinivi	ni	ri=ori,ART3.SG	string	raviana	3SG.PRON	ART3.SG	string	vine	REL	RED{$\sim$}tie.up	canoe	APPL	3PL.IPFV=3PL.PRON,"`The raviana is a vine that they use to tie up the canoe.'\footnote{lit. `The raviana vina, it (is) a vine that they tie up the canoe with.'}",text_07_chapter_11_vines,76,teop1238,teop1238a,WORD_ALIGNED,"{""ART"": ""Article"", ""SG"": ""singular"", ""PRON"": ""Pronoun"", ""REL"": ""Relative"", ""RED"": ""reduplication"", ""APPL"": ""Applicative Particle"", ""PL"": ""plural"", ""IPFV"": ""Imperfective""}"
teop1238a-text_07_chapter_11_vines-77,Nabunuu komana vai roho suguna vai nomana.,nabunuu	komana	vai	roho	suguna	vai	nomana,in.the.past	indeed	DEM6	before	arrive	now	today,`In the past until today.',text_07_chapter_11_vines,77,teop1238,teop1238a,WORD_ALIGNED,"{""DEM"": ""Demonstrative""}"
teop1238a-text_07_chapter_11_vines-78,"O kara koris bona o kara kikis kurus,",o	kara	koris	bona	o	kara	kikis	kurus,ART3.SG	string	vine	ANA.SG	ART3.SG	string	strong	very,"`This vine is very strong,'",text_07_chapter_11_vines,78,teop1238,teop1238a,WORD_ALIGNED,"{""ART"": ""Article"", ""SG"": ""singular"", ""ANA"": ""Anaphoric Demonstrative""}"
teop1238a-text_07_chapter_11_vines-79,ei to rake suku riori tea pam sinivi.,ei	to	rake	suku	ri=ori	tea	pam	sinivi,DEM2	REL	want	because.of	3PL.IPFV=3PL.PRON	COMPL1	tie.up	canoe,`this is why they want it for tying up canoes.',text_07_chapter_11_vines,79,teop1238,teop1238a,WORD_ALIGNED,"{""DEM"": ""Demonstrative"", ""REL"": ""Relative"", ""PL"": ""plural"", ""IPFV"": ""Imperfective"", ""PRON"": ""Pronoun"", ""COMPL"": ""Complementizer""}"
teop1238a-text_07_chapter_11_vines-80,KARA RUHU,kara	ruhu,aerial.root	Bengal.Ficus,`AERIAL ROOTS OF THE BENGAL FICUS',text_07_chapter_11_vines,80,teop1238,teop1238a,WORD_ALIGNED,{}
teop1238a-text_07_chapter_11_vines-81,O ruhu eve o meho naono to sun nana rasuu.,o	ruhu	eve	o	meho	naono	to	sun	nana	rasuu,ART3.SG	Bengal.Ficus	3SG.PRON	ART3.SG	other3.SG	tree	REL	stand	3SG.IPFV	jungle,`The Bengal Ficus is a tree that stands in the jungle.',text_07_chapter_11_vines,81,teop1238,teop1238a,WORD_ALIGNED,"{""ART"": ""Article"", ""SG"": ""singular"", ""PRON"": ""Pronoun"", ""REL"": ""Relative"", ""IPFV"": ""Imperfective""}"
teop1238a-text_07_chapter_11_vines-82,O naono bona o beera sana.,o	naono	bona	o	beera	sana,ART3.SG	tree	ANA.SG	ART3.SG	big	very,`This tree is very big.',text_07_chapter_11_vines,82,teop1238,teop1238a,WORD_ALIGNED,"{""ART"": ""Article"", ""SG"": ""singular"", ""ANA"": ""Anaphoric Demonstrative""}"
teop1238a-text_07_chapter_11_vines-83,Eve he o kara berobero.,eve	he	o	kara	bero{$\sim$}bero,3SG.PRON	ADVERS	ART3.SG	aerial_root	RED{$\sim$}many,`It has many aerial roots.',text_07_chapter_11_vines,83,teop1238,teop1238a,WORD_ALIGNED,"{""SG"": ""singular"", ""PRON"": ""Pronoun"", ""ADVERS"": ""Adversative Conjunction"", ""ART"": ""Article"", ""RED"": ""reduplication""}"
teop1238a-text_07_chapter_11_vines-84,O kara nae na iku gunaha taneo maana gina tea maa pea nae.,o	kara	nae	na	iku	gunaha	taneo	maa=na	gina	te=a	maa	pea	nae,ART2.PL	aerial.root	3SG.POSS.PRON	TM2	hang.down	go.down	start	hither=3SG.IPFV	high.up	PREP=ART2.SG	PLM	branch	3SG.POSS.PRON,`Its aerial roots hang down from its branches high up.',text_07_chapter_11_vines,84,teop1238,teop1238a,WORD_ALIGNED,"{""ART"": ""Article"", ""PL"": ""plural"", ""SG"": ""singular"", ""POSS"": ""Possessive Marker"", ""PRON"": ""Pronoun"", ""TM"": ""tense/modality"", ""IPFV"": ""Imperfective"", ""PREP"": ""Preposition"", ""PLM"": ""Plural Marker""}"
teop1238a-text_07_chapter_11_vines-85,O kara ruhu na topo nana gina ore paa hana gunaha maana vo putaa.,o	kara	ruhu	na	topo	nana	gina	o=re	paa	hana	gunaha	maa=na	vo	putaa,ART3.SG	aerial.root	Bengal.Ficus	TM2	stick	3SG.IPFV	high.up	3.PRON=CONSEC	TM3	hang	go.down	hither=3SG.IPFV	GOAL	on.the.ground,`The aerial roots of the Bengal Ficus stick there high up (in the tree) and hang down to the ground.',text_07_chapter_11_vines,85,teop1238,teop1238a,WORD_ALIGNED,"{""ART"": ""Article"", ""SG"": ""singular"", ""TM"": ""tense/modality"", ""IPFV"": ""Imperfective"", ""PRON"": ""Pronoun"", ""CONSEC"": ""Consecutive"", ""GOAL"": ""goal""}"
teop1238a-text_07_chapter_11_vines-86,O ana ruhu mee na tei me nana bono porete vaa tea kamis nihi.,o	ana	ruhu	mee	na	tei	me	nana	bono	porete	vaa	te=a	kamis	nihi,ART3.SG	root	Bengal.Ficus	also	TM2	be.there	with	3SG.IPFV	ART3.SG	medicine	LNK	PREP=ART2.SG	ache	tooth,`The root of the Bengal Ficus contains medicine against tooth ache.',text_07_chapter_11_vines,86,teop1238,teop1238a,WORD_ALIGNED,"{""ART"": ""Article"", ""SG"": ""singular"", ""TM"": ""tense/modality"", ""IPFV"": ""Imperfective"", ""LNK"": ""Linker"", ""PREP"": ""Preposition""}"
teop1238a-text_07_chapter_11_vines-87,"Koto vamuramuraka o sii ana ruhu vai o sii rutaa, ean repaa vaatei e teo hum takepo.",koto	va-mura{$\sim$}muraka	o	sii	ana	ruhu	vai	o	sii	rutaa	e-an	re=paa	vaa-tei	e	te=o	hum	ta-kepo,bite.off	CAUS-RED{$\sim$}soft	ART3.SG	DIM	root	Bengal.Ficus	DEM6	ART3.SG	ART3.SG	little	H-2SG.PRON	CONSEC=TM3	CAUS-be.there	3SG.PRON	PREP=ART3.SG	place	ACAUS-chop,"`Bite off and soften a little piece of the Bengal Ficus root, then you put it on the place (where a piece of the tooth) split off.'\footnote{lit. `... then you put it on the split-off place.'}",text_07_chapter_11_vines,87,teop1238,teop1238a,WORD_ALIGNED,"{""CAUS"": ""Causative"", ""RED"": ""reduplication"", ""ART"": ""Article"", ""SG"": ""singular"", ""DIM"": ""Diminutive"", ""DEM"": ""Demonstrative"", ""PRON"": ""Pronoun"", ""CONSEC"": ""Consecutive"", ""TM"": ""tense/modality"", ""PREP"": ""Preposition"", ""ACAUS"": ""Anticausative""}"
teop1238a-text_07_chapter_11_vines-88,KARA URISI,kara	urisi,string	wild.banana.sheath,`STRAP OF A WILD BANANA SHEATH',text_07_chapter_11_vines,88,teop1238,teop1238a,WORD_ALIGNED,{}
teop1238a-text_07_chapter_11_vines-89,O kara urisi eve to vateen ni raara.,o	kara	urisi	eve	to	vateen	ni	ra=ara,ART3.SG	string	wild.banana.sheath	3SG.PRON	REL	carry.backpack	APPL	1PL.IN.IPFV=1PL.IN.PRON,"`The wild banana sheath strap we use for carrying the backpack.'\footnote{lit. `The wild banana sheath strap, it (is) what we carry backpacks (with).'}",text_07_chapter_11_vines,89,teop1238,teop1238a,WORD_ALIGNED,"{""ART"": ""Article"", ""SG"": ""singular"", ""PRON"": ""Pronoun"", ""REL"": ""Relative"", ""APPL"": ""Applicative Particle"", ""PL"": ""plural"", ""IN"": ""inclusive"", ""IPFV"": ""Imperfective""}"
teop1238a-text_07_chapter_11_vines-90,Eara na gono rara o urisi teo veresun.,e-ara	na	gono	rara	o	urisi	te=o	veresun,H-1PL.IN.PRON	TM2	get	1PL.IN.IPFV	ART3.SG	wild.banana.sheath	PREP=ART3.SG	wild.banana.plant,`We get the sheath from the wild banana plant.',text_07_chapter_11_vines,90,teop1238,teop1238a,WORD_ALIGNED,"{""PL"": ""plural"", ""IN"": ""inclusive"", ""PRON"": ""Pronoun"", ""TM"": ""tense/modality"", ""IPFV"": ""Imperfective"", ""ART"": ""Article"", ""SG"": ""singular"", ""PREP"": ""Preposition""}"
teop1238a-text_07_chapter_11_vines-91,A veresun na tei rori rasuu.,a	veresun	na	tei	rori	rasuu,ART3.PL	wild.banana.plant	TM2	be.there	3PL.IPFV	jungle,`The wild banana plants are in the jungle.',text_07_chapter_11_vines,91,teop1238,teop1238a,WORD_ALIGNED,"{""ART"": ""Article"", ""PL"": ""plural"", ""TM"": ""tense/modality"", ""IPFV"": ""Imperfective""}"
teop1238a-text_07_chapter_11_vines-92,Eara na kakapa rara o veresun.,e-ara	na	kakapa	rara	o	veresun,H-1PL.IN.PRON	TM2	lift.and.remove.off	1PL.IN.IPFV	ART3.SG	wild.banana.plant,`We pull (the sheath) off the wild banana plant.',text_07_chapter_11_vines,92,teop1238,teop1238a,WORD_ALIGNED,"{""PL"": ""plural"", ""IN"": ""inclusive"", ""PRON"": ""Pronoun"", ""TM"": ""tense/modality"", ""IPFV"": ""Imperfective"", ""ART"": ""Article"", ""SG"": ""singular""}"
teop1238a-text_07_chapter_11_vines-93,Are paa varoava e ore mahaka.,a=re	paa	va-roava	e	o=re	mahaka,1PL.IN.PRON=CONSEC	TM3	CAUS-be.in.the.sun	3SG.PRON	3.PRON=CONSEC	dry,`Then we put it in the sun so that it becomes dry.',text_07_chapter_11_vines,93,teop1238,teop1238a,WORD_ALIGNED,"{""PL"": ""plural"", ""IN"": ""inclusive"", ""PRON"": ""Pronoun"", ""CONSEC"": ""Consecutive"", ""TM"": ""tense/modality"", ""CAUS"": ""Causative"", ""SG"": ""singular""}"
teop1238a-text_07_chapter_11_vines-94,Be mahaka eara re garuhu e ei beara viru bata rae.,be	mahaka	e-ara	re	garuhu	e	ei	be=ara	viru	bata	ra=e,when	dry	H-1PL.IN.PRON	CONSEC	wash	3SG.PRON	DEM2	when=1PL.IN.PRON	roll.up	CONT	1PL.IN.IPFV=3SG.PRON,"`When (it) is dry, we wash it, while we are rolling it up.'",text_07_chapter_11_vines,94,teop1238,teop1238a,WORD_ALIGNED,"{""PL"": ""plural"", ""IN"": ""inclusive"", ""PRON"": ""Pronoun"", ""CONSEC"": ""Consecutive"", ""SG"": ""singular"", ""DEM"": ""Demonstrative"", ""CONT"": ""Continuity"", ""IPFV"": ""Imperfective""}"
teop1238a-text_07_chapter_11_vines-95,"Mahaka vai ei, eara repaa gono tea vateen nie.",mahaka	vai	ei	e-ara	re=paa	gono	tea	vateen	ni=e,dry	now	DEM2	H-1PL.IN.PRON	CONSEC=TM3	get	COMPL1	carry.backpack	APPL=3SG.PRON,"`Now it is dry, and we get it for carrying the backpack.'",text_07_chapter_11_vines,95,teop1238,teop1238a,WORD_ALIGNED,"{""DEM"": ""Demonstrative"", ""PL"": ""plural"", ""IN"": ""inclusive"", ""PRON"": ""Pronoun"", ""CONSEC"": ""Consecutive"", ""TM"": ""tense/modality"", ""COMPL"": ""Complementizer"", ""APPL"": ""Applicative Particle"", ""SG"": ""singular""}"
teop1238a-text_07_chapter_11_vines-96,VUNEVUNE,vunevune,Beach.Morning.Glory,`BEACH MORNING GLORY',text_07_chapter_11_vines,96,teop1238,teop1238a,WORD_ALIGNED,{}
teop1238a-text_07_chapter_11_vines-97,O vunevune o kara korisi to hirihiri batana teo kasuana.,o	vunevune	o	kara	korisi	to	hiri{$\sim$}hiri	bata=na	te=o	kasuana,ART3.SG	Beach.Morning.Glory	ART3.SG	string	vine	REL	RED{$\sim$}creep	CONT=3SG.IPFV	PREP=ART3.SG	ground,`The Beach Morning Glory is a vine that crawls along on the ground.',text_07_chapter_11_vines,97,teop1238,teop1238a,WORD_ALIGNED,"{""ART"": ""Article"", ""SG"": ""singular"", ""REL"": ""Relative"", ""RED"": ""reduplication"", ""CONT"": ""Continuity"", ""IPFV"": ""Imperfective"", ""PREP"": ""Preposition""}"
teop1238a-text_07_chapter_11_vines-98,A vuuaba to vaahito rori teo kara vunevune a Nao Boen.,a	vuu-aba	to	vaahito	rori	te=o	kara	vunevunue	a	nao	boen,ART2.SG	cluster-person	REL	own	3PL.IPFV	PREP=ART3.SG	string	Beach.Morning.Glory	ART2.SG	Nao	Boen,`The clan who owns the Beach Morning Glory is the Nao Boen.',text_07_chapter_11_vines,98,teop1238,teop1238a,WORD_ALIGNED,"{""ART"": ""Article"", ""SG"": ""singular"", ""REL"": ""Relative"", ""PL"": ""plural"", ""IPFV"": ""Imperfective"", ""PREP"": ""Preposition""}"
teop1238a-text_08_chapter_12_hibiscus-1,"Bean rake nom to kara roge,",be=an	rake	nom	to	kara	roge,when=2SG.PRON	want	IPFV	3SG.NSPEC	string	hibiscus,"`If you want a string made of hibiscus fibres,'",text_08_chapter_12_hibiscus,1,teop1238,teop1238a,WORD_ALIGNED,"{""SG"": ""singular"", ""PRON"": ""Pronoun"", ""IPFV"": ""Imperfective"", ""NSPEC"": ""Non-Specific""}"
teop1238a-text_08_chapter_12_hibiscus-2,ean toro nao momohu tea mosi to vehu roge vai o kobus.,e-an	toro	nao	momohu	tea	mosi	o	vehu	roge	vai	o	kobus,H-2SG.PRON	TM7	go	first	COMPL1	cut	ART3.SG	twig	hibiscus	DEM6	ART3.SG	moist,`you must first go and cut a moist hibiscus twig.',text_08_chapter_12_hibiscus,2,teop1238,teop1238a,WORD_ALIGNED,"{""SG"": ""singular"", ""PRON"": ""Pronoun"", ""TM"": ""tense/modality"", ""COMPL"": ""Complementizer"", ""ART"": ""Article"", ""DEM"": ""Demonstrative""}"
teop1238a-text_08_chapter_12_hibiscus-3,O vehu roge vai na tahihi vakahu nana.,o	vehu	roge	vai	na	ta-hihi	vakahu	nana,ART3.SG	twig	hibiscus	DEM6	TM2	ACAUS-peel.off.fibres	quickly	3SG.IPFV,`The fibres of hibiscus twig are quickly peeled off.',text_08_chapter_12_hibiscus,3,teop1238,teop1238a,WORD_ALIGNED,"{""ART"": ""Article"", ""SG"": ""singular"", ""DEM"": ""Demonstrative"", ""TM"": ""tense/modality"", ""ACAUS"": ""Anticausative"", ""IPFV"": ""Imperfective""}"
teop1238a-text_08_chapter_12_hibiscus-4,Ean repaa hihi a kapa nae.,e-an	re=paa	hihi	a	kapa	nae,H-2SG.PRON	CONSEC=TM3	peel.off	ART2.SG	cover	3SG.POSS.PRON,`Then you peel its cover off.',text_08_chapter_12_hibiscus,4,teop1238,teop1238a,WORD_ALIGNED,"{""SG"": ""singular"", ""PRON"": ""Pronoun"", ""CONSEC"": ""Consecutive"", ""TM"": ""tense/modality"", ""ART"": ""Article"", ""POSS"": ""Possessive Marker""}"
teop1238a-text_08_chapter_12_hibiscus-5,Hihi kahii bono naono nae.,hihi	kahi=i	bono	naono	nae,peel.off	from=3SG.PRON	OBJ.ART3.SG	wood	3SG.POSS.PRON,`(You) peel it off its wood.',text_08_chapter_12_hibiscus,5,teop1238,teop1238a,WORD_ALIGNED,"{""SG"": ""singular"", ""PRON"": ""Pronoun"", ""OBJ"": ""Object"", ""ART"": ""Article"", ""POSS"": ""Possessive Marker""}"
teop1238a-text_08_chapter_12_hibiscus-6,"O kapa vai to hihi noman, eve to dao raara bono kara roge.",o	kapa	vai	to	hihi	nom=an	eve	to	dao	ra=ara	bono	kara	roge,ART3.SG	cover	DEM6	REL	peel	IPFV=2SG.PRON	3SG.PRON	REL	call	1PL.IN.IPFV=1PL.IN.PRON	OBJ.ART3.SG	fibre	hibiscus,"`The cover that you peel off, we call hibiscus fibre.'\footnote{lit. `The cover that you peel off, it (is the one) that we call hibiscus fibre.'}",text_08_chapter_12_hibiscus,6,teop1238,teop1238a,WORD_ALIGNED,"{""ART"": ""Article"", ""SG"": ""singular"", ""DEM"": ""Demonstrative"", ""REL"": ""Relative"", ""IPFV"": ""Imperfective"", ""PRON"": ""Pronoun"", ""PL"": ""plural"", ""IN"": ""inclusive"", ""OBJ"": ""Object""}"
teop1238a-text_08_chapter_12_hibiscus-7,"Benam hiki to urisi mene varoto bona vateen,",be=nam	hiki	to	urisi	mene	varoto	bona	vateen,when=1PL:EX.PRON	not.have	NSPEC3.SG	wild.banana.sheath	for	tie.up	OBJ.ART2.SG	backpack,"`When we don't have a wild banana sheath to strap up the backpack,'",text_08_chapter_12_hibiscus,7,teop1238,teop1238a,WORD_ALIGNED,"{""PL"": ""plural"", ""EX"": ""exclusive"", ""PRON"": ""Pronoun"", ""NSPEC"": ""Non-Specific"", ""SG"": ""singular"", ""OBJ"": ""Object"", ""ART"": ""Article""}"
teop1238a-text_08_chapter_12_hibiscus-8,enam repaa varoto nio kara roge.,e-nam	re=paa	varoto	ni=o	kara	roge,H-1PL.EX.PRON	CONSEC=TM3	tie.up	APPL=ART3.SG	string	hibiscus,`we strap it up with a string made of hibiscus fibres.',text_08_chapter_12_hibiscus,8,teop1238,teop1238a,WORD_ALIGNED,"{""PL"": ""plural"", ""EX"": ""exclusive"", ""PRON"": ""Pronoun"", ""CONSEC"": ""Consecutive"", ""TM"": ""tense/modality"", ""APPL"": ""Applicative Particle"", ""ART"": ""Article"", ""SG"": ""singular""}"
teop1238a-text_08_chapter_12_hibiscus-9,"Meha maa vuri, eori repaa paku bari bono sikioti vaa teo hagi.",meha	maa	vuri	e-ori	re=paa	paku	bari	bono	sikioti	vaa	te=o	hagi,other2.SG	PLM	time	H-3PL.PRON	CONSEC=TM3	make	4PL.PRON	OBJ.ART3.SG	skirt	LNK	PREP=ART3.SG	dance,`Sometimes they make the skirt for a dance from them.',text_08_chapter_12_hibiscus,9,teop1238,teop1238a,WORD_ALIGNED,"{""SG"": ""singular"", ""PLM"": ""Plural Marker"", ""PL"": ""plural"", ""PRON"": ""Pronoun"", ""CONSEC"": ""Consecutive"", ""TM"": ""tense/modality"", ""OBJ"": ""Object"", ""ART"": ""Article"", ""LNK"": ""Linker"", ""PREP"": ""Preposition""}"
teop1238a-text_08_chapter_12_hibiscus-10,"Hihi rori bona kapa roge,",hihi	rori	bona	kapa	roge,peel.off	3PL.IPFV	OBJ.ART3.PL	cover	hibiscus,"`(They) peel the hibiscus covers off,'",text_08_chapter_12_hibiscus,10,teop1238,teop1238a,WORD_ALIGNED,"{""PL"": ""plural"", ""IPFV"": ""Imperfective"", ""OBJ"": ""Object"", ""ART"": ""Article""}"
teop1238a-text_08_chapter_12_hibiscus-11,eori repaa taono ni bari tahii.,e-ori	re=paa	taono	ni	bari	tahii,H-3PL.PRON	CONSEC=TM3	weight.down.with.stones	APPL	4PL.PRON	sea,`then they put them into the sea weighting them down with stones.'\footnote{lit. `then they weight them down with stones in the sea'},text_08_chapter_12_hibiscus,11,teop1238,teop1238a,WORD_ALIGNED,"{""PL"": ""plural"", ""PRON"": ""Pronoun"", ""CONSEC"": ""Consecutive"", ""TM"": ""tense/modality"", ""APPL"": ""Applicative Particle""}"
teop1238a-text_08_chapter_12_hibiscus-12,"Beo kapa roge vai o pereperee koava,",be=o	kapa	roge	vai	o	pereperee	koava,when=ART3.SG	cover	hibiscus	DEM6	ART3.SG	green	rot,"`When a green hibiscus cover rots,'",text_08_chapter_12_hibiscus,12,teop1238,teop1238a,WORD_ALIGNED,"{""ART"": ""Article"", ""SG"": ""singular"", ""DEM"": ""Demonstrative""}"
teop1238a-text_08_chapter_12_hibiscus-13,eori repaa gono takin kahi bari bona tahii.,e-ori	re=paa	gono	takin	kahi	bari	bona	tahii,H-3PL.PRON	CONSEC=TM3	get	go.out.of.water	from	4PL.PRON	OBJ.ART2.SG	saltwater,`they get it out of the saltwater.',text_08_chapter_12_hibiscus,13,teop1238,teop1238a,WORD_ALIGNED,"{""PL"": ""plural"", ""PRON"": ""Pronoun"", ""CONSEC"": ""Consecutive"", ""TM"": ""tense/modality"", ""OBJ"": ""Object"", ""ART"": ""Article"", ""SG"": ""singular""}"
teop1238a-text_08_chapter_12_hibiscus-14,"Murinae eori repaa garuhu bari,",muri-nae	e-ori	re=paa	garuhu	bari,after-3SG.POSS.PRON	H-3PL.PRON	CONSEC=TM3	wash	4PL.PRON,`After that they wash it',text_08_chapter_12_hibiscus,14,teop1238,teop1238a,WORD_ALIGNED,"{""SG"": ""singular"", ""POSS"": ""Possessive Marker"", ""PRON"": ""Pronoun"", ""PL"": ""plural"", ""CONSEC"": ""Consecutive"", ""TM"": ""tense/modality""}"
teop1238a-text_08_chapter_12_hibiscus-15,eori repaa varoava bari.,e-ori	re=paa	va-roava	bari,H-3PL.PRON	CONSEC=TM3	CAUS-be.in.the.sun	4PL.PRON,`and put it in the sun.',text_08_chapter_12_hibiscus,15,teop1238,teop1238a,WORD_ALIGNED,"{""PL"": ""plural"", ""PRON"": ""Pronoun"", ""CONSEC"": ""Consecutive"", ""TM"": ""tense/modality"", ""CAUS"": ""Causative""}"
teop1238a-text_08_chapter_12_hibiscus-16,"Beve raka, eori repaa sirisiri varutarutaa bari.",beve	raka	e-ori	re=paa	siri{$\sim$}siri	va-ruta{$\sim$}rutaa	bari,when.3SG.PRON	dry	H-3PL.PRON	CONSEC=TM3	RED{$\sim$}tear	CAUS-RED{$\sim$}small	4PL.PRON,"`When it is dry, they tear it into fine strips'",text_08_chapter_12_hibiscus,16,teop1238,teop1238a,WORD_ALIGNED,"{""SG"": ""singular"", ""PRON"": ""Pronoun"", ""PL"": ""plural"", ""CONSEC"": ""Consecutive"", ""TM"": ""tense/modality"", ""RED"": ""reduplication"", ""CAUS"": ""Causative""}"
teop1238a-text_08_chapter_12_hibiscus-17,Eori repaa paku bari bono garasi sikioti mene hagi teori.,e-ori	re=paa	paku	bari	bono	garasi	sikioti	mene	hagi	te=ori,H-3PL.PRON	CONSEC=TM3	make	4PL.PRON	ART3.SG	grass	skirt	for	dance	PREP=3PL.PRON,`Then they use them for making their grass skirt for dancing.',text_08_chapter_12_hibiscus,17,teop1238,teop1238a,WORD_ALIGNED,"{""PL"": ""plural"", ""PRON"": ""Pronoun"", ""CONSEC"": ""Consecutive"", ""TM"": ""tense/modality"", ""ART"": ""Article"", ""SG"": ""singular"", ""PREP"": ""Preposition""}"
teop1238a-text_09_chapter_13_pandanus-1,KARAA,karaa,pandanus,`PANDANUS',text_09_chapter_13_pandanus,1,teop1238,teop1238a,WORD_ALIGNED,{}
teop1238a-text_09_chapter_13_pandanus-2,O karaa to vin vonaha ni ria ta Teapu.,o	karaa	to	vin	vonaha	ni	ri=a	ta	teapu,ART3.SG	pandanus	REL	weave	pandanus.mat	APPL	3PL.IPFV=ART2.SG	people	Teop,`The pandanus is used by the Teop people for weaving mats.',text_09_chapter_13_pandanus,2,teop1238,teop1238a,WORD_ALIGNED,"{""ART"": ""Article"", ""SG"": ""singular"", ""REL"": ""Relative"", ""APPL"": ""Applicative Particle"", ""PL"": ""plural"", ""IPFV"": ""Imperfective""}"
teop1238a-text_09_chapter_13_pandanus-3,"Na kosi riori ore paa kahu bono sinoo vaa toon no paka karaa, ore paa vaameapa bari tea roava.",na	kosi	ri=ori	o=re	kahu	bono	sinoo	vaa	toon=o	paka	karaa	o=re	{paa}	vaa=meapa	bari	te=a	roava,TM2	cut.leaves	3PL.IPFV=3PL.PRON	3.PRON=CONSEC	scrape	OBJ.ART3.SG	bone	LNK	back.POSS=ART3.SG	leaf	pandanus	3.PRON=CONSEC	TM3	CAUS=be.flexible	4PL.PRON	PREP=ART2.SG	sun,"`They cut the pandanus leaves and then scrape the midrib on the back of the pandanus leaves, and let them become flexible in the sun.'",text_09_chapter_13_pandanus,3,teop1238,teop1238a,WORD_ALIGNED,"{""TM"": ""tense/modality"", ""PL"": ""plural"", ""IPFV"": ""Imperfective"", ""PRON"": ""Pronoun"", ""CONSEC"": ""Consecutive"", ""OBJ"": ""Object"", ""ART"": ""Article"", ""SG"": ""singular"", ""LNK"": ""Linker"", ""POSS"": ""Possessive Marker"", ""CAUS"": ""Causative"", ""PREP"": ""Preposition""}"
teop1238a-text_09_chapter_13_pandanus-4,"Me meapa, ore paa rava bari ge eori repaa nahu bari bona tahii.",me	meapa	o=re	paa	rava	bari	ge	e-ori	re=paa	nahu	bari	bona	tahii,and4	be.flexible	3.PRON=CONSEC	TM3	heat	4PL.PRON	or	H-3PL.PRON	CONSEC=TM3	cook	4PL.PRON	OBJ.ART2.SG	saltwater,"`And (when the pandanus leaves are) flexible, they heat them over the fire or cook them in saltwater.'",text_09_chapter_13_pandanus,4,teop1238,teop1238a,WORD_ALIGNED,"{""PRON"": ""Pronoun"", ""CONSEC"": ""Consecutive"", ""TM"": ""tense/modality"", ""PL"": ""plural"", ""OBJ"": ""Object"", ""ART"": ""Article"", ""SG"": ""singular""}"
teop1238a-text_09_chapter_13_pandanus-5,Murinae eori repaa varoava bari.,muri-nae	e-ori	re=paa	va-roava	bari	te=a	roava,after-3SG.POSS.PRON	H-3PL.PRON	CONSEC=TM3	CAUS-be.in.the.sun	4PL.PRON	PREP=ART2.SG	sun,`After that they put them put into the sun (to dry).',text_09_chapter_13_pandanus,5,teop1238,teop1238a,WORD_ALIGNED,"{""SG"": ""singular"", ""POSS"": ""Possessive Marker"", ""PRON"": ""Pronoun"", ""PL"": ""plural"", ""CONSEC"": ""Consecutive"", ""TM"": ""tense/modality"", ""CAUS"": ""Causative"", ""PREP"": ""Preposition"", ""ART"": ""Article""}"
teop1238a-text_09_chapter_13_pandanus-6,Varoava riori antee beo karaa gaoho komana.,va-roava	ri=ori	te=a	roava	antee	be=o	karaa	gaoho	komana,CAUS-be.in.the.sun	3PL.IPFV=3PL.PRON	PREP=ART2.SG	sun	stop	when=ART3.SG	pandanus	bleached	self,`They put (them) in the sun until the pandanus is bleached.',text_09_chapter_13_pandanus,6,teop1238,teop1238a,WORD_ALIGNED,"{""CAUS"": ""Causative"", ""PL"": ""plural"", ""IPFV"": ""Imperfective"", ""PRON"": ""Pronoun"", ""PREP"": ""Preposition"", ""ART"": ""Article"", ""SG"": ""singular""}"
teop1238a-text_09_chapter_13_pandanus-7,KARAA TOUTOU,karaa	toutou,pandanus	thorns,`THORNY PANDANUS (\textit{Pandanus spiralis})',text_09_chapter_13_pandanus,7,teop1238,teop1238a,WORD_ALIGNED,{}
teop1238a-text_09_chapter_13_pandanus-8,O karaa toutou na bero kurus nana kasuana teara.,o	karaa	toutou	na	bero	kurus	nana	kasuana	te=ara,ART3.SG	pandanus	thorns	TM2	many	very	3SG.IPFV	coastal.area	PREP=1PL.IN.PRON,`The Thorny Pandanus is very common in our coastal area.',text_09_chapter_13_pandanus,8,teop1238,teop1238a,WORD_ALIGNED,"{""ART"": ""Article"", ""SG"": ""singular"", ""TM"": ""tense/modality"", ""IPFV"": ""Imperfective"", ""PREP"": ""Preposition"", ""PL"": ""plural"", ""IN"": ""inclusive"", ""PRON"": ""Pronoun""}"
teop1238a-text_09_chapter_13_pandanus-9,"Pura pinopino batana mee,",pura	pinopino	bata=na	mee,grow	without.care	CONT=3SG.IPFV	also,`(It) grows everywhere without any care.',text_09_chapter_13_pandanus,9,teop1238,teop1238a,WORD_ALIGNED,"{""CONT"": ""Continuity"", ""SG"": ""singular"", ""IPFV"": ""Imperfective""}"
teop1238a-text_09_chapter_13_pandanus-10,ei kou o vua nae to oro binubinu batana tahii.,ei~kou	o	vua	nae	to	oro	binubinu	bata=na	tahii,because	ART2.PL	seed	3SG.POSS.PRON	REL	float	around	CONT=3SG.IPFV	sea,`because its seeds float around everywhere in the sea.',text_09_chapter_13_pandanus,10,teop1238,teop1238a,WORD_ALIGNED,"{""ART"": ""Article"", ""PL"": ""plural"", ""SG"": ""singular"", ""POSS"": ""Possessive Marker"", ""PRON"": ""Pronoun"", ""REL"": ""Relative"", ""CONT"": ""Continuity"", ""IPFV"": ""Imperfective""}"
teop1238a-text_09_chapter_13_pandanus-11,O karaa bona na vaapeha mi nana bono karaa vai o hiki toutou.,o	karaa	bona	na	vaa-peha	mi	nana	bono	karaa	vai	o	hiki	toutou,ART3.SG	pandanus	ANA.SG	TM2	CAUS-one	with	3SG.IPFV	OBJ.ART3.SG	pandanus	DEM6	ART3.SG	not.have	thorns,`This pandanus is similar to the pandanus without thorns.',text_09_chapter_13_pandanus,11,teop1238,teop1238a,WORD_ALIGNED,"{""ART"": ""Article"", ""SG"": ""singular"", ""ANA"": ""Anaphoric Demonstrative"", ""TM"": ""tense/modality"", ""CAUS"": ""Causative"", ""IPFV"": ""Imperfective"", ""OBJ"": ""Object"", ""DEM"": ""Demonstrative""}"
teop1238a-text_09_chapter_13_pandanus-12,"A taba to vaavaha koa ni nana teo buo karaa bona, o meho na tei mi nana bono toutou teo buo vavaarihi bara toon nae, o meho me ahiki.",a	taba	to	vaavaha	koa	ni	nana	te=o	buo	karaa	bona	o	meho	na	tei	mi	nana	bono	toutou	te=o	buo	vavaarihi	bara	toon	nae	o	meho	me	ahiki,ART2.SG	thing	REL	different	only	APPL	3SG.IPFV	PREP=ART3.SG	two3.SG	pandanus	ANA.SG	ART3.SG	one3.SG	TM	be.there	with	3SG.IPFV	OBJ.ART3.SG	thorns	PREP=ART3.SG	two3.SG	side	and2	back	3SG.POSS.PRON	ART3.SG	other3.SG	?	not.exist,"`The only thing that is different with these two kinds of pandanus is that one has thorns on the two sides of the leaf and on its back, but the other one does not.'",text_09_chapter_13_pandanus,12,teop1238,teop1238a,WORD_ALIGNED,"{""ART"": ""Article"", ""SG"": ""singular"", ""REL"": ""Relative"", ""APPL"": ""Applicative Particle"", ""IPFV"": ""Imperfective"", ""PREP"": ""Preposition"", ""ANA"": ""Anaphoric Demonstrative"", ""TM"": ""tense/modality"", ""OBJ"": ""Object"", ""POSS"": ""Possessive Marker"", ""PRON"": ""Pronoun""}"
teop1238a-text_09_chapter_13_pandanus-13,Eara na kahu rara o buo vavaarihi no paka karaa bara toon nae.,e-ara	na	kahu	rara	o	buo	vavaarihi	n=o	paka	karaa	bara	toon	nae,H-1PL.IN.PRON	TM2	scrape	1PL.IN.IPFV	ART3.SG	two3.SG	side	3SG.POSS=3SG.ART	leaf	pandanus	and2	back	3SG.POSS.PRON,`We scrape the two sides of the leaf and its back.',text_09_chapter_13_pandanus,13,teop1238,teop1238a,WORD_ALIGNED,"{""PL"": ""plural"", ""IN"": ""inclusive"", ""PRON"": ""Pronoun"", ""TM"": ""tense/modality"", ""IPFV"": ""Imperfective"", ""ART"": ""Article"", ""SG"": ""singular"", ""POSS"": ""Possessive Marker""}"
teop1238a-text_09_chapter_13_pandanus-14,O karaa bona mee o gagaoho pete kurus. O karaa bona o mataa.,o	karaa	bona	mee	o	gagaoho	pete	kurus	o	karaa	bona	o	mataa,ART3.SG	pandanus	ANA.SG	also	ART3.SG	bleached	also	very	ART3.SG	pandanus	ANA.SG	ART3.SG	good,`This pandanus is also very white. This pandanus is good.',text_09_chapter_13_pandanus,14,teop1238,teop1238a,WORD_ALIGNED,"{""ART"": ""Article"", ""SG"": ""singular"", ""ANA"": ""Anaphoric Demonstrative""}"
teop1238a-text_09_chapter_13_pandanus-15,Na vin hoi bara vonaha ni ria maa moon.,na	vin	hoi	bara	vonaha	ni	ri=a	maa	moon,TM2	weave	basket	and2	mat	APPL	3PL.IPFV=ART2.SG	PLM	woman,`The women use it for weaving baskets and mats.',text_09_chapter_13_pandanus,15,teop1238,teop1238a,WORD_ALIGNED,"{""TM"": ""tense/modality"", ""APPL"": ""Applicative Particle"", ""PL"": ""plural"", ""IPFV"": ""Imperfective"", ""ART"": ""Article"", ""SG"": ""singular"", ""PLM"": ""Plural Marker""}"
teop1238a-text_09_chapter_13_pandanus-16,KARAA VAA SOLOMON,karaa	vaa	solomon,pandanus	LNK	Solomon,`SOLOMON PANDANUS',text_09_chapter_13_pandanus,16,teop1238,teop1238a,WORD_ALIGNED,"{""LNK"": ""Linker""}"
teop1238a-text_09_chapter_13_pandanus-17,O karaa vai o hiki toutou na deedee maa rohori Solomon meara na dao koa rara e bona karaa vaa Solomon.,o	karaa	vai	o	hiki	toutou	na	dee{$\sim$}dee	maa	roho	ori	solomon	me=ara	na	dao	koa	rara	e	bono	karaa	vaa	solomon,ART3.SG	pandanus	DEM6	ART3.SG	not.have	thorns	TM2	RED{$\sim$}carry	hither	before	3PL.PRON	Solomon	and4=1PL.IN.PRON	TM2	call	just	1PL.IN.IPFV	3SG.PRON	OBJ.ART3.SG	pandanus	LNK	Solomon,"`The pandanus without thorns was brought from the Solomon Islands, and we just call it the Solomon pandanus.'\footnote{lit. `This pandanus not having thorns, they brought here before, ...'}",text_09_chapter_13_pandanus,17,teop1238,teop1238a,WORD_ALIGNED,"{""ART"": ""Article"", ""SG"": ""singular"", ""DEM"": ""Demonstrative"", ""TM"": ""tense/modality"", ""RED"": ""reduplication"", ""PL"": ""plural"", ""PRON"": ""Pronoun"", ""IN"": ""inclusive"", ""IPFV"": ""Imperfective"", ""OBJ"": ""Object"", ""LNK"": ""Linker""}"
teop1238a-text_09_chapter_13_pandanus-18,Ahiki to toutou teve.,ahiki	to	toutou	teve,not.exist	NSPEC3.SG	thorns	PREP.3.SG.PRON,`It does not have any thorns.'\footnote{lit. `There is not any thorn of it.'},text_09_chapter_13_pandanus,18,teop1238,teop1238a,WORD_ALIGNED,"{""NSPEC"": ""Non-Specific"", ""SG"": ""singular"", ""PREP"": ""Preposition"", ""PRON"": ""Pronoun""}"
teop1238a-text_09_chapter_13_pandanus-19,"Eara na kahu vatamee koara a toon na maa paka karaa, ore tamee tea rigunu ei beara tau nahue.",e=ara	na	kahu	va-tamee	koa=ra	a	toon	n=a	maa	paka	karaa	o=re	tamee	tea	rigunu	ei	be=ara	tau	nahu=e,H-1PL.IN.PRON	TM2	scrape	CAUS-flexible	only=1PL.IN.IPFV	ART2.SG	back	3SG.POSS=ART2.SG	PLM	leaf	pandanus	3.PRON=CONSEC	flexible	COMPL	wind.up	DEM2	when=1PL.IN.PRON	TM5	cook=3SG.PRON,`We only scrape the back of the pandanus leaves to make them flexible so that they are flexible to wind them up when we are about to cook them.',text_09_chapter_13_pandanus,19,teop1238,teop1238a,WORD_ALIGNED,"{""PL"": ""plural"", ""IN"": ""inclusive"", ""PRON"": ""Pronoun"", ""TM"": ""tense/modality"", ""CAUS"": ""Causative"", ""IPFV"": ""Imperfective"", ""ART"": ""Article"", ""SG"": ""singular"", ""POSS"": ""Possessive Marker"", ""PLM"": ""Plural Marker"", ""CONSEC"": ""Consecutive"", ""COMPL"": ""Complementizer"", ""DEM"": ""Demonstrative""}"
teop1238a-text_09_chapter_13_pandanus-20,"O karaa bona o gaohogaoho kurus, o tamee kurus mee.",o	karaa	bona	o	gaoho{$\sim$}gaoho	kurus	o	tamee	kurus	mee,ART3.SG	pandanus	ANA.SG	ART3.SG	RED{$\sim$}bleached	very	ART3.SG	flexible	very	also,"`This pandanus is very white, but also very flexible.'",text_09_chapter_13_pandanus,20,teop1238,teop1238a,WORD_ALIGNED,"{""ART"": ""Article"", ""SG"": ""singular"", ""ANA"": ""Anaphoric Demonstrative"", ""RED"": ""reduplication""}"
teop1238a-text_09_chapter_13_pandanus-21,"Na mataa kurus nana tea vin vonaha, hoi ae haata.",na	mataa	kurus	nana	tea	vin	vonaha	hoi	ae	haata,TM2	good	very	3SG.IPFV	COMPL1	weave	mat	basket	and1	hat,"`It is very good for weaving mats, baskets and hats.'",text_09_chapter_13_pandanus,21,teop1238,teop1238a,WORD_ALIGNED,"{""TM"": ""tense/modality"", ""SG"": ""singular"", ""IPFV"": ""Imperfective"", ""COMPL"": ""Complementizer""}"
teop1238a-text_10_chapter_14_giant_pandanus-1,TAOVU,taovu,giant.pandanus.hood,`THE GIANT PANDANUS AND THE HOOD',text_10_chapter_14_giant_pandanus,1,teop1238,teop1238a,WORD_ALIGNED,{}
teop1238a-text_10_chapter_14_giant_pandanus-2,O taovu na neba ni raara beve a rutaa.,o	taovu	na	neba	ni	ra=ara	beve	a	rutaa,ART3.SG	giant.pandanus	TM2	plant	APPL	1PL.IN.IPFV=1PL.IN.PRON	when.3.SG.PRON	ART2.SG	small,"`We plant the giant pandanus, when it (is) small.'",text_10_chapter_14_giant_pandanus,2,teop1238,teop1238a,WORD_ALIGNED,"{""ART"": ""Article"", ""SG"": ""singular"", ""TM"": ""tense/modality"", ""APPL"": ""Applicative Particle"", ""PL"": ""plural"", ""IN"": ""inclusive"", ""IPFV"": ""Imperfective"", ""PRON"": ""Pronoun""}"
teop1238a-text_10_chapter_14_giant_pandanus-3,Rerau ore paa pura hiava komana bata maa.,rerau	o=re	paa	pura	hiava	komana	bata	maa,and.then	3.PRON=CONSEC	TM3	grow	go.up	self	CONT	hither,`And then it grows up by itself.',text_10_chapter_14_giant_pandanus,3,teop1238,teop1238a,WORD_ALIGNED,"{""PRON"": ""Pronoun"", ""CONSEC"": ""Consecutive"", ""TM"": ""tense/modality"", ""CONT"": ""Continuity""}"
teop1238a-text_10_chapter_14_giant_pandanus-4,"Be pura hiava, a paka nae repaa bebeahu bata maa,",be	pura	hiava	a	paka	nae	re=paa	bebeahu	bata	maa,when	grow	go.up	ART2.SG	leaf	3SG.POSS.PRON	CONSEC=TM3	long	CONT	hither,"`When (it) grows up, its leaves become long,'",text_10_chapter_14_giant_pandanus,4,teop1238,teop1238a,WORD_ALIGNED,"{""ART"": ""Article"", ""SG"": ""singular"", ""POSS"": ""Possessive Marker"", ""PRON"": ""Pronoun"", ""CONSEC"": ""Consecutive"", ""TM"": ""tense/modality"", ""CONT"": ""Continuity""}"
teop1238a-text_10_chapter_14_giant_pandanus-5,ore paa taneo mee iku gunaha.,o=re	paa	taneo	mee	iku	gunaha,3.PRON=CONSEC	TM3	start	also	hang.down	go.down,`so that they also start hanging down.',text_10_chapter_14_giant_pandanus,5,teop1238,teop1238a,WORD_ALIGNED,"{""PRON"": ""Pronoun"", ""CONSEC"": ""Consecutive"", ""TM"": ""tense/modality""}"
teop1238a-text_10_chapter_14_giant_pandanus-6,"Beo taovu pura hiava vaantee, ore paa vakavakarapi.",be=o	taovu	pura	hiava	va-antee	o=re	paa	vaka{$\sim$}vakarapi,when=ART3.SG	giant.pandanus	grow	go.up	ADVR-stop	3.PRON=CONSEC	TM3	RED{$\sim$}fork,"`When the giant pandanus has grown up to a certain point, it branches out in all directions.'",text_10_chapter_14_giant_pandanus,6,teop1238,teop1238a,WORD_ALIGNED,"{""ART"": ""Article"", ""SG"": ""singular"", ""ADVR"": ""Adverbializer"", ""PRON"": ""Pronoun"", ""CONSEC"": ""Consecutive"", ""TM"": ""tense/modality"", ""RED"": ""reduplication""}"
teop1238a-text_10_chapter_14_giant_pandanus-7,"Bean rake ta mosi hape to peho peana, ean repaa mosi e.",be=an	rake	ta	mosi	hape	to	peho	peana	e-an	re=paa	mosi	e,when=2SG.PRON	want	COMPL1	cut	cut.branch	NSPEC3.SG	one3.SG	branch	H-2SG.PRON	CONSEC=TM3	cut	3SG.PRON,"`If you want to cut off a branch, then you cut it.'",text_10_chapter_14_giant_pandanus,7,teop1238,teop1238a,WORD_ALIGNED,"{""SG"": ""singular"", ""PRON"": ""Pronoun"", ""COMPL"": ""Complementizer"", ""NSPEC"": ""Non-Specific"", ""CONSEC"": ""Consecutive"", ""TM"": ""tense/modality""}"
teop1238a-text_10_chapter_14_giant_pandanus-8,Rerau ean paa kosi a paka no taovu meno taovu tean.,rerau	e-an	paa	kosi	a	paka	n=o	taovu	meno	taovu	te=an,and.so	H-2SG.PRON	TM3	cut.off.leaves	ART2.SG	leaf	3SG.POSS=ART3.SG	giant.pandanus	for.ART3.SG	hood	PREP=3SG.PRON,`And so you cut off the leaves of the giant pandanus for your hood.',text_10_chapter_14_giant_pandanus,8,teop1238,teop1238a,WORD_ALIGNED,"{""SG"": ""singular"", ""PRON"": ""Pronoun"", ""TM"": ""tense/modality"", ""ART"": ""Article"", ""POSS"": ""Possessive Marker"", ""PREP"": ""Preposition""}"
teop1238a-text_10_chapter_14_giant_pandanus-9,"Bean kosi vakavara a paka taovu, ean paa kaakaru e bono pesupaava, bean varoava bata nom eve.",be=an	kosi	va-kavara	a	paka	taovu	e-an	paa	kaakaru	e	bono	pesupaava	be=an	va-roava	bata	nom	eve,when=2SG.PRON	cut.off.leaves	ADVR-complete	ART3.PL	leaf	giant.pandanus	H-2SG.PRON	TM3	scrape.thorns.off	3SG.PRON	OBJ.ART3.SG	coconut.husk	when=2SG.PRON	CAUS-be.in.the.sun	CONT	IPFV	3SG.PRON,"`After you have cut off the pandanus leaves, you scrape off the thorns with a coconut husk and put them in the sun.'\footnote{lit. `When you have completely cut off the pandanus leaves, you scrape thorns off them with a coconut husk when you put them in the sun.'}",text_10_chapter_14_giant_pandanus,9,teop1238,teop1238a,WORD_ALIGNED,"{""SG"": ""singular"", ""PRON"": ""Pronoun"", ""ADVR"": ""Adverbializer"", ""ART"": ""Article"", ""PL"": ""plural"", ""TM"": ""tense/modality"", ""OBJ"": ""Object"", ""CAUS"": ""Causative"", ""CONT"": ""Continuity"", ""IPFV"": ""Imperfective""}"
teop1238a-text_10_chapter_14_giant_pandanus-10,"Bea paka taovu tean meapa, ean paa aha e bono kakaamuru.",be=a	paka	taovu	te=an	meapa	e-an	paa	aha	e	bono	kakaamuru,when=ART3.PL	leaf	giant.pandanus	PREP=3SG.PRON	flexible	H-2SG.PRON	TM3	scrub	3SG.PRON	OBJ.ART3.SG	white.sand,"`When your giant pandanus leaves are flexible, you scrub them with white sand.'",text_10_chapter_14_giant_pandanus,10,teop1238,teop1238a,WORD_ALIGNED,"{""ART"": ""Article"", ""PL"": ""plural"", ""PREP"": ""Preposition"", ""SG"": ""singular"", ""PRON"": ""Pronoun"", ""TM"": ""tense/modality"", ""OBJ"": ""Object""}"
teop1238a-text_10_chapter_14_giant_pandanus-11,Ean repaa varoava vahabana e.,e-an	re=paa	va-roava	vahabana	e,H-2SG.PRON	CONSEC=TM3	CAUS-be.in.the.sun	again	3SG.PRON,`Then you put them into the sun again.',text_10_chapter_14_giant_pandanus,11,teop1238,teop1238a,WORD_ALIGNED,"{""SG"": ""singular"", ""PRON"": ""Pronoun"", ""CONSEC"": ""Consecutive"", ""TM"": ""tense/modality"", ""CAUS"": ""Causative""}"
teop1238a-text_10_chapter_14_giant_pandanus-12,"Bea paka taovu tean kakaavoo, ean paa taatagi e ore paa matatopo vo tea kuna bono taovu.",be=a	paka	taovu	te=an	kakaavoo	e-an	paa	taatagi	e	o=re	paa	matatopo	vo	tea	kuna	bono	taovu,when=ART3.PL	leaf	giant.pandanus	PREP=2SG.PRON	white	H-2SG.PRON	TM3	prepare	3SG.PRON	3.PRON=CONSEC	TM3	be.ready	GOAL	COMPL1	sew	ART3.SG	hood,"`When your giant pandanus leaves have turned white, you prepare them, so that they are ready for sewing the hood.'",text_10_chapter_14_giant_pandanus,12,teop1238,teop1238a,WORD_ALIGNED,"{""ART"": ""Article"", ""PL"": ""plural"", ""PREP"": ""Preposition"", ""SG"": ""singular"", ""PRON"": ""Pronoun"", ""TM"": ""tense/modality"", ""CONSEC"": ""Consecutive"", ""GOAL"": ""goal"", ""COMPL"": ""Complementizer""}"
teop1238a-text_10_chapter_14_giant_pandanus-13,"O taovu na kuna riori bono sigauva roge, na matatopo varaba komana riori.",o	taovu	na	kuna	ri=ori	bono	sigauva	roge	na	matatopo	varaba	komana	ri=ori,ART3.SG	hood	TM2	sew	3PL.IPFV=3PL.PRON	OBJ.ART3.SG	thread	hibiskus	TM2	prepared	in.advance	self	3PL.IPFV=3PL.PRON,`They sew the hood with a thread (made of)  hibiscus (fibres) (that) they have themselves prepared in advance.',text_10_chapter_14_giant_pandanus,13,teop1238,teop1238a,WORD_ALIGNED,"{""ART"": ""Article"", ""SG"": ""singular"", ""TM"": ""tense/modality"", ""PL"": ""plural"", ""IPFV"": ""Imperfective"", ""PRON"": ""Pronoun"", ""OBJ"": ""Object""}"
teop1238a-text_10_chapter_14_giant_pandanus-14,O taovu na uvuuvu ni riori teo vuri to siko nana a huan.,o	taovu	na	uvu{$\sim$}uvu	ni	ri=ori	te=o	vuri	to	siko	nana	a	huan,ART3.SG	hood	TM2	RED{$\sim$}wear	APPL	3PL.IPFV=3PL.PRON	PREP=ART3.SG	time	REL	pour.down	3SG.IPFV	ART2.SG	rain,"`They wear the hood, when the rain is pouring down.'\footnote{lit. `... at the time that the rain is pouring down.'}",text_10_chapter_14_giant_pandanus,14,teop1238,teop1238a,WORD_ALIGNED,"{""ART"": ""Article"", ""SG"": ""singular"", ""TM"": ""tense/modality"", ""RED"": ""reduplication"", ""APPL"": ""Applicative Particle"", ""PL"": ""plural"", ""IPFV"": ""Imperfective"", ""PRON"": ""Pronoun"", ""PREP"": ""Preposition"", ""REL"": ""Relative""}"
teop1238a-text_11_chapter_16__frame_of_house-1,Amaa humhum na inu gorogoroho vaa Teapu,a=maa	hum{$\sim$}hum	n=a	inu	goro{$\sim$}goroho	vaa	teapu,ART2.SG=PLM	RED{$\sim$}part	3SG.POSS=ART2.SG	house	RED{$\sim$}sleep	LNK	Teop.reagion,`Some parts of the Teop sleeping house',text_11_chapter_16__frame_of_house,1,teop1238,teop1238a,WORD_ALIGNED,"{""ART"": ""Article"", ""SG"": ""singular"", ""PLM"": ""Plural Marker"", ""RED"": ""reduplication"", ""POSS"": ""Possessive Marker"", ""LNK"": ""Linker""}"
teop1238a-text_11_chapter_16__frame_of_house-2,TOON,o	toon,ART3.SG	post,`POST',text_11_chapter_16__frame_of_house,2,teop1238,teop1238a,WORD_ALIGNED,"{""ART"": ""Article"", ""SG"": ""singular""}"
teop1238a-text_11_chapter_16__frame_of_house-3,"A ta naono vai a ta beera, bebeahu ae kikis to toon riori bona inu,",a	ta	naono	vai	a	ta	beera	bebeahu	ae	kikis	to	toon	ri=ori	bona	inu,ART2.SG	piece	wood	DEM6	ART2.SG	piece	big	long	and1	strong	REL	use.as.post.of	3PL.IPFV=3PL.PRON	OBJ.ART2.SG	house,"`A big, long and strong pole that is used as a post of the house,'",text_11_chapter_16__frame_of_house,3,teop1238,teop1238a,WORD_ALIGNED,"{""ART"": ""Article"", ""SG"": ""singular"", ""DEM"": ""Demonstrative"", ""REL"": ""Relative"", ""PL"": ""plural"", ""IPFV"": ""Imperfective"", ""PRON"": ""Pronoun"", ""OBJ"": ""Object""}"
teop1238a-text_11_chapter_16__frame_of_house-4,ge eve o naono to dee maana bona inu.,ge	eve	o	naono	to	dee	maa=na	bona	inu,or	3SG.PRON	ART3.SG	pole	REL	carry	hither=3PL.IPFV	OBJ.ART2.SG	house,"`or, (put differently,) it is a pole that carries the house.'",text_11_chapter_16__frame_of_house,4,teop1238,teop1238a,WORD_ALIGNED,"{""SG"": ""singular"", ""PRON"": ""Pronoun"", ""ART"": ""Article"", ""REL"": ""Relative"", ""PL"": ""plural"", ""IPFV"": ""Imperfective"", ""OBJ"": ""Object""}"
teop1238a-text_11_chapter_16__frame_of_house-5,"Bea ta tovihi, na tei koana tea beera na inu.",be=a	ta	tovihi	na	tei	koa=na	te=a	beera	n=a	inu,COMPL2=ART2.SG	piece	how.many	TM2	be.there	just=3SG.IPFV	PREP=ART2.SG	size	3SG.POSS=ART2.SG	house,"`How many, (that) depends on the size of the house.'",text_11_chapter_16__frame_of_house,5,teop1238,teop1238a,WORD_ALIGNED,"{""COMPL"": ""Complementizer"", ""ART"": ""Article"", ""SG"": ""singular"", ""TM"": ""tense/modality"", ""IPFV"": ""Imperfective"", ""PREP"": ""Preposition"", ""POSS"": ""Possessive Marker""}"
teop1238a-text_11_chapter_16__frame_of_house-6,"Evehee sa gonogono vahogo haari,",evehee	sa	gono{$\sim$}gono	vahogo	haa=ri,but	NEG1	RED{$\sim$}get	carelessly	NEG2=3PL.IPFV,"`But they do not get them in a careless way,'",text_11_chapter_16__frame_of_house,6,teop1238,teop1238a,WORD_ALIGNED,"{""NEG"": ""Negative"", ""RED"": ""reduplication"", ""PL"": ""plural"", ""IPFV"": ""Imperfective""}"
teop1238a-text_11_chapter_16__frame_of_house-7,"ahiki, o naono to mataa ki nana bono toon o toraha.",ahiki	o	naono	to	mataa	ki	nana	bono	toon	o	toraha,no	ART3.SG	tree	REL	good	DAT	3SG.IPFV	OBJ.ART3.SG	post	ART3.SG	New.Guinea.Teak,"`no, the tree that is good for a post is the New Guinea Teak.'",text_11_chapter_16__frame_of_house,7,teop1238,teop1238a,WORD_ALIGNED,"{""ART"": ""Article"", ""SG"": ""singular"", ""REL"": ""Relative"", ""DAT"": ""Dative"", ""IPFV"": ""Imperfective"", ""OBJ"": ""Object""}"
teop1238a-text_11_chapter_16__frame_of_house-8,O naono o kikis ae o vaanagu koava.,o	naono	o	kikis	ae	o	vaanagu	koava,ART3.SG	wood	ART3.SG	strong	and1	ART3.SG	resist	rot,`The wood is strong and resistant to rotting.',text_11_chapter_16__frame_of_house,8,teop1238,teop1238a,WORD_ALIGNED,"{""ART"": ""Article"", ""SG"": ""singular""}"
teop1238a-text_11_chapter_16__frame_of_house-9,PAEE,o	paee,ART3.SG	horizontal.beam,"`HORIZONTAL BEAM (joist, tie beam, joist, and the main ridge pole)'",text_11_chapter_16__frame_of_house,9,teop1238,teop1238a,WORD_ALIGNED,"{""ART"": ""Article"", ""SG"": ""singular""}"
teop1238a-text_11_chapter_16__frame_of_house-10,O naono o bebeahu to vaobete riori toon na maa paos.,o	naono	o	bebeahu	to	va-obete	ri=ori	toon	n=a	maa	paos,ART3.SG	beam	ART3.SG	long	REL	CAUS-lie	3PL.IPFV=3PL.PRON	top	3SG.POSS=ART3.SG	PLM	post,`The long beam that is put on top of the posts.',text_11_chapter_16__frame_of_house,10,teop1238,teop1238a,WORD_ALIGNED,"{""ART"": ""Article"", ""SG"": ""singular"", ""REL"": ""Relative"", ""CAUS"": ""Causative"", ""PL"": ""plural"", ""IPFV"": ""Imperfective"", ""PRON"": ""Pronoun"", ""POSS"": ""Possessive Marker"", ""PLM"": ""Plural Marker""}"
teop1238a-text_11_chapter_16__frame_of_house-11,"Evehee toro naono vai haabana o kikis, tabae eve to kahi dee nana bono paranda.",evehee	toro	naono	vai	haabana	o	kikis	tabae	eve	to	kahi	dee	nana	bono	paranda,but	TM7	beam	DEM6	again	ART3.SG	strong	because	3SG.PRON	REL	TM1	carry	3SG.IPFV	OBJ.ART3.SG	floor,`But (it) must again be a strong beam because it will carry the floor.'\footnote{lit. `... because it (is the one) that will carry the floor.'},text_11_chapter_16__frame_of_house,11,teop1238,teop1238a,WORD_ALIGNED,"{""TM"": ""tense/modality"", ""DEM"": ""Demonstrative"", ""ART"": ""Article"", ""SG"": ""singular"", ""PRON"": ""Pronoun"", ""REL"": ""Relative"", ""IPFV"": ""Imperfective"", ""OBJ"": ""Object""}"
teop1238a-text_11_chapter_16__frame_of_house-12,A ta tovihi? Na tei koana tea bero tea toon.,a	ta	tovihi	na	tei	koa=na	te=a	bero	te=a	toon,ART2.SG	piece	how.many	TM2	be.there	just=3SG.IPFV	PREP=ART2.SG	quantity	PREP=ART3.PL	post,`How many? That just depends on the number of the posts.',text_11_chapter_16__frame_of_house,12,teop1238,teop1238a,WORD_ALIGNED,"{""ART"": ""Article"", ""SG"": ""singular"", ""TM"": ""tense/modality"", ""IPFV"": ""Imperfective"", ""PREP"": ""Preposition"", ""PL"": ""plural""}"
teop1238a-text_11_chapter_16__frame_of_house-13,O hum to teitei bata nae mee ei toon na maa sunsun.,o	hum	to	tei{$\sim$}tei	bata	na=e	mee	ei	toon	n=a	maa	sunsun,ART3.SG	place	REL	RED{$\sim$}stay	CONT	3SG.IPFV=3SG.IPFV	also	DEM2	top	3SG.POSS=ART2.SG	PLM	standing.post,"`A place where they also lie, this is on top of the (posts called) sunsun, standing posts.'",text_11_chapter_16__frame_of_house,13,teop1238,teop1238a,WORD_ALIGNED,"{""ART"": ""Article"", ""SG"": ""singular"", ""REL"": ""Relative"", ""RED"": ""reduplication"", ""CONT"": ""Continuity"", ""IPFV"": ""Imperfective"", ""DEM"": ""Demonstrative"", ""POSS"": ""Possessive Marker"", ""PLM"": ""Plural Marker""}"
teop1238a-text_11_chapter_16__frame_of_house-14,SUNSUN,sunsun,standing.post,`STANDING POST',text_11_chapter_16__frame_of_house,14,teop1238,teop1238a,WORD_ALIGNED,{}
teop1238a-text_11_chapter_16__frame_of_house-15,"O sunsun o naono to sun nana toon na maa paee,",o	sunsun	o	naono	to	sun	nana	toon	n=a	maa	paee,ART3.SG	standing.post	ART3.SG	pole	REL	stand	3SG.IPFV	top	3SG.POSS=ART2.SG	PLM	horizontal.beam,`The standing post is a pole that stands on the horizontal beams.',text_11_chapter_16__frame_of_house,15,teop1238,teop1238a,WORD_ALIGNED,"{""ART"": ""Article"", ""SG"": ""singular"", ""REL"": ""Relative"", ""IPFV"": ""Imperfective"", ""POSS"": ""Possessive Marker"", ""PLM"": ""Plural Marker""}"
teop1238a-text_11_chapter_16__frame_of_house-16,"O meho paee repaa obete taono vaha ni maa bona,",o	meho	paee	re=paa	obete	taono	vaha	ni	maa	bona,ART3.SG	other3.SG	horizontal.beam	CONSEC=TM3	lie	put.on.top	again	APPL	hither	4SG.PRON,"`And another horizontal beam lies on it,'",text_11_chapter_16__frame_of_house,16,teop1238,teop1238a,WORD_ALIGNED,"{""ART"": ""Article"", ""SG"": ""singular"", ""CONSEC"": ""Consecutive"", ""TM"": ""tense/modality"", ""APPL"": ""Applicative Particle"", ""PRON"": ""Pronoun""}"
teop1238a-text_11_chapter_16__frame_of_house-17,O varuvaru repaa obete maa toon nae.,o	varuvaru	re=paa	obete	maa	toon	na=e,ART3.SG	rafter	CONSEC=TM3	lie	hither	top	3SG.POSS=3SG.PRON,`And then the rafter lies on top of it.',text_11_chapter_16__frame_of_house,17,teop1238,teop1238a,WORD_ALIGNED,"{""ART"": ""Article"", ""SG"": ""singular"", ""CONSEC"": ""Consecutive"", ""TM"": ""tense/modality"", ""POSS"": ""Possessive Marker"", ""PRON"": ""Pronoun""}"
teop1238a-text_11_chapter_16__frame_of_house-18,Eve o naono to kahi ato ni nana bono hum inu vaa gina,eve	o	naono	to	kahi	ato	ni	nana	bono	hum	inu	vaa	gina,3SG.PRON	ART3.SG	pole	REL	TM1	hold	APPL	3SG.IPFV	OBJ.ART3.SG	part	house	LNK	top,`It is the pole that holds the upper part of the house.',text_11_chapter_16__frame_of_house,18,teop1238,teop1238a,WORD_ALIGNED,"{""SG"": ""singular"", ""PRON"": ""Pronoun"", ""ART"": ""Article"", ""REL"": ""Relative"", ""TM"": ""tense/modality"", ""APPL"": ""Applicative Particle"", ""IPFV"": ""Imperfective"", ""OBJ"": ""Object"", ""LNK"": ""Linker""}"
teop1238a-text_11_chapter_16__frame_of_house-19,GAASUU,gaasuu,kingpost,`KING POST',text_11_chapter_16__frame_of_house,19,teop1238,teop1238a,WORD_ALIGNED,{}
teop1238a-text_11_chapter_16__frame_of_house-20,O gaasuu o naono to vavaasun riori tobina inu toon no paee.,o	gaasuu	o	naono	to	va{$\sim$}vaa-sun	ri=ori	tobina	inu	toon	n=o	paee,ART3.SG	kingpost	ART3.SG	pole	REL	RED{$\sim$}CAUS-stand	3PL.IPFV=3PL.PRON	middle	house	top	3SG.POSS=ART3.SG	horizontal.beam,`The gaasu is the pole that they stand in the middle of the house on top of the tie beam.',text_11_chapter_16__frame_of_house,20,teop1238,teop1238a,WORD_ALIGNED,"{""ART"": ""Article"", ""SG"": ""singular"", ""REL"": ""Relative"", ""RED"": ""reduplication"", ""CAUS"": ""Causative"", ""PL"": ""plural"", ""IPFV"": ""Imperfective"", ""PRON"": ""Pronoun"", ""POSS"": ""Possessive Marker""}"
teop1238a-text_11_chapter_16__frame_of_house-21,Beo tovihi? Na tei koana tea bebeahu na inu.,be=o	tovihi	na	tei	koa=na	te=a	bebeahu	n=a	inu,when=ART3.SG	how.many	TM2	be.there	just=3SG.IPFV	PREP=ART2.SG	length	3SG.POSS=ART2.SG	house,`How many? That just depends on the length of the house.',text_11_chapter_16__frame_of_house,21,teop1238,teop1238a,WORD_ALIGNED,"{""ART"": ""Article"", ""SG"": ""singular"", ""TM"": ""tense/modality"", ""IPFV"": ""Imperfective"", ""PREP"": ""Preposition"", ""POSS"": ""Possessive Marker""}"
teop1238a-text_11_chapter_16__frame_of_house-22,Evehee a kiu tea maa naono bari mene dee,evehee	a	kiu	te=a	maa	naono	bari	mene	dee,but	ART2.SG	work	PREP=ART2.SG	PLM	beam	ANA.PL	for	carry,`The function of these poles is to carry (the main ridge pole)',text_11_chapter_16__frame_of_house,22,teop1238,teop1238a,WORD_ALIGNED,"{""ART"": ""Article"", ""SG"": ""singular"", ""PREP"": ""Preposition"", ""PLM"": ""Plural Marker"", ""ANA"": ""Anaphoric Demonstrative"", ""PL"": ""plural""}"
teop1238a-text_11_chapter_16__frame_of_house-23,ge eve to vaatoka maa riori bono peho paee.,ge	eve	to	vaa-toka	maa	ri=ori	bono	peho	paee,or	3SG.PRON	REL	CAUS-perch	hither	3PL.IPFV=3PL.PRON	OBJ.ART3.SG	one3.SG	horizontal.beam,"`or, (in other words,) it is the one on which they make the main ridge pole perch.'",text_11_chapter_16__frame_of_house,23,teop1238,teop1238a,WORD_ALIGNED,"{""SG"": ""singular"", ""PRON"": ""Pronoun"", ""REL"": ""Relative"", ""CAUS"": ""Causative"", ""PL"": ""plural"", ""IPFV"": ""Imperfective"", ""OBJ"": ""Object"", ""ART"": ""Article""}"
teop1238a-text_11_chapter_16__frame_of_house-24,Amaa ta naono bari mee amaa ta kakato koa.,a=maa	ta	naono	bari	mee	a=maa	ta	kakato	koa,ART2.SG=PLM	piece	wood	ANA.PL	also	ART2.SG=PLM	piece	short	quite,`These pieces of wood are quite short.',text_11_chapter_16__frame_of_house,24,teop1238,teop1238a,WORD_ALIGNED,"{""ART"": ""Article"", ""SG"": ""singular"", ""PLM"": ""Plural Marker"", ""ANA"": ""Anaphoric Demonstrative"", ""PL"": ""plural""}"
teop1238a-text_11_chapter_16__frame_of_house-25,VARUVARU,varuvaru,rafter,`RAFTER',text_11_chapter_16__frame_of_house,25,teop1238,teop1238a,WORD_ALIGNED,{}
teop1238a-text_11_chapter_16__frame_of_house-26,A varuvaru eve a naono to kahi vaobete mau ori toon no paee vai,a	varuvaru	eve	a	naono	to	kahi	va-obete	ma=u	ori	toon	n=o	paee	vai,ART3.PL	rafter	3SG.PRON	ART3.PL	beam	REL	TM1	CAUS-lie	hither=PFV	3PL.PRON	top	3SG.POSS=ART3.SG	horizontal.beam	DEM6,`The rafters are the beams that are laid on the horizontal beam',text_11_chapter_16__frame_of_house,26,teop1238,teop1238a,WORD_ALIGNED,"{""ART"": ""Article"", ""PL"": ""plural"", ""SG"": ""singular"", ""PRON"": ""Pronoun"", ""REL"": ""Relative"", ""TM"": ""tense/modality"", ""CAUS"": ""Causative"", ""PFV"": ""Perfective"", ""POSS"": ""Possessive Marker"", ""DEM"": ""Demonstrative""}"
teop1238a-text_11_chapter_16__frame_of_house-27,to paa vaobete vori toon na mata gaasuu.,to	paa	va-obete	v=ori	toon	n=a	ma=ta	gaasuu,REL	TM3	CAUS-lie	PFV=3PL.PRON	top	3SG.POSS=ART2.SG	PLM=piece	kingpost,`that is laid on to the kingposts.',text_11_chapter_16__frame_of_house,27,teop1238,teop1238a,WORD_ALIGNED,"{""REL"": ""Relative"", ""TM"": ""tense/modality"", ""CAUS"": ""Causative"", ""PFV"": ""Perfective"", ""PL"": ""plural"", ""PRON"": ""Pronoun"", ""SG"": ""singular"", ""POSS"": ""Possessive Marker"", ""ART"": ""Article"", ""PLM"": ""Plural Marker""}"
teop1238a-text_11_chapter_16__frame_of_house-28,Eve mee a naono to kahi vaave taono riori bona atovo.,eve	mee	a	naono	to	kahi	vaave	taono	ri=ori	bona	atovo,3SG.PRON	also	ART3.PL	pole	REL	TM1	fix.thatch	put.on.top	3PL.IPFV=3PL.PRON	OBJ.ART3.PL	sago.palm.thatch,`They are also the beams on which the sago palm thatches will be fixed.',text_11_chapter_16__frame_of_house,28,teop1238,teop1238a,WORD_ALIGNED,"{""SG"": ""singular"", ""PRON"": ""Pronoun"", ""ART"": ""Article"", ""PL"": ""plural"", ""REL"": ""Relative"", ""TM"": ""tense/modality"", ""IPFV"": ""Imperfective"", ""OBJ"": ""Object""}"
teop1238a-text_11_chapter_16__frame_of_house-29,A bero nae mee na tei habana koana tea bebeahu na inu.,a	bero	na=e	mee	na	tei	habana	koa=na	te=a	bebeahu	n=a	inu,ART2.SG	quantity	3SG.POSS=3SG.PRON	also	TM2	be.there	again	just=3SG.IPFV	PREP=ART2.SG	length	3SG.POSS=ART2.SG	house,`Their number also depends only on the length of the house.',text_11_chapter_16__frame_of_house,29,teop1238,teop1238a,WORD_ALIGNED,"{""ART"": ""Article"", ""SG"": ""singular"", ""POSS"": ""Possessive Marker"", ""PRON"": ""Pronoun"", ""TM"": ""tense/modality"", ""IPFV"": ""Imperfective"", ""PREP"": ""Preposition""}"
teop1238a-text_11_chapter_16__frame_of_house-30,A naono nae a vahavahara naono vaa tea apao.,a	naono	na=e	a	vaha{$\sim$}vahara	naono	vaa	te=a	apao,ART3.PL	tree	3SG.POSS=3SG.PRON	ART3.PL	RED{$\sim$}little.PL	tree	LNK	PREP=ART2.SG	old.garden,`The trees used for them are little trees from the old garden.',text_11_chapter_16__frame_of_house,30,teop1238,teop1238a,WORD_ALIGNED,"{""ART"": ""Article"", ""PL"": ""plural"", ""SG"": ""singular"", ""POSS"": ""Possessive Marker"", ""PRON"": ""Pronoun"", ""RED"": ""reduplication"", ""LNK"": ""Linker"", ""PREP"": ""Preposition""}"
teop1238a-text_11_chapter_16__frame_of_house-31,A varuvaru he toro tapaku tea buaku a papana tea papa matau ae papa keruka,a	varuvaru	he	toro	ta-paku	te=a	buaku	a	papana	te=a	papa	matau	ae	papa	keruka,ART3.PL	rafter	ADVERS	TM7	ACAUS	PREP=ART2.SG	two	ART2.SG	side	PREP=ART2.SG	side	right	and1	side	left,"`The rafters must be made on the two sides, on the right side and the left side'",text_11_chapter_16__frame_of_house,31,teop1238,teop1238a,WORD_ALIGNED,"{""ART"": ""Article"", ""PL"": ""plural"", ""ADVERS"": ""Adversative Conjunction"", ""TM"": ""tense/modality"", ""ACAUS"": ""Anticausative"", ""PREP"": ""Preposition"", ""SG"": ""singular""}"
teop1238a-text_11_chapter_16__frame_of_house-32,ore paa vatasu vatatana tobina toon no paee vai,o=re	paa	va-tasu	va-tatana	tobina	toon	n=o	paee	vai,3.PRON=CONSEC	TM3	MULT-hit	MULT-meet	middle	top	3SG.POSS=ART3.SG	horizontal.beam	DEM6,`so that they touch each other in the middle (of the roof) on top of the horizontal beam',text_11_chapter_16__frame_of_house,32,teop1238,teop1238a,WORD_ALIGNED,"{""PRON"": ""Pronoun"", ""CONSEC"": ""Consecutive"", ""TM"": ""tense/modality"", ""MULT"": ""multiple situation"", ""SG"": ""singular"", ""POSS"": ""Possessive Marker"", ""ART"": ""Article"", ""DEM"": ""Demonstrative""}"
teop1238a-text_11_chapter_16__frame_of_house-33,to paa vaatoka vori toon na maa gaasuu vaa tobina.,to	paa	vaa-toka	v=ori	toon	n=a	maa	gaasuu	vaa	tobina,REL	TM3	CAUS-perch	PFV=3PL.PRON	top	3SG.POSS=ART2.SG	PLM	kingpost	LNK	middle,`that they have placed on the kingposts in the middle.',text_11_chapter_16__frame_of_house,33,teop1238,teop1238a,WORD_ALIGNED,"{""REL"": ""Relative"", ""TM"": ""tense/modality"", ""CAUS"": ""Causative"", ""PFV"": ""Perfective"", ""PL"": ""plural"", ""PRON"": ""Pronoun"", ""SG"": ""singular"", ""POSS"": ""Possessive Marker"", ""ART"": ""Article"", ""PLM"": ""Plural Marker"", ""LNK"": ""Linker""}"
teop1238a-text_11_chapter_16__frame_of_house-34,VAATETEKOIO,vatetekoio,upper.ridgepole,`Upper ridgepole',text_11_chapter_16__frame_of_house,34,teop1238,teop1238a,WORD_ALIGNED,{}
teop1238a-text_11_chapter_16__frame_of_house-35,O naono bebeahu to kahi vaatoka vaha maa riori toon na maa varuvaru vai to paa vatasu vatatana vuru.,o	naono	bebeahu	to	kahi	vaa-toka	vaha	maa	ri=ori	toon	n=a	maa	varuvaru	vai	to	paa	va-tasu	va-tatana	vuru,ART3.SG	beam	long	REL	TM1	CAUS-perch	again	hither	3PL.IPFV=3PL.PRON	top	3SG.POSS=ART2.SG	PLM	rafter	DEM6	REL	TM3	MULT-hit	MULT-meet	earlier,`A long beam that will be placed on top of the rafters that have touched each other (on the lower ridgepole).',text_11_chapter_16__frame_of_house,35,teop1238,teop1238a,WORD_ALIGNED,"{""ART"": ""Article"", ""SG"": ""singular"", ""REL"": ""Relative"", ""TM"": ""tense/modality"", ""CAUS"": ""Causative"", ""PL"": ""plural"", ""IPFV"": ""Imperfective"", ""PRON"": ""Pronoun"", ""POSS"": ""Possessive Marker"", ""PLM"": ""Plural Marker"", ""DEM"": ""Demonstrative"", ""MULT"": ""multiple situation""}"
teop1238a-text_11_chapter_16__frame_of_house-36,Eve to kahi ato vakikis habana nana tea inu.,eve	to	kahi	ato	va-kikis	habana	nana	te=a	inu,3SG.PRON	REL	TM1	hold	ADVR-strong	again	3SG.IPFV	PREP=ART2.SG	house,`It will also hold the house firmly together.',text_11_chapter_16__frame_of_house,36,teop1238,teop1238a,WORD_ALIGNED,"{""SG"": ""singular"", ""PRON"": ""Pronoun"", ""REL"": ""Relative"", ""TM"": ""tense/modality"", ""ADVR"": ""Adverbializer"", ""IPFV"": ""Imperfective"", ""PREP"": ""Preposition"", ""ART"": ""Article""}"
teop1238a-text_11_chapter_16__frame_of_house-37,"Evehee a kiu teo naono bona rakaha, ei meno kovuaka.",evehee	a	kiu	te=o	naono	bona	rakaha	ei	meno	kovuaka,but	ART2.SG	work	PREP=ART3.SG	beam	ANA.SG	in.fact	DEM2	for.ART3.SG	top.thatch.sheet,"`But the main function of this beam, this is for the top thatch sheet.'",text_11_chapter_16__frame_of_house,37,teop1238,teop1238a,WORD_ALIGNED,"{""ART"": ""Article"", ""SG"": ""singular"", ""PREP"": ""Preposition"", ""ANA"": ""Anaphoric Demonstrative"", ""DEM"": ""Demonstrative""}"
teop1238a-text_11_chapter_16__frame_of_house-38,Eve to kahi vaobete maa riori bono kovuaka ore paa obete vamataa koa maa teebona.,eve	to	kahi	va-obete	maa	ri=ori	bono	kovuaka	o=re	paa	obete	va-mataa	koa	maa	teebona,3SG.PRON	REL	TM1	CAUS-lie	hither	3PL.IPFV=3PL.PRON	OBJ.ART3.SG	top.thatch.sheet	3.PRON=CONSEC	TM3	lie	ADVR-good	just	hither	there,`It is (the beam) where they will put the top thatch sheet so that it properly lies there.',text_11_chapter_16__frame_of_house,38,teop1238,teop1238a,WORD_ALIGNED,"{""SG"": ""singular"", ""PRON"": ""Pronoun"", ""REL"": ""Relative"", ""TM"": ""tense/modality"", ""CAUS"": ""Causative"", ""PL"": ""plural"", ""IPFV"": ""Imperfective"", ""OBJ"": ""Object"", ""ART"": ""Article"", ""CONSEC"": ""Consecutive"", ""ADVR"": ""Adverbializer""}"
teop1238a-text_11_chapter_16__frame_of_house-39,HOGO,hogo,floor.joist,`FLOOR JOIST',text_11_chapter_16__frame_of_house,39,teop1238,teop1238a,WORD_ALIGNED,{}
teop1238a-text_11_chapter_16__frame_of_house-40,"O naono to hogo vaha ni maa riori paana, be obete bata maana toon na maa paee vai tea maa toon.",o	naono	to	hogo	vaha	ni	maa	ri=ori	paa-na	be	obete	bata	maa=na	toon	n=a	maa	paee	vai	te=a	maa	toon,ART3.SG	beam	REL	use.as.floor.joist	again	APPL	hither	3PL.IPFV=3PL.PRON	under-DEREL	while	lie	CONT	hither=3SG.IPFV	top	3SG.POSS=ART2.SG	PLM	horizontal.beam	DEM6	PREP=ART2.SG	PLM	post,"`The beams that they put underneath (the floor), while they lie on the horizontal beams (that lie) on the posts.'",text_11_chapter_16__frame_of_house,40,teop1238,teop1238a,WORD_ALIGNED,"{""ART"": ""Article"", ""SG"": ""singular"", ""REL"": ""Relative"", ""APPL"": ""Applicative Particle"", ""PL"": ""plural"", ""IPFV"": ""Imperfective"", ""PRON"": ""Pronoun"", ""DEREL"": ""Derelational"", ""CONT"": ""Continuity"", ""POSS"": ""Possessive Marker"", ""PLM"": ""Plural Marker"", ""DEM"": ""Demonstrative"", ""PREP"": ""Preposition""}"
teop1238a-text_11_chapter_16__frame_of_house-41,Eve to kahi obete mau o paranda.,eve	to	kahi	obete	ma=u	o	paranda,3SG.PRON	REL	TM1	lie	hither=PFV	ART3.SG	floor,`They are the ones on which the floor will lie.',text_11_chapter_16__frame_of_house,41,teop1238,teop1238a,WORD_ALIGNED,"{""SG"": ""singular"", ""PRON"": ""Pronoun"", ""REL"": ""Relative"", ""TM"": ""tense/modality"", ""PFV"": ""Perfective"", ""ART"": ""Article""}"
teop1238a-text_11_chapter_16__frame_of_house-42,O tovihi? Na tei pete koana tea bebeahu ae tea tatabonata na inu.,o	tovihi	na	tei	pete	koa=na	te=a	bebeahu	ae	te=a	tatabonata	n=a	inu,ART3.SG	how.many	TM2	be.there	also	just=3SG.IPFV	PREP=ART2.SG	length	and1	PREP=ART2.SG	width	3SG.POSS=ART2.SG	house,`How many? That also just depends on the length and the width of the house.',text_11_chapter_16__frame_of_house,42,teop1238,teop1238a,WORD_ALIGNED,"{""ART"": ""Article"", ""SG"": ""singular"", ""TM"": ""tense/modality"", ""IPFV"": ""Imperfective"", ""PREP"": ""Preposition"", ""POSS"": ""Possessive Marker""}"
teop1238a-text_12_chapter_17_thatch-1,O atovo eve o meho taba to pakupaku inu ni raara en Teapu.,o	atovo	eve	o	meho	taba	to	paku{$\sim$}paku	inu	ni	ra=ara	en	teapu,ART3.SG	sago.palm.thatch	3SG.PRON	ART3.SG	other3.SG	thing	REL	RED{$\sim$}make	house	APPL	1PL.IN.IPFV=1PL.IN.PRON	DEM3	Teop,"`The sago palm thatch is something we use to build houses here in the Teop regions.'\footnote{lit. `The sago palm thatch, it (is) another thing that we make houses with here in Teop.'}",text_12_chapter_17_thatch,1,teop1238,teop1238a,WORD_ALIGNED,"{""ART"": ""Article"", ""SG"": ""singular"", ""PRON"": ""Pronoun"", ""REL"": ""Relative"", ""RED"": ""reduplication"", ""APPL"": ""Applicative Particle"", ""PL"": ""plural"", ""IN"": ""inclusive"", ""IPFV"": ""Imperfective"", ""DEM"": ""Demonstrative""}"
teop1238a-text_12_chapter_17_thatch-2,"Eve to vavaakopo riori toon na inu tea varavihi kahi bona huan, a roava ae a iravata. A kiu vaa teo atovo he na paku vonaen:",eve	to	va{$\sim$}vaa-kopo	ri=ori	toon	n=a	inu	tea	varavihi	kahi	bona	huan	a	roava	ae	a	iravata	a	kiu	vaa	te=o	atovo	he	na	paku	vo=na=en,3SG.PRON	REL	RED{$\sim$}CAUS-lie.flat	3PL.IPFV=3PL.PRON	top	3SG.POSS=ART2.SG	house	COMPL1	protect	from	OBJ.ART2.SG	rain	ART2.SG	sun	and1	ART2.SG	storm	ART2.SG	work	LNK	PREP=ART3.SG	sago.palm	ADVERS	TM2	do	like=3SG.IPFV=DEM3,"`It is put on top of the house to protect (it) against the rain, the sun and the storm.  The work on the sago palm is done as follows:'\footnote{lit. `It (is) what they put on top of the house ...'}",text_12_chapter_17_thatch,2,teop1238,teop1238a,WORD_ALIGNED,"{""SG"": ""singular"", ""PRON"": ""Pronoun"", ""REL"": ""Relative"", ""RED"": ""reduplication"", ""CAUS"": ""Causative"", ""PL"": ""plural"", ""IPFV"": ""Imperfective"", ""POSS"": ""Possessive Marker"", ""ART"": ""Article"", ""COMPL"": ""Complementizer"", ""OBJ"": ""Object"", ""LNK"": ""Linker"", ""PREP"": ""Preposition"", ""ADVERS"": ""Adversative Conjunction"", ""TM"": ""tense/modality"", ""DEM"": ""Demonstrative""}"
teop1238a-text_12_chapter_17_thatch-3,"Beara suguna teo hum to tei nae a atovo, eara toro viana vamataa o vuaba vai o manoto vamataa, bara to vapepeana vamataa nana mee.",be=ara	suguna	te=o	hum	to	tei	nae	a	atovo	e-ara	toro	viana	va-mataa	o	vuaba	vai	o	manoto	va-mataa	bara	to	va-pe{$\sim$}peana	va-mataa	nana	mee,when=1PL.IN.PRON	arrive	PREP=ART3.SG	place	REL	stay	3SG.IPFV	ART3.PL	sago.palm	H-1PL.IN.PRON	TM7	choose	ADVR-good	ART3.SG	one	now	ART3.SG	mature	ADVR-good	and2	REL	MULT-RED{$\sim$}have.branches	ADVR-good	3SG.IPFV	also,"`When we have arrived at the place where the sago palms are, we must carefully choose one that is fully mature and also has many branches.'",text_12_chapter_17_thatch,3,teop1238,teop1238a,WORD_ALIGNED,"{""PL"": ""plural"", ""IN"": ""inclusive"", ""PRON"": ""Pronoun"", ""PREP"": ""Preposition"", ""ART"": ""Article"", ""SG"": ""singular"", ""REL"": ""Relative"", ""IPFV"": ""Imperfective"", ""TM"": ""tense/modality"", ""ADVR"": ""Adverbializer"", ""MULT"": ""multiple situation"", ""RED"": ""reduplication""}"
teop1238a-text_12_chapter_17_thatch-4,"Beara viana vakavara, eara repaa tagava e ge eara repaa peha e.",be=ara	viana	va-kavara	e-ara	re=paa	tagava	e	ge	e-ara	re=paa	peha	e,when=1PL.IN.PRON	choose	ADVR-complete	H-1PL.IN.PRON	CONSEC=TM3	fell	3SG.PRON	or	H-1PL.IN.PRON	CONSEC=TM3	climb	3SG.PRON,"`When we have chosen (it), we fell it or we climb it.'",text_12_chapter_17_thatch,4,teop1238,teop1238a,WORD_ALIGNED,"{""PL"": ""plural"", ""IN"": ""inclusive"", ""PRON"": ""Pronoun"", ""ADVR"": ""Adverbializer"", ""CONSEC"": ""Consecutive"", ""TM"": ""tense/modality"", ""SG"": ""singular""}"
teop1238a-text_12_chapter_17_thatch-5,"Tea peha, eara na peha rara, eara repaa mosi koa maa a peana gina beo atovo sun vakisi pahi nana.",te=a	peha	e-ara	na	peha	rara	e-ara	re=paa	mosi	koa	maa	a	pea-na	gina	be=o	atovo	sun	vakisi	pahi	nana,PREP=ART2.SG	climb	H-1PL.IN.PRON	TM2	climb	1PL.IN.IPFV	H-1PL.IN.PRON	CONSEC=TM3	cut	just	hither	ART3.PL	branch-DEREL	on.the.top	when=ART3.SG	sago.palm	stand	still	though	3SG.IPFV,"`As for the climbing, we climb it, and then we only cut the branches on the top, while the sago palm is still standing.'",text_12_chapter_17_thatch,5,teop1238,teop1238a,WORD_ALIGNED,"{""PREP"": ""Preposition"", ""ART"": ""Article"", ""SG"": ""singular"", ""PL"": ""plural"", ""IN"": ""inclusive"", ""PRON"": ""Pronoun"", ""TM"": ""tense/modality"", ""IPFV"": ""Imperfective"", ""CONSEC"": ""Consecutive"", ""DEREL"": ""Derelational""}"
teop1238a-text_12_chapter_17_thatch-6,"Tea tagava, eara na tagava rara o atovo, ore obete nana putaa beara mosi rara a peana.",te=a	tagava	e-ara	na	tagava	rara	o	atovo	o=re	obete	nana	putaa	be=ara	mosi	rara	a	pea-na,PREP=ART2.SG	fell	H-1PL.IN.PRON	TM2	fell	1PL.IN.IPFV	ART3.SG	sago.palm	3.PRON=CONSEC	lie	3SG.IPFV	on.the.ground	when=1PL.IN.PRON	cut	1PL.IN.IPFV	ART3.PL	branch-DEREL,"`As for the felling, we fell the sago palm so that it lies on the ground, while we are cutting off the branches.'",text_12_chapter_17_thatch,6,teop1238,teop1238a,WORD_ALIGNED,"{""PREP"": ""Preposition"", ""ART"": ""Article"", ""SG"": ""singular"", ""PL"": ""plural"", ""IN"": ""inclusive"", ""PRON"": ""Pronoun"", ""TM"": ""tense/modality"", ""IPFV"": ""Imperfective"", ""CONSEC"": ""Consecutive"", ""DEREL"": ""Derelational""}"
teop1238a-text_12_chapter_17_thatch-7,"Tea mosi peana he eara mee toro viana batara, are goe tea gono a peana vai to saka tara vamataa haana vai, a peana a tasitasiri ge to tara vakobusu nana.",te=a	mosi	pea-na	he	e-ara	mee	toro	viana	bata=ra	a=re	goe	tea	gono	a	pea-na	vai	to	saka	tara	va-mataa	haa=na	vai	a	pea-na	a	tasi{$\sim$}ta-siri	ge	to	tara	va-kobusu	nana,PREP=ART2.SG	cut	branch-DEREL	ADVERS	H-1PL.IN.PRON	also	TM7	choose	CONT=1PL.IN.IPFV	1PL.IN.PRON=CONSEC	must.not	COMPL1	get	ART3.PL	branch-DEREL	DEM6	REL	NEG1	look	ADVR-good	NEG2=3SG.IPFV	now	ART3.PL	branch-DEREL	ART3.PL	RED{$\sim$}ACAUS-tear	or	REL	look	ADVR-moist	3SG.IPFV,"`As for the cutting of branches, we must also be selective, so that we won't get the branches that do not look good, branches that are torn or that look young and moist.'",text_12_chapter_17_thatch,7,teop1238,teop1238a,WORD_ALIGNED,"{""PREP"": ""Preposition"", ""ART"": ""Article"", ""SG"": ""singular"", ""DEREL"": ""Derelational"", ""ADVERS"": ""Adversative Conjunction"", ""PL"": ""plural"", ""IN"": ""inclusive"", ""PRON"": ""Pronoun"", ""TM"": ""tense/modality"", ""CONT"": ""Continuity"", ""IPFV"": ""Imperfective"", ""CONSEC"": ""Consecutive"", ""COMPL"": ""Complementizer"", ""DEM"": ""Demonstrative"", ""REL"": ""Relative"", ""NEG"": ""Negative"", ""ADVR"": ""Adverbializer"", ""RED"": ""reduplication"", ""ACAUS"": ""Anticausative""}"
teop1238a-text_12_chapter_17_thatch-8,"Beara mosi vakavara a pea atovo, eara kou kosi vai a paka atovo kahi bona pea nae.",be=ara	mosi	va-kavara	a	pea	atovo	e-ara	nao	vai	tea	kiu	vaa	tea	kosi	e-ara	kou	kosi	vai	a	paka	atovo	kahi	bona	pea	na=e,when=1PL.IN.PRON	cut	ADVR-complete	ART3.PL	branch	sago.palm	H-1PL.IN.PRON	go	now	COMPL1	work	LNK	COMPL1	cut.leaf	H-1PL.IN.PRON	EMPH2	cut.leaf	now	ART3.PL	leaf	sago.palm	from	OBJ.ART2.SG	branch	3SG.POSS=3SG.PRON,"`When we have cut the sago palm branches, we now go on to do the work of cutting off the leaves, we now cut the sago palm leaves off their branch.'",text_12_chapter_17_thatch,8,teop1238,teop1238a,WORD_ALIGNED,"{""PL"": ""plural"", ""IN"": ""inclusive"", ""PRON"": ""Pronoun"", ""ADVR"": ""Adverbializer"", ""ART"": ""Article"", ""COMPL"": ""Complementizer"", ""LNK"": ""Linker"", ""EMPH"": ""Emphatic"", ""OBJ"": ""Object"", ""SG"": ""singular"", ""POSS"": ""Possessive Marker""}"
teop1238a-text_12_chapter_17_thatch-9,"Be kavara o hum bona, eara nao vai tea kiu vaa tea varovaromo nia paka atovo.",be	kavara	o	hum	bona	e-ara	nao	vai	tea	kiu	vaa	tea	varo{$\sim$}varomo	ni=a	paka	atovo,when	finished	ART3.SG	part	ANA.SG	H-1PL.IN.PRON	go	now	COMPL1	work	LNK	COMPL1	RED{$\sim$}stack.up	APPL=ART3.PL	leaf	sago.palm,"`When this part is finished, we now go on with the work of stacking up the sago palm leaves.'",text_12_chapter_17_thatch,9,teop1238,teop1238a,WORD_ALIGNED,"{""ART"": ""Article"", ""SG"": ""singular"", ""ANA"": ""Anaphoric Demonstrative"", ""PL"": ""plural"", ""IN"": ""inclusive"", ""PRON"": ""Pronoun"", ""COMPL"": ""Complementizer"", ""LNK"": ""Linker"", ""RED"": ""reduplication"", ""APPL"": ""Applicative Particle""}"
teop1238a-text_12_chapter_17_thatch-10,Tea varovaromo he eara na varomo ni rara a ta taonim ge a ta peha-totoka paka atovo.,te=a	varo{$\sim$}varomo	he	e-ara	na	varomo	ni	rara	a	ta	taonim	ge	a	ta	peha-totoka	paka	atovo,PREP=ART2.SG	RED{$\sim$}stack.up	ADVERS	H-1PL.IN.PRON	TM2	stack.up	APPL	1PL.IN.IPFV	ART2.SG	piece	five	or	ART2.SG	piece	one-on.top	leaf	sago.palm,"`When stacking (them) up, we stack up five or six sago palm leaves.'",text_12_chapter_17_thatch,10,teop1238,teop1238a,WORD_ALIGNED,"{""PREP"": ""Preposition"", ""ART"": ""Article"", ""SG"": ""singular"", ""RED"": ""reduplication"", ""ADVERS"": ""Adversative Conjunction"", ""PL"": ""plural"", ""IN"": ""inclusive"", ""PRON"": ""Pronoun"", ""TM"": ""tense/modality"", ""APPL"": ""Applicative Particle"", ""IPFV"": ""Imperfective""}"
teop1238a-text_12_chapter_17_thatch-11,"Bea kiu vaa tea varovaromo kavara, eara kou paku vai a peha dee i. Eara repaa kisi e, kisi rara bona kukan a kisi, eara repaa dee voosu.",be=a	kiu	vaa	tea	varo{$\sim$}varomo	kavara	e-ara	kou	paku	vai	a	peha	dee	i	e-ara	re=paa	kisi	e	kisi	rara	bona	kukan	a	kisi	e-ara	re=paa	dee	voosu,when=ART2.SG	work	LNK	COMPL1	RED{$\sim$}stack.up	finished	H-1PL.IN.PRON	EMPH2	make	now	ART2.SG	one2.SG	load	DEM1	H-1PL.IN.PRON	CONSEC=TM3	tie	3SG.PRON	tie	1PL.IN.IPFV	OBJ.ART2.SG	three	ART2.SG	bundle	H-1PL.IN.PRON	CONSEC=TM3	carry	go.home,"`When the work of stacking up is finished, we make one load. Then we tie it up by tying up three bundles, (and) then we carry (it) home.'",text_12_chapter_17_thatch,11,teop1238,teop1238a,WORD_ALIGNED,"{""ART"": ""Article"", ""SG"": ""singular"", ""LNK"": ""Linker"", ""COMPL"": ""Complementizer"", ""RED"": ""reduplication"", ""PL"": ""plural"", ""IN"": ""inclusive"", ""PRON"": ""Pronoun"", ""EMPH"": ""Emphatic"", ""DEM"": ""Demonstrative"", ""CONSEC"": ""Consecutive"", ""TM"": ""tense/modality"", ""IPFV"": ""Imperfective"", ""OBJ"": ""Object""}"
teop1238a-text_12_chapter_17_thatch-12,A peha aba na antee nana tea kosi bono dorana o peana,a	peha	aba	na	antee	nana	tea	kosi	bono	dorana	o	pea-na,ART2.SG	one2.SG	person	TM2	can	3SG.IPFV	COMPL1	cut.leaves	OBJ.ART3.SG	four	ART3.SG	branch-DEREL,`A single person can cut off the leaves of four branches.',text_12_chapter_17_thatch,12,teop1238,teop1238a,WORD_ALIGNED,"{""ART"": ""Article"", ""SG"": ""singular"", ""TM"": ""tense/modality"", ""IPFV"": ""Imperfective"", ""COMPL"": ""Complementizer"", ""OBJ"": ""Object"", ""DEREL"": ""Derelational""}"
teop1238a-text_12_chapter_17_thatch-13,"Ei beara suguna vaan, eara paku pete vai a meha kiu, a kiu vaa tea siri.",ei	be=ara	suguna	vaan	e-ara	paku	pete	vai	a	meha	kiu	a	kiu	vaa	tea	siri,DEM2	when=1PL.IN.PRON	arrive	village	H-1PL.IN.PRON	do	subsequently	now	ART2.SG	other2.SG	work	ART2.SG	work	LNK	COMPL1	tear.off,"`Now, when we have arrived in the village, we do the next work, the work of tearing.'",text_12_chapter_17_thatch,13,teop1238,teop1238a,WORD_ALIGNED,"{""DEM"": ""Demonstrative"", ""PL"": ""plural"", ""IN"": ""inclusive"", ""PRON"": ""Pronoun"", ""ART"": ""Article"", ""SG"": ""singular"", ""LNK"": ""Linker"", ""COMPL"": ""Complementizer""}"
teop1238a-text_12_chapter_17_thatch-14,"Tea siri, eara na siri kahi batara a paka no atovo bona sikiri nae, ore tamee vamataa beara huha batara.",te=a	siri	e-ara	na	siri	kahi	bata=ra	a	paka	n=o	atovo	bona	sikiri	na=e	o=re	tamee	va-mataa	be=ara	huha	bata=ra,PREP=ART2.SG	tear.off	H-1PL.IN.PRON	TM2	tear.off	from	CONT=1PL.IN.IPFV	ART2.SG	leaf	3SG.POSS=ART3.SG	sago.palm	OBJ.ART2.SG	midrib	3SG.POSS=3SG.PRON	3.PRON=CONSEC	flexible	ADVR-good	when=1PL.IN.PRON	sew	CONT=1PL.IN.IPFV,"`As for the tearing, we tear the midrib off the sago palm leaf, so that it is flexible when we are sewing (the thatch sheets).'",text_12_chapter_17_thatch,14,teop1238,teop1238a,WORD_ALIGNED,"{""PREP"": ""Preposition"", ""ART"": ""Article"", ""SG"": ""singular"", ""PL"": ""plural"", ""IN"": ""inclusive"", ""PRON"": ""Pronoun"", ""TM"": ""tense/modality"", ""CONT"": ""Continuity"", ""IPFV"": ""Imperfective"", ""POSS"": ""Possessive Marker"", ""OBJ"": ""Object"", ""CONSEC"": ""Consecutive"", ""ADVR"": ""Adverbializer""}"
teop1238a-text_12_chapter_17_thatch-15,"Beara siri vakavara, eara repaa nao pete tea kiu vaa tea varovaromo vahabana nie, eara repaa kaakaku e.",be=ara	siri	va-kavara	e-ara	re=paa	nao	pete	tea	kiu	vaa	tea	varo{$\sim$}varomo	vahabana	ni=e	e-ara	re=paa	kaa-kaku	e,when=1PL.IN.PRON	tear.off	ADVR-complete	H-1PL.IN.PRON	CONSEC=TM3	go	subsequently	COMPL1	work	LNK	COMPL1	RED{$\sim$}stack.up	again	APPL=3SG.PRON	H-1PL.IN.PRON	CONSEC=TM3	RED{$\sim$}fold	3SG.PRON,"`When we have finished the tearing, we go on with the work of stacking them (the leaves) up again, (and) then we fold them.'",text_12_chapter_17_thatch,15,teop1238,teop1238a,WORD_ALIGNED,"{""PL"": ""plural"", ""IN"": ""inclusive"", ""PRON"": ""Pronoun"", ""ADVR"": ""Adverbializer"", ""CONSEC"": ""Consecutive"", ""TM"": ""tense/modality"", ""COMPL"": ""Complementizer"", ""LNK"": ""Linker"", ""RED"": ""reduplication"", ""APPL"": ""Applicative Particle"", ""SG"": ""singular""}"
teop1238a-text_12_chapter_17_thatch-16,Evehee eara toro kaku murina batara to peho ipinoo.,evehee	e-ara	toro	kaku	murina	bata=ra	to	peho	ipinoo,but	H-1PL.IN.PRON	TM7	fold	follow	CONT=1PL.IN.IPFV	NSPEC3.SG	one3.SG	measure,`but we must fold (them) according to one measure.'\footnote{fig. `but we must fold (and) follow one measure.'},text_12_chapter_17_thatch,16,teop1238,teop1238a,WORD_ALIGNED,"{""PL"": ""plural"", ""IN"": ""inclusive"", ""PRON"": ""Pronoun"", ""TM"": ""tense/modality"", ""CONT"": ""Continuity"", ""IPFV"": ""Imperfective"", ""NSPEC"": ""Non-Specific"", ""SG"": ""singular""}"
teop1238a-text_12_chapter_17_thatch-17,"Bea kaakaku kavara, eara repaa vaobete vatataunun e, eara repaa kisi vahabana nie.",be=a	kaa-kaku	kavara	e-ara	re=paa	va-obete	va-ta{$\sim$}ta-unun	e	e-ara	re=paa	kisi	vahabana	ni=e,when=ART2.SG	RED{$\sim$}fold	finished	H-1PL.IN.PRON	CONSEC=TM3	CAUS-lie	MULT-RED{$\sim$}ACAUS-gather	3SG.PRON	H-1PL.IN.PRON	CONSEC=TM3	tie	again	APPL=3SG.PRON,"`When the folding is finished, we put them together, one on top of the other, then we tie them up again.'",text_12_chapter_17_thatch,17,teop1238,teop1238a,WORD_ALIGNED,"{""ART"": ""Article"", ""SG"": ""singular"", ""RED"": ""reduplication"", ""PL"": ""plural"", ""IN"": ""inclusive"", ""PRON"": ""Pronoun"", ""CONSEC"": ""Consecutive"", ""TM"": ""tense/modality"", ""CAUS"": ""Causative"", ""MULT"": ""multiple situation"", ""ACAUS"": ""Anticausative"", ""APPL"": ""Applicative Particle""}"
teop1238a-text_12_chapter_17_thatch-18,Eara repaa vaobete vamataa e teo hum to raka vamataa nana.,e-ara	re=paa	va-obete	va-mataa	e	te=o	hum	to	raka	va-mataa	nana,H-1PL.IN.PRON	CONSEC=TM3	CAUS-lie	ADVR-good	3SG.PRON	PREP=ART3.SG	place	REL	dry	ADVR-good	3SG.IPFV,`We carefully lay them in a place that is completely dry.',text_12_chapter_17_thatch,18,teop1238,teop1238a,WORD_ALIGNED,"{""PL"": ""plural"", ""IN"": ""inclusive"", ""PRON"": ""Pronoun"", ""CONSEC"": ""Consecutive"", ""TM"": ""tense/modality"", ""CAUS"": ""Causative"", ""ADVR"": ""Adverbializer"", ""SG"": ""singular"", ""PREP"": ""Preposition"", ""ART"": ""Article"", ""REL"": ""Relative"", ""IPFV"": ""Imperfective""}"
teop1238a-text_12_chapter_17_thatch-19,"Pasi obete nom teebona, beara ihuana rara o bon vaa tea huha.",pasi	obete	nom	tee-bona	be=ara	ihuana	rara	o	bon	vaa	tea	huha,TM4	lie	IPFV	PREP-ANA.SG	when=1PL.IN.PRON	wait	1PL.IN.IPFV	ART3.SG	day	LNK	COMPL1	sew,"`They will lie there, while we are waiting for the sewing day.'",text_12_chapter_17_thatch,19,teop1238,teop1238a,WORD_ALIGNED,"{""TM"": ""tense/modality"", ""IPFV"": ""Imperfective"", ""PREP"": ""Preposition"", ""ANA"": ""Anaphoric Demonstrative"", ""SG"": ""singular"", ""PL"": ""plural"", ""IN"": ""inclusive"", ""PRON"": ""Pronoun"", ""ART"": ""Article"", ""LNK"": ""Linker"", ""COMPL"": ""Complementizer""}"
teop1238a-text_12_chapter_17_thatch-20,Eara na antee rara tea pahin huha bata ei bea tataraha matatopo nana ge ei bea naba kiu bero rori.,e-ara	na	antee	rara	tea	pahin	huha	bata	ei	be=a	tataraha	matatopo	nana	ge	ei	be=a	naba	kiu	bero	rori,H-1PL.IN.PRON	TM2	can	1PL.IN.IPFV	COMPL1	directly	sew	CONT	DEM2	when2.SG=ART	kururu.bamboo.strip	prepared	3SG.IPFV	or	DEM2	when=ART2.SG	team	work	many	3PL.IPFV,"`We can now directly sew (the thatch), when the kururu bamboo strip (on which the leaves are sewn) is prepared, or when the group of workers is big.'",text_12_chapter_17_thatch,20,teop1238,teop1238a,WORD_ALIGNED,"{""PL"": ""plural"", ""IN"": ""inclusive"", ""PRON"": ""Pronoun"", ""TM"": ""tense/modality"", ""IPFV"": ""Imperfective"", ""COMPL"": ""Complementizer"", ""CONT"": ""Continuity"", ""DEM"": ""Demonstrative"", ""SG"": ""singular"", ""ART"": ""Article""}"
teop1238a-text_12_chapter_17_thatch-21,Evehee a bero amaa vuri toro obete roho.,evehee	a	bero	a=maa	vuri	toro	obete	roho,but	ART2.SG	many	ART2.SG=PLM	time	TM7	lie	before,`But many days (the bundles) must lie (there) before (we can start).',text_12_chapter_17_thatch,21,teop1238,teop1238a,WORD_ALIGNED,"{""ART"": ""Article"", ""SG"": ""singular"", ""PLM"": ""Plural Marker"", ""TM"": ""tense/modality""}"
teop1238a-text_12_chapter_17_thatch-22,Tea kiu vaa tea huha he na paku vonaen:,te=a	kiu	vaa	tea	huha	he	na	paku	vo=na=en,PREP=ART2.SG	work	LNK	COMPL1	sew	ADVERS	TM2	do	like=3SG.IPFV=DEM3,"`As for the work of sewing, (it) is done as follows:'",text_12_chapter_17_thatch,22,teop1238,teop1238a,WORD_ALIGNED,"{""PREP"": ""Preposition"", ""ART"": ""Article"", ""SG"": ""singular"", ""LNK"": ""Linker"", ""COMPL"": ""Complementizer"", ""ADVERS"": ""Adversative Conjunction"", ""TM"": ""tense/modality"", ""IPFV"": ""Imperfective"", ""DEM"": ""Demonstrative""}"
teop1238a-text_12_chapter_17_thatch-23,"Eara na vaobete rara a tataraha toon no kasuana, eara repaa parata o paka atovo, ei kou na kaku pisi momohu ara.",e-ara	na	va-obete	rara	a	tataraha	toon	n=o	kasuana	e-ara	re=paa	parata	o	paka	atovo	ei~kou	na	kaku	pisi	momohu	ara,H-1PL.IN.PRON	TM2	CAUS-lie	1PL.IN.IPFV	ART2.SG	kururu.bamboo.strip	top	3SG.POSS=ART3.SG	ground	H-1PL.IN.PRON	CONSEC=TM3	open	ART3.SG	leaf	sago.palm	because	TM2	break	fold	first	1PL.IN.PRON,"`We put the kuru bamboo strip on the ground, then we open a sago.palm leaf, because we had folded it before.'",text_12_chapter_17_thatch,23,teop1238,teop1238a,WORD_ALIGNED,"{""PL"": ""plural"", ""IN"": ""inclusive"", ""PRON"": ""Pronoun"", ""TM"": ""tense/modality"", ""CAUS"": ""Causative"", ""IPFV"": ""Imperfective"", ""ART"": ""Article"", ""SG"": ""singular"", ""POSS"": ""Possessive Marker"", ""CONSEC"": ""Consecutive""}"
teop1238a-text_12_chapter_17_thatch-24,"Erau eara repaa vaobete maa a tataraha komano paka atovo,",erau	e-ara	re=paa	va-obete	maa	a	tataraha	koma-n=o	paka	atovo,then	H-1PL.IN.PRON	CONSEC=TM3	CAUS-lie	hither	ART2.SG	kururu.bamboo.strip	inside-3SG.POSS=ART3.SG	leaf	sago.palm,`Then we lay the kuru bamboo strip inside the (folded) sago palm leaf.',text_12_chapter_17_thatch,24,teop1238,teop1238a,WORD_ALIGNED,"{""PL"": ""plural"", ""IN"": ""inclusive"", ""PRON"": ""Pronoun"", ""CONSEC"": ""Consecutive"", ""TM"": ""tense/modality"", ""CAUS"": ""Causative"", ""ART"": ""Article"", ""SG"": ""singular"", ""POSS"": ""Possessive Marker""}"
teop1238a-text_12_chapter_17_thatch-25,Eara repaa vaakopo taono vahae bona.,e-ara	re=paa	vaa-kopo	taono	vaha=e	bona,H-1PL.IN.PRON	CONSEC=TM3	CAUS-lie.flat	put.on.top	again=3SG.PRON	4SG.PRON,`Then we cover it up again.'\footnote{lit. `Then we lay (it) flat by putting it on top of it.'},text_12_chapter_17_thatch,25,teop1238,teop1238a,WORD_ALIGNED,"{""PL"": ""plural"", ""IN"": ""inclusive"", ""PRON"": ""Pronoun"", ""CONSEC"": ""Consecutive"", ""TM"": ""tense/modality"", ""CAUS"": ""Causative"", ""SG"": ""singular""}"
teop1238a-text_12_chapter_17_thatch-26,Eara repaa huu nio koopu toon na ta atovo.,e-ara	re=paa	huu	ni=o	koopu	toon	n=a	ta	atovo,H-1PL.IN.PRON	CONSEC=TM3	stick	APPL=ART3.SG	bamboo	top	3SG.POSS=ART2.SG	piece	sago.palm.thatch,`Then we stick the koopu bamboo (needle) from above into the upper part of the (folded) sago palm thatch sheet.',text_12_chapter_17_thatch,26,teop1238,teop1238a,WORD_ALIGNED,"{""PL"": ""plural"", ""IN"": ""inclusive"", ""PRON"": ""Pronoun"", ""CONSEC"": ""Consecutive"", ""TM"": ""tense/modality"", ""APPL"": ""Applicative Particle"", ""ART"": ""Article"", ""SG"": ""singular"", ""POSS"": ""Possessive Marker""}"
teop1238a-text_12_chapter_17_thatch-27,Eara repaa tahi bono sikiri vai to siri kahi ara bono atovo teo vuri siri atovo.,e-ara	re=paa	tahi	bono	sikiri	vai	to	siri	kahi	ara	bono	atovo	te=o	vuri	siri	atovo,H-1PL.IN.PRON	CONSEC=TM3	insert	OBJ.ART3.SG	midrib	DEM6	REL	tear.off	from	1PL.IN.PRON	OBJ.ART3.SG	sago.palm.leaf	PREP=ART3.SG	time	tear	sago.palm.leaf,`Then we insert the midrib that we have torn off the sago palm leaf when doing the sago palm leaf tearing.',text_12_chapter_17_thatch,27,teop1238,teop1238a,WORD_ALIGNED,"{""PL"": ""plural"", ""IN"": ""inclusive"", ""PRON"": ""Pronoun"", ""CONSEC"": ""Consecutive"", ""TM"": ""tense/modality"", ""OBJ"": ""Object"", ""ART"": ""Article"", ""SG"": ""singular"", ""DEM"": ""Demonstrative"", ""REL"": ""Relative"", ""PREP"": ""Preposition""}"
teop1238a-text_12_chapter_17_thatch-28,"Eara na tahi hopo rara, eara repaa tahi tavusu maa.",e-ara	na	tahi	hopo	rara	e-ara	re=paa	tahi	tavusu	maa,H-1PL.IN.PRON	TM2	push	enter	1PL.IN.IPFV	H-1PL.IN.PRON	CONSEC=TM3	push	come.out	hither,"`We push it into (the hole of the folded leaf), and then we push it out (of the folded leaf).'",text_12_chapter_17_thatch,28,teop1238,teop1238a,WORD_ALIGNED,"{""PL"": ""plural"", ""IN"": ""inclusive"", ""PRON"": ""Pronoun"", ""TM"": ""tense/modality"", ""IPFV"": ""Imperfective"", ""CONSEC"": ""Consecutive""}"
teop1238a-text_12_chapter_17_thatch-29,"eara repaa vaobete vahabana nao o meho paka, eara repaa huha bata naora.",e-ara	re=paa	va-obete	vahabana	nao	o	meho	paka	e-ara	re=paa	huha	bata	nao=ra,H-1PL.IN.PRON	CONSEC=TM3	CAUS-lie	again	thither	ART3.SG	other3.SG	leaf	H-1PL.IN.PRON	CONSEC=TM3	sew	CONT	thither=1PL.IN.IPFV,`Then we lay there another leaf and then go on sewing.',text_12_chapter_17_thatch,29,teop1238,teop1238a,WORD_ALIGNED,"{""PL"": ""plural"", ""IN"": ""inclusive"", ""PRON"": ""Pronoun"", ""CONSEC"": ""Consecutive"", ""TM"": ""tense/modality"", ""CAUS"": ""Causative"", ""ART"": ""Article"", ""SG"": ""singular"", ""CONT"": ""Continuity"", ""IPFV"": ""Imperfective""}"
teop1238a-text_12_chapter_17_thatch-30,"Eara pasi paku bata koa vo naora teebona, ore tavusu komana to haha nae a ta tataraha.",e-ara	pasi	paku	bata	koa	vo	nao=ra	tee-bona	o=re	tavusu	komana	to	haha	nae	a	ta	tataraha,H-1PL.IN.PRON	TM4	make	CONT	just	like	thither=1PL.IN.IPFV	PREP-ANA.SG	3.PRON=CONSEC	come.out	self	REL	end	3SG.IPFV	ART2.SG	piece	kururu.bamboo.strip,"`We will do it continuously just like this until the kururu bamboo strip is used up.'\footnote{lit. `We will do it continously just like this, then it comes out where the kururu bamboo strip ends.'}",text_12_chapter_17_thatch,30,teop1238,teop1238a,WORD_ALIGNED,"{""PL"": ""plural"", ""IN"": ""inclusive"", ""PRON"": ""Pronoun"", ""TM"": ""tense/modality"", ""CONT"": ""Continuity"", ""IPFV"": ""Imperfective"", ""PREP"": ""Preposition"", ""ANA"": ""Anaphoric Demonstrative"", ""SG"": ""singular"", ""CONSEC"": ""Consecutive"", ""REL"": ""Relative"", ""ART"": ""Article""}"
teop1238a-text_12_chapter_17_thatch-31,Teo nin na vaapeha koana.,te=o	nin	na	vaa-peha	koa-na,PREP=ART3.SG	nin-reed	TM2	CAUS-one	just=3SG.IPFV,"`With a nin reed instead of a bamboo strip, it is just the same.'",text_12_chapter_17_thatch,31,teop1238,teop1238a,WORD_ALIGNED,"{""PREP"": ""Preposition"", ""ART"": ""Article"", ""SG"": ""singular"", ""TM"": ""tense/modality"", ""CAUS"": ""Causative"", ""IPFV"": ""Imperfective""}"
teop1238a-text_12_chapter_17_thatch-32,"Evehee ahiki kou to koopu, eara na tahi bata koa ni naora o nin,",evehee	ahiki	kou	to	koopu	e-ara	na	tahi	bata	koa	ni	nao=ra	o	nin,but	not.exist	EMPH2	NSPEC3.SG	bamboo	H-1PL.IN.PRON	TM2	insert	CONT	just	APPL	thither=1PL.IN.IPFV	ART3.SG	nin.reed,"`If there is not any koopu bamboo, we insert a nin reed.'",text_12_chapter_17_thatch,32,teop1238,teop1238a,WORD_ALIGNED,"{""EMPH"": ""Emphatic"", ""NSPEC"": ""Non-Specific"", ""SG"": ""singular"", ""PL"": ""plural"", ""IN"": ""inclusive"", ""PRON"": ""Pronoun"", ""TM"": ""tense/modality"", ""CONT"": ""Continuity"", ""APPL"": ""Applicative Particle"", ""IPFV"": ""Imperfective"", ""ART"": ""Article""}"
teop1238a-text_12_chapter_17_thatch-33,"ei kou o tamee, bara eara na vavakakaniva rara o hum tahi.",ei~kou	o	tamee	bara	e-ara	na	va{$\sim$}va-kakaniva	rara	o	hum	tahi,because	ART3.SG	flexible	and2	H-1PL.IN.PRON	TM2	MULT-CAUS-sharp	1PL.IN.IPFV	ART3.SG	part	push,"`because it is flexible, and we carve a sharp pointed end that we push into the leaf.'\footnote{lit. `because it is flexible and we sharpen the pushing part'}",text_12_chapter_17_thatch,33,teop1238,teop1238a,WORD_ALIGNED,"{""ART"": ""Article"", ""SG"": ""singular"", ""PL"": ""plural"", ""IN"": ""inclusive"", ""PRON"": ""Pronoun"", ""TM"": ""tense/modality"", ""MULT"": ""multiple situation"", ""CAUS"": ""Causative"", ""IPFV"": ""Imperfective""}"
teop1238a-text_12_chapter_17_thatch-34,"Be kavara a kiu vaa tea huha, eara repaa paku pete a kiu vaa tea vaave.",be	kavara	a	kiu	vaa	tea	huha	e-ara	re=paa	paku	pete	a	kiu	vaa	tea	vaave,when	finished	ART2.SG	work	LNK	COMPL1	sew	H-1PL.IN.PRON	CONSEC=TM3	do	subsequently	ART2.SG	work	LNK	COMPL1	thatch,"`When the work of sewing is finished, we do the next work of putting up the thatch.'",text_12_chapter_17_thatch,34,teop1238,teop1238a,WORD_ALIGNED,"{""ART"": ""Article"", ""SG"": ""singular"", ""LNK"": ""Linker"", ""COMPL"": ""Complementizer"", ""PL"": ""plural"", ""IN"": ""inclusive"", ""PRON"": ""Pronoun"", ""CONSEC"": ""Consecutive"", ""TM"": ""tense/modality""}"
teop1238a-text_12_chapter_17_thatch-35,"Tea vaave, eara na paku roho rara a poka, o hum to sun bata raara beara vaave batara.",te=a	vaave	e-ara	na	paku	roho	rara	a	poka	o	hum	to	sun	bata	ra=ara	be=ara	vaave	bata=ra,PREP=ART2.SG	thatch	H-1PL.IN.PRON	TM2	make	before	1PL.IN.IPFV	ART2.SG	scaffold	ART3.SG	place	REL	stand	CONT	1PL.IN.IPFV=1PL.IN.PRON	when=1PL.IN.PRON	thatch	CONT=1PL.IN.IPFV,"`Before putting up the thatch, we make a scaffold, a place on which we stand, when we are putting up the thatch.'",text_12_chapter_17_thatch,35,teop1238,teop1238a,WORD_ALIGNED,"{""PREP"": ""Preposition"", ""ART"": ""Article"", ""SG"": ""singular"", ""PL"": ""plural"", ""IN"": ""inclusive"", ""PRON"": ""Pronoun"", ""TM"": ""tense/modality"", ""IPFV"": ""Imperfective"", ""REL"": ""Relative"", ""CONT"": ""Continuity""}"
teop1238a-text_12_chapter_17_thatch-36,"Me tea vaave, eara na antee rara tea vaave hiava ge vaave gunaha.",me	te=a	vaave	e-ara	na	antee	rara	tea	vaave	hiava	ge	vaave	gunaha,and4	PREP=ART2.SG	thatch	H-1PL.IN.PRON	TM2	can	1PL.IN.IPFV	COMPL1	thatch	go.up	or	thatch	go.down,"`And when thatching, we can thatch upwards (starting from the bottom) or thatch downwards (starting from the ridgepole).'",text_12_chapter_17_thatch,36,teop1238,teop1238a,WORD_ALIGNED,"{""PREP"": ""Preposition"", ""ART"": ""Article"", ""SG"": ""singular"", ""PL"": ""plural"", ""IN"": ""inclusive"", ""PRON"": ""Pronoun"", ""TM"": ""tense/modality"", ""IPFV"": ""Imperfective"", ""COMPL"": ""Complementizer""}"
teop1238a-text_12_chapter_17_thatch-37,"A buaku a aba pasi paku bata nom bona kiu vaa tea hee hiava ni bona atovo, bea meha papana vaave batari.",a	buaku	a	aba	pasi	paku	bata	nom	bona	kiu	vaa	tea	hee	hiava	ni	bona	atovo	be=a	meha	papana	vaave	bata=ri,ART2.SG	two	ART2.SG	person	TM4	do	CONT	IPFV	OBJ.ART2.SG	work	LNK	COMPL1	give	go.up	APPL	OBJ.ART3.PL	thatch.sheet	when=ART2.SG	other2.sg	group	fix.thatch	CONT=3PL.IPFV,"`Two people would do the work of reaching up the thatch sheets, while others would fix them.'",text_12_chapter_17_thatch,37,teop1238,teop1238a,WORD_ALIGNED,"{""ART"": ""Article"", ""SG"": ""singular"", ""TM"": ""tense/modality"", ""CONT"": ""Continuity"", ""IPFV"": ""Imperfective"", ""OBJ"": ""Object"", ""LNK"": ""Linker"", ""COMPL"": ""Complementizer"", ""APPL"": ""Applicative Particle"", ""PL"": ""plural""}"
teop1238a-text_12_chapter_17_thatch-38,"Eara na kisi ni rara o kara sareai, o nin ge o obai, teo varuvaru.",e-ara	na	kisi	ni	rara	o	kara	sareai	o	nin	ge	o	obai	te=o	varuvaru,H-1PL.IN.PRON	TM2	tie	APPL	1PL.IN.IPFV	ART3.SG	string	sareai	ART3.SG	nin	or	ART3.SG	obai	PREP=ART3.SG	rafter,"`We tie (a thatch sheet) onto the rafter with the sareai vine, the nin reed or the calamus cane.'",text_12_chapter_17_thatch,38,teop1238,teop1238a,WORD_ALIGNED,"{""PL"": ""plural"", ""IN"": ""inclusive"", ""PRON"": ""Pronoun"", ""TM"": ""tense/modality"", ""APPL"": ""Applicative Particle"", ""IPFV"": ""Imperfective"", ""ART"": ""Article"", ""SG"": ""singular"", ""PREP"": ""Preposition""}"
teop1238a-text_12_chapter_17_thatch-39,"Bea ta atovo obete maa tea varuvaru, eara repaa kisi taviri ie bona varuvaru.",be=a	ta	atovo	obete	maa	te=a	varuvaru	e-ara	re=paa	kisi	taviri	e	bona	varuvaru,when=ART2.SG	sheet	sago.palm	lie	hither	PREP=ART3.PL	rafter	H-1PL.IN.PRON	CONSEC=TM3	tie	go.around	3SG.PRON	OBJ.ART3.PL	rafter,"`When the thatch sheet lies on the rafters, we tie it (the string) around the rafters.'",text_12_chapter_17_thatch,39,teop1238,teop1238a,WORD_ALIGNED,"{""ART"": ""Article"", ""SG"": ""singular"", ""PREP"": ""Preposition"", ""PL"": ""plural"", ""IN"": ""inclusive"", ""PRON"": ""Pronoun"", ""CONSEC"": ""Consecutive"", ""TM"": ""tense/modality"", ""OBJ"": ""Object""}"
teop1238a-text_12_chapter_17_thatch-40,"Be kavara, eara repaa dee hiava vahabana a ta meha ore suguna komana to antee nae a varuvaru.",be	kavara	e-ara	re=paa	dee	hiava	vahabana	a	ta	meha	o=re	suguna	komana	to	antee	nae	a	varuvaru,when	finished	H-1PL.IN.PRON	CONSEC=TM3	reach	go.up	again	ART2.SG	piece	other2.SG	3.PRON=CONSEC	arrive	indeed	REL	stop	3SG.IPFV	ART3.PL	rafter,"`When it is finished, we reach up another (thatch sheet), until the end of the rafters is reached.'\footnote{lit. `... so that it arrives where the rafters stop.'}",text_12_chapter_17_thatch,40,teop1238,teop1238a,WORD_ALIGNED,"{""PL"": ""plural"", ""IN"": ""inclusive"", ""PRON"": ""Pronoun"", ""CONSEC"": ""Consecutive"", ""TM"": ""tense/modality"", ""ART"": ""Article"", ""SG"": ""singular"", ""REL"": ""Relative"", ""IPFV"": ""Imperfective""}"
teop1238a-text_12_chapter_17_thatch-41,"Tea vaave hiava, eara na vaobete taono bata naora a ta atovo bona ta meha ore no suguna komana teo vatetekoio.",te=a	vaave	hiava	e-ara	na	va-obete	taono	bata	nao=ra	a	ta	atovo	bona	ta	meha	o=re	no	suguna	komana	te=o	vatetekoio,PREP=ART2.SG	thatch	go.up	H-1PL.IN.PRON	TM2	CAUS-lie	put.on.top.of	CONT	thither=1PL.IN.IPFV	ART2.SG	piece	sago.palm	OBJ.ART2.SG	piece	other2.SG	3.PRON=CONSEC	go	arrive	indeed	PREP=ART3.SG	ridgepole,"`When the thatching moves upwards, we put one sheet of sago palm thatch on top of the other, until the ridgepole is reached.'",text_12_chapter_17_thatch,41,teop1238,teop1238a,WORD_ALIGNED,"{""PREP"": ""Preposition"", ""ART"": ""Article"", ""SG"": ""singular"", ""PL"": ""plural"", ""IN"": ""inclusive"", ""PRON"": ""Pronoun"", ""TM"": ""tense/modality"", ""CAUS"": ""Causative"", ""CONT"": ""Continuity"", ""IPFV"": ""Imperfective"", ""OBJ"": ""Object"", ""CONSEC"": ""Consecutive""}"
teop1238a-text_12_chapter_17_thatch-42,"Bea vaave gunaha, eara na taneo maara teo vatetekoio, ore gunaha maa beara hogo bata ni naora a ta atovo paana ta meha.",be=a	vaave	gunaha	e-ara	na	taneo	maa=ra	te=o	vatetekoio	o=re	gunaha	maa	be=ara	hogo	bata	ni	nao=ra	a	ta	atovo	paa-n=a	ta	meha,when=ART2.SG	thatch	go.down	H-1PL.IN.PRON	TM2	start	hither=1PL.IN.IPFV	PREP=ART3.SG	ridgepole	3.PRON=CONSEC	go.down	hither	when=1PL.IN.PRON	shove	CONT	APPL	thither=1PL.IN.IPFV	ART2.SG	piece	sago.palm	under-3SG.POSS=ART2.SG	piece	other2.SG,"`When the thatching moves downwards, we start at the ridgepole, and then it goes down,  when we shove one sago palm thatch sheet underneath the other.'",text_12_chapter_17_thatch,42,teop1238,teop1238a,WORD_ALIGNED,"{""ART"": ""Article"", ""SG"": ""singular"", ""PL"": ""plural"", ""IN"": ""inclusive"", ""PRON"": ""Pronoun"", ""TM"": ""tense/modality"", ""IPFV"": ""Imperfective"", ""PREP"": ""Preposition"", ""CONSEC"": ""Consecutive"", ""CONT"": ""Continuity"", ""APPL"": ""Applicative Particle"", ""POSS"": ""Possessive Marker""}"
teop1238a-text_12_chapter_17_thatch-43,"Bea peha papa inu kavara, eara repaa taneo a meha papa inu.",be=a	peha	papa	inu	kavara	e-ara	re=paa	taneo	a	meha	papa	inu,when=ART2.SG	one2.SG	side	house	finished	H-1PL.IN.PRON	CONSEC=TM3	taneo	ART2.SG	other2.SG	side	house,"`When one side of the house is finished, we start with the other side.'",text_12_chapter_17_thatch,43,teop1238,teop1238a,WORD_ALIGNED,"{""ART"": ""Article"", ""SG"": ""singular"", ""PL"": ""plural"", ""IN"": ""inclusive"", ""PRON"": ""Pronoun"", ""CONSEC"": ""Consecutive"", ""TM"": ""tense/modality""}"
teop1238a-text_12_chapter_17_thatch-44,"Be kavara, ei kavara vai, eara repaa vaobete maa o kovuaka tea mahan vai to paa vatatana nom a vaave ei teo vatetekoio.",be	kavara	ei	kavara	vai	e-ara	re=paa	va-obete	maa	o	kovuaka	te=a	mahan	vai	to	paa	vatatana	nom	a	vaave	ei	te=o	vatetekoio,when	finished	DEM2	finished	now	H-1PL.IN.PRON	CONSEC=TM3	CAUS-lie	hither	ART3.SG	top.thatch.sheet	PREP=ART2.SG	open.space	DEM6	REL	TM3	meet	IPFV	ART2.SG	thatching	DEM2	PREP=ART3.SG	upper.ridge.pole,"`When (this other side) is finished, this (thatching) is finished now, and we put the top thatch sheet over this open space where the (two sides of the) thatch meet, this is (on top of) the upper ridge pole.'",text_12_chapter_17_thatch,44,teop1238,teop1238a,WORD_ALIGNED,"{""DEM"": ""Demonstrative"", ""PL"": ""plural"", ""IN"": ""inclusive"", ""PRON"": ""Pronoun"", ""CONSEC"": ""Consecutive"", ""TM"": ""tense/modality"", ""CAUS"": ""Causative"", ""ART"": ""Article"", ""SG"": ""singular"", ""PREP"": ""Preposition"", ""REL"": ""Relative"", ""IPFV"": ""Imperfective""}"
teop1238a-text_13_chapter_18_top_thatch-1,O kovuaka eve to vatotomo nana bona a bua vaave vaa tea bua papa na inu.,o	kovuaka	eve	to	vatotomo	nana	bona	a	bua	vaave	vaa	te=a	bua	papa	n=a	inu,ART3.SG	top.thatch.sheet	3SG.PRON	REL	join.together	3SG.IPFV	OBJ.ART2.SG	ART2.SG	two2.SG	roofing	LNK	PREP=ART2.SG	two2.SG	side	3SG.POSS=ART2.SG	house,`The top thatch sheet joins the two roofings on the two sides of the house together.',text_13_chapter_18_top_thatch,1,teop1238,teop1238a,WORD_ALIGNED,"{""ART"": ""Article"", ""SG"": ""singular"", ""PRON"": ""Pronoun"", ""REL"": ""Relative"", ""IPFV"": ""Imperfective"", ""OBJ"": ""Object"", ""LNK"": ""Linker"", ""PREP"": ""Preposition"", ""POSS"": ""Possessive Marker""}"
teop1238a-text_13_chapter_18_top_thatch-2,A kiu nae he na paku vonaen:,a	kiu	nae	he	na	paku	vo=na=en,ART2.SG	work	3SG.POSS.PRON	ADVERS	TM2	do	like=3SG.IPFV=DEM3,`The work on it is done as follows:',text_13_chapter_18_top_thatch,2,teop1238,teop1238a,WORD_ALIGNED,"{""ART"": ""Article"", ""SG"": ""singular"", ""POSS"": ""Possessive Marker"", ""PRON"": ""Pronoun"", ""ADVERS"": ""Adversative Conjunction"", ""TM"": ""tense/modality"", ""IPFV"": ""Imperfective"", ""DEM"": ""Demonstrative""}"
teop1238a-text_13_chapter_18_top_thatch-3,"Eara huha rara a ta buaku a ta atovo, eara repaa vaakopo e toon no vaatetekoio bono obai ge sareai.",e-ara	huha	rara	a	ta	buaku	a	ta	atovo	e-ara	re=paa	vaakopo	e	toon	n=o	vaatetekoio	bono	obai	ge	sareai,H-1PL.IN.PRON	sew	1PL.IN.IPFV	ART.2SG	piece	two	ART2.SG	piece	sago.palm.thatch	H-1PL.IN.PRON	CONSEC=TM3	put.as.cover	3SG.PRON	top	3SG.POSS=ART3.SG	upper.ridgepole	ART3.SG	calamus	or	sareai.vine,"`We sew the two thatch sheets together, then we fix them as a cover on top of the upper ridgepole with (strings made of) the calamus cane or the sareai vine.'",text_13_chapter_18_top_thatch,3,teop1238,teop1238a,WORD_ALIGNED,"{""PL"": ""plural"", ""IN"": ""inclusive"", ""PRON"": ""Pronoun"", ""IPFV"": ""Imperfective"", ""ART"": ""Article"", ""SG"": ""singular"", ""CONSEC"": ""Consecutive"", ""TM"": ""tense/modality"", ""POSS"": ""Possessive Marker""}"
teop1238a-text_13_chapter_18_top_thatch-4,A bua ta atovo vaarii he toro bebeahu vaantee bona inu ge o vaatetekoio.,a	bua	ta	atovo	vaarii	he	toro	bebeahu	va-antee	bona	inu	ge	o	vatetekoio,ART2.SG	two2.SG	piece	thatch	DEM6.PL	ADVERS	TM7	long	CAUS-enough	OBJ.ART2.SG	house	or	ART3.SG	upper.ridgepole,`These two thatch sheets must be as long as the house or the upper ridgepole.',text_13_chapter_18_top_thatch,4,teop1238,teop1238a,WORD_ALIGNED,"{""ART"": ""Article"", ""SG"": ""singular"", ""DEM"": ""Demonstrative"", ""PL"": ""plural"", ""ADVERS"": ""Adversative Conjunction"", ""TM"": ""tense/modality"", ""CAUS"": ""Causative"", ""OBJ"": ""Object""}"
teop1238a-text_13_chapter_18_top_thatch-5,"Eara repaa kisi taono e bono vaatetekoio, na kisi rara bono kara obai ge sareai.",e-ara	re=paa	kisi	taono	e	bono	vatetekoio	na	kisi	rara	bono	kara	obai	ge	sareai,H-1PL.IN.PRON	CONSEC=TM3	tie	put.on.top	3SG.PRON	ART3.SG	upper.ridgepole	TM2	tie	1PL.IN.IPFV	ART3.SG	string	calamus	or	sareai.vine,"`Then we tie them together on top of the upper ridgepole, using strings made of the calamus cane or sareai vine.'",text_13_chapter_18_top_thatch,5,teop1238,teop1238a,WORD_ALIGNED,"{""PL"": ""plural"", ""IN"": ""inclusive"", ""PRON"": ""Pronoun"", ""CONSEC"": ""Consecutive"", ""TM"": ""tense/modality"", ""SG"": ""singular"", ""ART"": ""Article"", ""IPFV"": ""Imperfective""}"
teop1238a-text_13_chapter_18_top_thatch-6,Eara repaa mosi pete to pakoo.,e-ara	re=paa	mosi	pete	to	pakoo,H-1PL.IN.PRON	CONSEC=TM3	cut	subsequently	NSPEC3.SG	Albert.Palm,`Then we cut an Albert Palm.',text_13_chapter_18_top_thatch,6,teop1238,teop1238a,WORD_ALIGNED,"{""PL"": ""plural"", ""IN"": ""inclusive"", ""PRON"": ""Pronoun"", ""CONSEC"": ""Consecutive"", ""TM"": ""tense/modality"", ""NSPEC"": ""Non-Specific"", ""SG"": ""singular""}"
teop1238a-text_13_chapter_18_top_thatch-7,Eara repaa mosi kurusu vaantee a bebeahu na inu ge o vatetekoio.,e-ara	re=paa	mosi	kurusu	va-antee	a	bebeahu	n=a	inu	ge	o	vatetekoio,H-1PL.IN.PRON	CONSEC=TM3	cut	cut.off	CAUS-enough	ART2.SG	length	3SG.POSS=ART2.SG	house	or	ART3.SG	vatetekoio,`We make the cut as long as the house or the ridgepole.',text_13_chapter_18_top_thatch,7,teop1238,teop1238a,WORD_ALIGNED,"{""PL"": ""plural"", ""IN"": ""inclusive"", ""PRON"": ""Pronoun"", ""CONSEC"": ""Consecutive"", ""TM"": ""tense/modality"", ""CAUS"": ""Causative"", ""ART"": ""Article"", ""SG"": ""singular"", ""POSS"": ""Possessive Marker""}"
teop1238a-text_13_chapter_18_top_thatch-8,"Erau eara repaa kopaa e, eara repaa kasi a komanae.",erau	e-ara	re=paa	kopaa	e	e-ara	re=paa	kasi	a	koma-nae,so	H-1PL.IN.PRON	CONSEC=TM3	cut.lengthwise	3SG.PRON	H-1PL.IN.PRON	CONSEC=TM3	dig.out	ART2.SG	inside-3SG.POSS.PRON,`Then we cut it lengthwise into halves and dig out its inside.',text_13_chapter_18_top_thatch,8,teop1238,teop1238a,WORD_ALIGNED,"{""PL"": ""plural"", ""IN"": ""inclusive"", ""PRON"": ""Pronoun"", ""CONSEC"": ""Consecutive"", ""TM"": ""tense/modality"", ""SG"": ""singular"", ""ART"": ""Article"", ""POSS"": ""Possessive Marker""}"
teop1238a-text_13_chapter_18_top_thatch-9,"Beara kasi vakavara e, eara repaa vaakopo taono mae bona bua ta atovo vai to paa vaobete vaevuru ara.",be=ara	kasi	va-kavara	e	e-ara	re=paa	vaakopo	taono	ma=e	bona	bua	ta	atovo	vai	to	paa	va-obete	vaevuru	ara,when=1PL.IN.PRON	dig.out	ADVR-complete	3SG.PRON	H-1PL.IN.PRON	CONSEC=TM3	cover	put.on.top	hither=3SG.PRON	OBJ.ART2.SG	two2.SG	piece	sago.palm.thatch	DEM6	REL	TM3	CAUS-lie	already	1PL.IN.PRON,"`When we have dug it out, we put it (the halves of the palm stem) as a cover on top of the two thatch sheets that we have already laid there.'",text_13_chapter_18_top_thatch,9,teop1238,teop1238a,WORD_ALIGNED,"{""PL"": ""plural"", ""IN"": ""inclusive"", ""PRON"": ""Pronoun"", ""ADVR"": ""Adverbializer"", ""SG"": ""singular"", ""CONSEC"": ""Consecutive"", ""TM"": ""tense/modality"", ""OBJ"": ""Object"", ""ART"": ""Article"", ""DEM"": ""Demonstrative"", ""REL"": ""Relative"", ""CAUS"": ""Causative""}"
teop1238a-text_13_chapter_18_top_thatch-10,"Ei kokopo taono vai maa bona bua ta atovo,",ei	kokopo	taono	vai	maa	bona	bua	ta	atovo,DEM2	cover	put.on.top	now	hither	OBJ.ART2.SG	two2.SG	piece	sago.pal.thatch,"`Now it covers the two thatch sheets,'",text_13_chapter_18_top_thatch,10,teop1238,teop1238a,WORD_ALIGNED,"{""DEM"": ""Demonstrative"", ""OBJ"": ""Object"", ""ART"": ""Article"", ""SG"": ""singular""}"
teop1238a-text_13_chapter_18_top_thatch-11,eara repaa kisi taono bana koa e bono vaatetekoio bono kara obai.,e-ara	re=paa	kisi	taono	bana	koa	e	bono	vatetekoio	bono	kara	obai,H-1PL.IN.PRON	CONSEC=TM3	tie	put.on.top	again	just	3SG.PRON	ART3.SG	upper.ridgepole	ART3.SG	string	calamus,`and we tie it to the upper ridgepole with the calamus cane string.',text_13_chapter_18_top_thatch,11,teop1238,teop1238a,WORD_ALIGNED,"{""PL"": ""plural"", ""IN"": ""inclusive"", ""PRON"": ""Pronoun"", ""CONSEC"": ""Consecutive"", ""TM"": ""tense/modality"", ""SG"": ""singular"", ""ART"": ""Article""}"
teop1238a-text_13_chapter_18_top_thatch-12,Evei a sii kiu vaa teo kovuaka.,eve=i	a	sii	kiu	vaa	te=o	kovuaka,3SG.PRON=DEM1	ART2.SG	DIM	work	LNK	PREP=ART3.SG	top.thatch.sheet,`This is the little work of the top thatch sheet.',text_13_chapter_18_top_thatch,12,teop1238,teop1238a,WORD_ALIGNED,"{""SG"": ""singular"", ""PRON"": ""Pronoun"", ""DEM"": ""Demonstrative"", ""ART"": ""Article"", ""DIM"": ""Diminutive"", ""LNK"": ""Linker"", ""PREP"": ""Preposition""}"
teop1238a-text_14_chapter_19_bamboo_wall-1,A takinima eve a peha taba to tabotaboo vai niara nomanai en Teapu.,a	takinima	eve	a	peha	taba	to	tabo{$\sim$}taboo	vai	ni=ara	nomana=i	en	teapu,ART2.SG	woven.bamboo	3SG.PRON	ART2.SG	INDEF2.SG	thing	REL	RED{$\sim$}make.wall	now	APPL=1PL.IN.PRON	today=DEM1	DEM3	Teop.region,`Woven bamboo is a thing that we use today for making walls here in the Teop region.',text_14_chapter_19_bamboo_wall,1,teop1238,teop1238a,WORD_ALIGNED,"{""ART"": ""Article"", ""SG"": ""singular"", ""PRON"": ""Pronoun"", ""INDEF"": ""Indefinite"", ""REL"": ""Relative"", ""RED"": ""reduplication"", ""APPL"": ""Applicative Particle"", ""PL"": ""plural"", ""IN"": ""inclusive"", ""DEM"": ""Demonstrative""}"
teop1238a-text_14_chapter_19_bamboo_wall-2,Eve he na paku raara bona koopu.,eve	he	na	paku	ra=ara	bona	koopu,3SG.PRON	ADVERS	TM2	make	1PL.IN.IPFV=1PL.IN.PRON	OBJ.ART3.PL	koopu.bamboo,`We make it from \textit{koopu} bamboos.',text_14_chapter_19_bamboo_wall,2,teop1238,teop1238a,WORD_ALIGNED,"{""SG"": ""singular"", ""PRON"": ""Pronoun"", ""ADVERS"": ""Adversative Conjunction"", ""TM"": ""tense/modality"", ""PL"": ""plural"", ""IN"": ""inclusive"", ""IPFV"": ""Imperfective"", ""OBJ"": ""Object"", ""ART"": ""Article""}"
teop1238a-text_14_chapter_19_bamboo_wall-3,A kiu nae he na paku vonaen:,a	kiu	nae	he	na	paku	vo=na=en,ART2.SG	work	3SG.POSS.PRON	ADVERS	TM2	do	like=3SG.IPFV=DEM3,`The work on it is done as follows::',text_14_chapter_19_bamboo_wall,3,teop1238,teop1238a,WORD_ALIGNED,"{""ART"": ""Article"", ""SG"": ""singular"", ""POSS"": ""Possessive Marker"", ""PRON"": ""Pronoun"", ""ADVERS"": ""Adversative Conjunction"", ""TM"": ""tense/modality"", ""IPFV"": ""Imperfective"", ""DEM"": ""Demonstrative""}"
teop1238a-text_14_chapter_19_bamboo_wall-4,Eara na tagihu rara rasuu,e-ara	na	tagihu	rara	rasuu,H-1PL.IN.PRON	TM2	go.into.the.jungle	1PL.IN.IPFV	jungle,`We go into the jungle',text_14_chapter_19_bamboo_wall,4,teop1238,teop1238a,WORD_ALIGNED,"{""PL"": ""plural"", ""IN"": ""inclusive"", ""PRON"": ""Pronoun"", ""TM"": ""tense/modality"", ""IPFV"": ""Imperfective""}"
teop1238a-text_14_chapter_19_bamboo_wall-5,ei kou a koopu sa teitei vira bata haana kasuana.,ei~kou	a	koopu	sa	tei{$\sim$}tei	vira	bata	haa=na	kasuana,because	ART3.PL	koopu.bamboo	NEG1	RED{$\sim$}be.there	much	CONT	NEG2=3SG.IPFV	coast,`because there are not many \textit{koopu} bamboos along the coast.',text_14_chapter_19_bamboo_wall,5,teop1238,teop1238a,WORD_ALIGNED,"{""ART"": ""Article"", ""PL"": ""plural"", ""NEG"": ""Negative"", ""RED"": ""reduplication"", ""CONT"": ""Continuity"", ""SG"": ""singular"", ""IPFV"": ""Imperfective""}"
teop1238a-text_14_chapter_19_bamboo_wall-6,A koopu vai a mataa ae bebeahu na teitei nana rasuu.,a	koopu	vai	a	mataa	ae	bebeahu	na	tei{$\sim$}tei	nana	rasuu,ART3.PL	koopu.bamboo	DEM6	ART3.PL	good	and1	long	TM2	RED{$\sim$}be.there	3SG.IPFV	jungle,`The good and long \textit{koopu} bamboos grow in the jungle.',text_14_chapter_19_bamboo_wall,6,teop1238,teop1238a,WORD_ALIGNED,"{""ART"": ""Article"", ""PL"": ""plural"", ""DEM"": ""Demonstrative"", ""TM"": ""tense/modality"", ""RED"": ""reduplication"", ""SG"": ""singular"", ""IPFV"": ""Imperfective""}"
teop1238a-text_14_chapter_19_bamboo_wall-7,"Beara tagihu ei to sun nae a koopu,",beara	tagihu	ei	to	sun	nae	a	koopu,when.1PL.IN.PRON	go.into.the.jungle	DEM2	REL	stand	3SG.IPFV	ART3.PL	koopu.bamboo,"`When we go into the jungle where the \textit{koopu} bamboos stand,'",text_14_chapter_19_bamboo_wall,7,teop1238,teop1238a,WORD_ALIGNED,"{""PL"": ""plural"", ""IN"": ""inclusive"", ""PRON"": ""Pronoun"", ""DEM"": ""Demonstrative"", ""REL"": ""Relative"", ""SG"": ""singular"", ""IPFV"": ""Imperfective"", ""ART"": ""Article""}"
teop1238a-text_14_chapter_19_bamboo_wall-8,eara toro siisira rakaha roho a koopu eara repaa mosi mana.,e-ara	toro	siisira	rakaha	roho	a	koopu	e-ara	re=paa	mosi	mana,H-1PL.IN.PRON	TM7	examine	intensively	before	ART3.PL	koopu.bamboo	H-1PL.IN.PRON	CONSEC=TM3	cut	eventually,"`we must intensively examine the \textit{koopu} bamboos, before we eventually cut them.'",text_14_chapter_19_bamboo_wall,8,teop1238,teop1238a,WORD_ALIGNED,"{""PL"": ""plural"", ""IN"": ""inclusive"", ""PRON"": ""Pronoun"", ""TM"": ""tense/modality"", ""ART"": ""Article"", ""CONSEC"": ""Consecutive""}"
teop1238a-text_14_chapter_19_bamboo_wall-9,O koopu toro mosi ara toro manoto bara toro mahaka rakaha mee.,o	koopu	toro	mosi	ara	toro	manoto	bara	toro	mahaka	rakaha	mee,ART3.SG	koopu.bamboo	TM7	cut	1PL.IN.PRON	TM7	mature	and2	TM7	dry	very	also,`The \textit{koopu} bamboo that we should cut must be mature and also must be very dry.',text_14_chapter_19_bamboo_wall,9,teop1238,teop1238a,WORD_ALIGNED,"{""ART"": ""Article"", ""SG"": ""singular"", ""TM"": ""tense/modality"", ""PL"": ""plural"", ""IN"": ""inclusive"", ""PRON"": ""Pronoun""}"
teop1238a-text_14_chapter_19_bamboo_wall-10,Eara sa antee haara tea mosi o koopu vai o kobus,e-ara	sa	antee	haa=ra	tea	mosi	o	koopu	vai	o	kobus,H-1PL.IN.PRON	NEG1	can	NEG2=1PL.IN.IPFV	COMPL1	cut	ART3.SG	koopu.bamboo	DEM6	ART3.SG	moist,"`We cannot cut the moist \textit{koopu} bamboo,'",text_14_chapter_19_bamboo_wall,10,teop1238,teop1238a,WORD_ALIGNED,"{""PL"": ""plural"", ""IN"": ""inclusive"", ""PRON"": ""Pronoun"", ""NEG"": ""Negative"", ""IPFV"": ""Imperfective"", ""COMPL"": ""Complementizer"", ""ART"": ""Article"", ""SG"": ""singular"", ""DEM"": ""Demonstrative""}"
teop1238a-text_14_chapter_19_bamboo_wall-11,tabae na antee nana tea koava ge mahamahan,tabae	na	antee	nana	tea	koava	ge	maha{$\sim$}mahan,because	TM2	can	3SG.IPFV	COMPL1	rot	or	RED{$\sim$}space,"`because it can rot or leave spaces,'",text_14_chapter_19_bamboo_wall,11,teop1238,teop1238a,WORD_ALIGNED,"{""TM"": ""tense/modality"", ""SG"": ""singular"", ""IPFV"": ""Imperfective"", ""COMPL"": ""Complementizer"", ""RED"": ""reduplication""}"
teop1238a-text_14_chapter_19_bamboo_wall-12,beara takinima nie,be=ara	takinima	ni=e,when=1PL.IN.PRON	weave.bamboo.wall	APPL=3SG.PRON,"`when we weave the bamboo wall with it,'",text_14_chapter_19_bamboo_wall,12,teop1238,teop1238a,WORD_ALIGNED,"{""PL"": ""plural"", ""IN"": ""inclusive"", ""PRON"": ""Pronoun"", ""APPL"": ""Applicative Particle"", ""SG"": ""singular""}"
teop1238a-text_14_chapter_19_bamboo_wall-13,ei be raka bata maa a koopu.,ei	be	raka	bata	maa	a	koopu,DEM2	when	dry	CONT	hither	ART3.PL	koopu.bamboo,`that is when the \textit{koopu} bamboos dry up.',text_14_chapter_19_bamboo_wall,13,teop1238,teop1238a,WORD_ALIGNED,"{""DEM"": ""Demonstrative"", ""CONT"": ""Continuity"", ""ART"": ""Article"", ""PL"": ""plural""}"
teop1238a-text_14_chapter_19_bamboo_wall-14,"Beara siisira vakavara, eara repaa mosi.",beara	siisira	va-kavara	e-ara	re=paa	mosi,when.1PL.IN.PRON	examine	ADVR-complete	H-1PL.IN.PRON	CONSEC=TM3	cut,"`When we have finished examining (them), we cut (them).'",text_14_chapter_19_bamboo_wall,14,teop1238,teop1238a,WORD_ALIGNED,"{""PL"": ""plural"", ""IN"": ""inclusive"", ""PRON"": ""Pronoun"", ""ADVR"": ""Adverbializer"", ""CONSEC"": ""Consecutive"", ""TM"": ""tense/modality""}"
teop1238a-text_14_chapter_19_bamboo_wall-15,"Are mosi vaantee a inu, eara repaa paku amaa dee.",a=re	mosi	va-antee	a	inu	e-ara	re=paa	paku	a=maa	dee,1PL.IN.PRON=CONSEC	cut	CAUS-enough	ART2.SG	house	H-1PL.IN.PRON	CONSEC=TM3	make	ART2.SG=PLM	load,"`Then we cut as many as are needed for the house, and then we make the loads (to carry the bamboos home).'",text_14_chapter_19_bamboo_wall,15,teop1238,teop1238a,WORD_ALIGNED,"{""PL"": ""plural"", ""IN"": ""inclusive"", ""PRON"": ""Pronoun"", ""CONSEC"": ""Consecutive"", ""CAUS"": ""Causative"", ""ART"": ""Article"", ""SG"": ""singular"", ""TM"": ""tense/modality"", ""PLM"": ""Plural Marker""}"
teop1238a-text_14_chapter_19_bamboo_wall-16,A peha dee kou na antee batana bono peho saavun koopu.,a	peha	dee	kou	na	antee	bata=na	bono	peho	saavun	koopu,ART2.SG	one2.SG	load	EMPH2	TM2	consist.of	CONT=3SG.IPFV	OBJ.ART3.SG	one3.SG	ten	koopu.bamboo,`One load consists of ten \textit{koopu} bamboos.',text_14_chapter_19_bamboo_wall,16,teop1238,teop1238a,WORD_ALIGNED,"{""ART"": ""Article"", ""SG"": ""singular"", ""EMPH"": ""Emphatic"", ""TM"": ""tense/modality"", ""CONT"": ""Continuity"", ""IPFV"": ""Imperfective"", ""OBJ"": ""Object""}"
teop1238a-text_14_chapter_19_bamboo_wall-17,"Kavara vai, eara dee voosu vo vaan.",kavara	vai	e-ara	dee	voosu	vo	vaan,finished	now	H-1PL.IN.PRON	carry	go.home	GOAL	village,`After that we carry (them) home to the village.',text_14_chapter_19_bamboo_wall,17,teop1238,teop1238a,WORD_ALIGNED,"{""PL"": ""plural"", ""IN"": ""inclusive"", ""PRON"": ""Pronoun"", ""GOAL"": ""goal""}"
teop1238a-text_14_chapter_19_bamboo_wall-18,Ei vaan to kahi paku pete raara o hum vaa tea kopakopaa a koopu.,ei	vaan	to	kahi	paku	pete	ra=ara	o	hum	vaa	tea	kopa{$\sim$}kopaa	a	koopu,DEM2	village	REL	TM1	do	subsequently	1PL.IN.IPFV=1PL.IN.PRON	ART3.SG	part	LNK	COMPL1	RED{$\sim$}cut.lengthwise	ART3.PL	koopu.bamboo,"`It is here in the village where we will do the next part o work, the lengthwise cutting of the \textit{koopu} bamboos.'",text_14_chapter_19_bamboo_wall,18,teop1238,teop1238a,WORD_ALIGNED,"{""DEM"": ""Demonstrative"", ""REL"": ""Relative"", ""TM"": ""tense/modality"", ""PL"": ""plural"", ""IN"": ""inclusive"", ""IPFV"": ""Imperfective"", ""PRON"": ""Pronoun"", ""ART"": ""Article"", ""SG"": ""singular"", ""LNK"": ""Linker"", ""COMPL"": ""Complementizer"", ""RED"": ""reduplication""}"
teop1238a-text_14_chapter_19_bamboo_wall-19,"Beara kopakopaa vakavara, eara repaa paku pete o hum vaa tea tasu.",beara	kopa{$\sim$}kopaa	va-kavara	e-ara	re=paa	paku	pete	o	hum	vaa	tea	tasu,when.1PL.IN.PRON	RED{$\sim$}cut.lengthwise	ADVR-complete	H-1PL.IN.PRON	CONSEC=TM3	do	subsequently	ART3.SG	part	LNK	COMPL1	beat,"`When we have cut (them) lengthwise, we do the next part of (work), the beating (of the bamboo strips).'\footnote{lit. `..., then we subsequently do the part of beating.'}",text_14_chapter_19_bamboo_wall,19,teop1238,teop1238a,WORD_ALIGNED,"{""PL"": ""plural"", ""IN"": ""inclusive"", ""PRON"": ""Pronoun"", ""RED"": ""reduplication"", ""ADVR"": ""Adverbializer"", ""CONSEC"": ""Consecutive"", ""TM"": ""tense/modality"", ""ART"": ""Article"", ""SG"": ""singular"", ""LNK"": ""Linker"", ""COMPL"": ""Complementizer""}"
teop1238a-text_14_chapter_19_bamboo_wall-20,"A tasu ei beara tasu sirisiri bata rara a koopu, ore tamee teo vuri beara takitakinima batara.",a	tasu	ei	be=ara	tasu	siri{$\sim$}siri	bata	rara	a	koopu	o=re	tamee	te=o	vuri	be=ara	taki{$\sim$}takinima	bata=ra,ART2.SG	beat	DEM2	COMPL2=1PL.IN.PRON	beat	RED{$\sim$}split	CONT	1PL.IN.IPFV	ART3.PL	koopu.bamboo	3.PRON=CONSEC	flexible	PREP=ART3.SG	time	when=1PL.IN.PRON	RED{$\sim$}weave.bamboo	CONT=1PL.IN.IPFV,"`This beating (means) that we beat (and) split the \textit{koopu} bamboo strips, so that they are flexible when we are weaving the bamboo wall.'",text_14_chapter_19_bamboo_wall,20,teop1238,teop1238a,WORD_ALIGNED,"{""ART"": ""Article"", ""SG"": ""singular"", ""DEM"": ""Demonstrative"", ""COMPL"": ""Complementizer"", ""PL"": ""plural"", ""IN"": ""inclusive"", ""PRON"": ""Pronoun"", ""RED"": ""reduplication"", ""CONT"": ""Continuity"", ""IPFV"": ""Imperfective"", ""CONSEC"": ""Consecutive"", ""PREP"": ""Preposition""}"
teop1238a-text_14_chapter_19_bamboo_wall-21,Tea tasu he eara na tasu rara a koopu bona toraara.,te=a	tasu	he	e-ara	na	tasu	rara	a	koopu	bona	toraara,PREP=ART2.SG	beat	ADVERS	H-1PL.IN.PRON	TM2	beat	1PL.IN.IPFV	ART3.PL	koopu.bamboo	OBJ.ART2.SG	axe,"`As for the beating, we beat the \textit{koopu} bamboo strips with an axe.'",text_14_chapter_19_bamboo_wall,21,teop1238,teop1238a,WORD_ALIGNED,"{""PREP"": ""Preposition"", ""ART"": ""Article"", ""SG"": ""singular"", ""ADVERS"": ""Adversative Conjunction"", ""PL"": ""plural"", ""IN"": ""inclusive"", ""PRON"": ""Pronoun"", ""TM"": ""tense/modality"", ""IPFV"": ""Imperfective"", ""OBJ"": ""Object""}"
teop1238a-text_14_chapter_19_bamboo_wall-22,"Be kavara a kiu vaa tea tasu, eara repaa taatagi o komano koopu -",be	kavara	a	kiu	vaa	tea	tasu	e-ara	re=paa	taatagi	o	koma-n=o	koopu,when	finished	ART2.SG	work	LNK	COMPL1	beat	H-1PL.IN.PRON	CONSEC=TM3	prepare	ART2.PL	inside-3SG.POSS=ART3.SG	koopu.bamboo,"`When the work of the beating is finished, we prepare the inside of the \textit{koopu} bamboo strips.'",text_14_chapter_19_bamboo_wall,22,teop1238,teop1238a,WORD_ALIGNED,"{""ART"": ""Article"", ""SG"": ""singular"", ""LNK"": ""Linker"", ""COMPL"": ""Complementizer"", ""PL"": ""plural"", ""IN"": ""inclusive"", ""PRON"": ""Pronoun"", ""CONSEC"": ""Consecutive"", ""TM"": ""tense/modality"", ""POSS"": ""Possessive Marker""}"
teop1238a-text_14_chapter_19_bamboo_wall-23,ei eara na taraha vatotobin bata koara amaa nava nae.,ei	e-ara	na	taraha	va-totobin	bata	koa=ra	a=maa	nava	na=e,DEM2	H-1PL.IN.PRON	TM2	shave	CAUS-even	CONT	just=1PL.IN.IPFV	ART2.SG=PLM	bar	3SG.POSS=3SG.PRON,"`this (means that) we shave (and) make its bars even,'",text_14_chapter_19_bamboo_wall,23,teop1238,teop1238a,WORD_ALIGNED,"{""DEM"": ""Demonstrative"", ""PL"": ""plural"", ""IN"": ""inclusive"", ""PRON"": ""Pronoun"", ""TM"": ""tense/modality"", ""CAUS"": ""Causative"", ""CONT"": ""Continuity"", ""IPFV"": ""Imperfective"", ""ART"": ""Article"", ""SG"": ""singular"", ""PLM"": ""Plural Marker"", ""POSS"": ""Possessive Marker""}"
teop1238a-text_14_chapter_19_bamboo_wall-24,Ei to mene ato vakisi bata ni nana bono koopu teo vuri vaa tea takitakinima.,ei	to	mene	ato	vakisi	bata	ni	nana	bono	koopu	te=o	vuri	vaa	tea	taki{$\sim$}takinima,DEM2	REL	TM6	hold	still	CONT	APPL	3SG.IPFV	OBJ.ART3.SG	koopu.bamboo	PREP=ART3.SG	time	LNK	COMPL1	RED{$\sim$}weave.bamboo.wall,`This is to prevent a \textit{koopu} bamboo strips from getting stuck (at the knots) when the weaving is done.'\footnote{lit. `This is what otherwise would hold the bamboo at the time of weaving.'},text_14_chapter_19_bamboo_wall,24,teop1238,teop1238a,WORD_ALIGNED,"{""DEM"": ""Demonstrative"", ""REL"": ""Relative"", ""TM"": ""tense/modality"", ""CONT"": ""Continuity"", ""APPL"": ""Applicative Particle"", ""SG"": ""singular"", ""IPFV"": ""Imperfective"", ""OBJ"": ""Object"", ""ART"": ""Article"", ""PREP"": ""Preposition"", ""LNK"": ""Linker"", ""COMPL"": ""Complementizer"", ""RED"": ""reduplication""}"
teop1238a-text_14_chapter_19_bamboo_wall-25,"Beara taatagi vakavara a koopu, eara nao vai tea kiu vaa tea takitakinima.",beara	taatagi	va-kavara	a	koopu	e-ara	nao	vai	te=a	kiu	vaa	tea	taki{$\sim$}takinima,when.1PL.IN.PRON	prepare	ADVR-complete	ART3.PL	koopu.bamboo	H-1PL.IN.PRON	go	now	PREP=ART2.SG	work	LNK	COMPL1	RED{$\sim$}weave.bamboo.wall,"`When we have prepared the \textit{koopu} bamboo strips, we proceed with the work of the bamboo-weaving.'",text_14_chapter_19_bamboo_wall,25,teop1238,teop1238a,WORD_ALIGNED,"{""PL"": ""plural"", ""IN"": ""inclusive"", ""PRON"": ""Pronoun"", ""ADVR"": ""Adverbializer"", ""ART"": ""Article"", ""PREP"": ""Preposition"", ""SG"": ""singular"", ""LNK"": ""Linker"", ""COMPL"": ""Complementizer"", ""RED"": ""reduplication""}"
teop1238a-text_14_chapter_19_bamboo_wall-26,Tea takitakinima he na tei me nana bono buaku o kaku hanana vaa tea paku takinima.,te=a	taki{$\sim$}takinima	he	na	tei	me	nana	bono	buaku	o	kaku	hanana	vaa	tea	paku	takinima,PREP=ART2.SG	RED{$\sim$}weave.bamboo	ADVERS	TM2	stay	with	3SG.IPFV	OBJ.ART3.SG	two	ART3.SG	kind	pattern	LNK	COMPL1	make	bamboo.wall,"`As for the bamboo-weaving, there are two kinds of pattern of making woven bamboo walls.'",text_14_chapter_19_bamboo_wall,26,teop1238,teop1238a,WORD_ALIGNED,"{""PREP"": ""Preposition"", ""ART"": ""Article"", ""SG"": ""singular"", ""RED"": ""reduplication"", ""ADVERS"": ""Adversative Conjunction"", ""TM"": ""tense/modality"", ""IPFV"": ""Imperfective"", ""OBJ"": ""Object"", ""LNK"": ""Linker"", ""COMPL"": ""Complementizer""}"
teop1238a-text_14_chapter_19_bamboo_wall-27,"O peho o vavaasun, o meho he o vavaagoroho.",o	peho	o	va{$\sim$}vaa-sun	o	meho	he	o	va{$\sim$}vaa-goroho,ART3.SG	one3.SG	ART3.SG	RED{$\sim$}CAUS-stand	ART3.SG	other3.SG	ADVERS	ART3.SG	RED{$\sim$}CAUS-sleep,"`One is the make-stand-up pattern, the other one the make-asleep pattern.'",text_14_chapter_19_bamboo_wall,27,teop1238,teop1238a,WORD_ALIGNED,"{""ART"": ""Article"", ""SG"": ""singular"", ""RED"": ""reduplication"", ""CAUS"": ""Causative"", ""ADVERS"": ""Adversative Conjunction""}"
teop1238a-text_14_chapter_19_bamboo_wall-28,"Teo vavaasun, eara na ipinoo rara a sun hiava bara a tatabonata na inu.",te=o	va{$\sim$}vaa-sun	e-ara	na	ipinoo	rara	a	sun	hiava	bara	a	tatabonata	n=a	inu,PREP=ART3.SG	RED{$\sim$}CAUS-stand	H-1PL.IN.PRON	TM2	measure	1PL.IN.IPFV	ART2.SG	stand	go.up	and2	ART2.SG	width	3SG.POSS=ART2.SG	house,"`As for the make-stand-up pattern, we measure the height and the width of the house.'",text_14_chapter_19_bamboo_wall,28,teop1238,teop1238a,WORD_ALIGNED,"{""PREP"": ""Preposition"", ""ART"": ""Article"", ""SG"": ""singular"", ""RED"": ""reduplication"", ""CAUS"": ""Causative"", ""PL"": ""plural"", ""IN"": ""inclusive"", ""PRON"": ""Pronoun"", ""TM"": ""tense/modality"", ""IPFV"": ""Imperfective"", ""POSS"": ""Possessive Marker""}"
teop1238a-text_14_chapter_19_bamboo_wall-29,Eara repaa kurukurus a koopu vai to paa tasu vaevuru ara.,e-ara	re=paa	kuru{$\sim$}kurus	a	koopu	vai	to	paa	tasu	vaevuru	ara,H-1PL.IN.PRON	CONSEC=TM3	RED{$\sim$}cut	ART3.PL	koopu.bamboo	DEM6	REL	TM3	beat	already	1PL.IN.PRON,`Then we cut the \textit{koopu} bamboo strips that we have already beaten (according to the measurements).',text_14_chapter_19_bamboo_wall,29,teop1238,teop1238a,WORD_ALIGNED,"{""PL"": ""plural"", ""IN"": ""inclusive"", ""PRON"": ""Pronoun"", ""CONSEC"": ""Consecutive"", ""TM"": ""tense/modality"", ""RED"": ""reduplication"", ""ART"": ""Article"", ""DEM"": ""Demonstrative"", ""REL"": ""Relative""}"
teop1238a-text_14_chapter_19_bamboo_wall-30,"Be kavara o hum bona, eara repaa vavaasun nao a koopu, ore no suguna komana teo vagegeana na taboo.",be	kavara	o	hum	bona	e-ara	re=paa	va{$\sim$}vaa-sun	nao	a	koopu	o=re	no	suguna	komana	te=o	vagegeana	n=a	taboo,when	finished	ART3.SG	part	ANA.SG	H-1PL.IN.PRON	CONSEC=TM3	RED{$\sim$}CAUS-stand	thither	ART3.PL	koopu.bamboo	3.PRON=CONSEC	go	arrive	altogether	PREP=ART2.PL	end	3SG.POSS=ART2.SG	wall,"`When this part is finished, we make the \textit{koopu} bamboo strips stand up, until the ends of the wall are reached.'",text_14_chapter_19_bamboo_wall,30,teop1238,teop1238a,WORD_ALIGNED,"{""ART"": ""Article"", ""SG"": ""singular"", ""ANA"": ""Anaphoric Demonstrative"", ""PL"": ""plural"", ""IN"": ""inclusive"", ""PRON"": ""Pronoun"", ""CONSEC"": ""Consecutive"", ""TM"": ""tense/modality"", ""RED"": ""reduplication"", ""CAUS"": ""Causative"", ""PREP"": ""Preposition"", ""POSS"": ""Possessive Marker""}"
teop1238a-text_14_chapter_19_bamboo_wall-31,Eara repaa taneo tea hogohogo ni nao a koopu vaantee tea tatabonata na taboo.,e-ara	re=paa	taneo	tea	hogo{$\sim$}hogo	ni	nao	a	koopu	va-antee	te=a	tatabonata	n=a	taboo,H-1PL.IN.PRON	CONSEC=TM3	start	COMPL1	RED{$\sim$}push	APPL	thither	ART3.PL	koopu.bamboo	CAUS-enough	PREP=ART2.SG	width	3SG.POSS=ART2.SG	wall,"`Then we start pushing the (horizontal) \textit{koopu} bamboo strips (in between the vertical ones), until it is enough for the width of the wall.'",text_14_chapter_19_bamboo_wall,31,teop1238,teop1238a,WORD_ALIGNED,"{""PL"": ""plural"", ""IN"": ""inclusive"", ""PRON"": ""Pronoun"", ""CONSEC"": ""Consecutive"", ""TM"": ""tense/modality"", ""COMPL"": ""Complementizer"", ""RED"": ""reduplication"", ""APPL"": ""Applicative Particle"", ""ART"": ""Article"", ""CAUS"": ""Causative"", ""PREP"": ""Preposition"", ""SG"": ""singular"", ""POSS"": ""Possessive Marker""}"
teop1238a-text_14_chapter_19_bamboo_wall-32,"Beara hogo, eara na gae rara a ta kukan, eara repaa hogo tavusu nie.",beara	hogo	e-ara	na	gae	rara	a	ta	kukan	e-ara	re=paa	hogo	tavusu	ni=e,when.1PL.IN.PRON	push	H-1PL.IN.PRON	TM2	lift	1PL.IN.IPFV	ART2.SG	piece	three	H-1PL.IN.PRON	CONSEC=TM3	push	come.out	APPL=3SG.PRON,"`When we push them, we lift three (vertical) strips, then we push them (the horizontal ones) through.'",text_14_chapter_19_bamboo_wall,32,teop1238,teop1238a,WORD_ALIGNED,"{""PL"": ""plural"", ""IN"": ""inclusive"", ""PRON"": ""Pronoun"", ""TM"": ""tense/modality"", ""IPFV"": ""Imperfective"", ""ART"": ""Article"", ""SG"": ""singular"", ""CONSEC"": ""Consecutive"", ""APPL"": ""Applicative Particle""}"
teop1238a-text_14_chapter_19_bamboo_wall-33,"Eara repaa taono a ta meha a ta kukan, eara repaa gae vaha bana a ta meha ta kukan.",e-ara	re=paa	taono	a	ta	meha	a	ta	kukan	e-ara	re=paa	gae	vahabana	a	ta	meha	ta	kukan,H-1PL.IN.PRON	CONSEC=TM3	put.on.top	ART2.SG	piece	other2.SG	ART2.SG	piece	three	H-1PL.IN.PRON	CONSEC=TM3	lift	again	ART2.SG	piece	other2.SG	piece	three,"`Then we put the three other strips on top, and then we lift another three strips again.'",text_14_chapter_19_bamboo_wall,33,teop1238,teop1238a,WORD_ALIGNED,"{""PL"": ""plural"", ""IN"": ""inclusive"", ""PRON"": ""Pronoun"", ""CONSEC"": ""Consecutive"", ""TM"": ""tense/modality"", ""ART"": ""Article"", ""SG"": ""singular""}"
teop1238a-text_14_chapter_19_bamboo_wall-34,Eara paku bata koa vo nao raen ore poosu komana a taboo.,e-ara	paku	bata	koa	vo	nao	ra=en	o=re	poosu	komana	a	taboo,H-1PL.IN.PRON	do	CONT	just	like	thither	1PL.IN.IPFV=DEM3	3.PRON=CONSEC	be.closed	altogether	ART2.SG	wall,`We just do it like this until the wall is completely closed.',text_14_chapter_19_bamboo_wall,34,teop1238,teop1238a,WORD_ALIGNED,"{""PL"": ""plural"", ""IN"": ""inclusive"", ""PRON"": ""Pronoun"", ""CONT"": ""Continuity"", ""IPFV"": ""Imperfective"", ""DEM"": ""Demonstrative"", ""CONSEC"": ""Consecutive"", ""ART"": ""Article"", ""SG"": ""singular""}"
teop1238a-text_14_chapter_19_bamboo_wall-35,"Teo vavaagoroho he na vaapeha koana, amaa hogo ae a gae kukan.",te=o	va{$\sim$}vaa-goroho	he	na	vaa-peha	koa=na	a=maa	hogo	ae	a	gae	kukan,PREP=ART3.SG	RED{$\sim$}CAUS-sleep	ADVERS	TM2	CAUS-one	just=3SG.IPFV	ART2.SG=PLM	push	and1	ART2.SG	lift	three,"`With the make-asleep pattern it is just the same, some pushing and the lifting of three (strips).'",text_14_chapter_19_bamboo_wall,35,teop1238,teop1238a,WORD_ALIGNED,"{""PREP"": ""Preposition"", ""ART"": ""Article"", ""SG"": ""singular"", ""RED"": ""reduplication"", ""CAUS"": ""Causative"", ""ADVERS"": ""Adversative Conjunction"", ""TM"": ""tense/modality"", ""IPFV"": ""Imperfective"", ""PLM"": ""Plural Marker""}"
teop1238a-text_14_chapter_19_bamboo_wall-36,Evehee ei kou eara sa paku haara to ipinoo.,evehee	ei	kou	e-ara	sa	paku	haa=ra	to	ipinoo,but	DEM2	EMPH2	H-1PL.IN.PRON	NEG1	do	NEG2=1PL.IN.IPFV	NSPEC3.SG	measure,`But now we do not do any measurement.',text_14_chapter_19_bamboo_wall,36,teop1238,teop1238a,WORD_ALIGNED,"{""DEM"": ""Demonstrative"", ""EMPH"": ""Emphatic"", ""PL"": ""plural"", ""IN"": ""inclusive"", ""PRON"": ""Pronoun"", ""NEG"": ""Negative"", ""IPFV"": ""Imperfective"", ""NSPEC"": ""Non-Specific"", ""SG"": ""singular""}"
teop1238a-text_14_chapter_19_bamboo_wall-37,"Eara na vaagoroho rara a ta kukan ge a ta taonim,",e-ara	na	vaa-goroho	rara	a	ta	kukan	ge	a	ta	taonim,H-1PL.IN.PRON	TM2	CAUS-sleep	1PL.IN.IPFV	ART2.SG	piece	three	or	ART2.SG	piece	five,"`We lay three or five strips down,'",text_14_chapter_19_bamboo_wall,37,teop1238,teop1238a,WORD_ALIGNED,"{""PL"": ""plural"", ""IN"": ""inclusive"", ""PRON"": ""Pronoun"", ""TM"": ""tense/modality"", ""CAUS"": ""Causative"", ""IPFV"": ""Imperfective"", ""ART"": ""Article"", ""SG"": ""singular""}"
teop1238a-text_14_chapter_19_bamboo_wall-38,"eara repaa taneo kou tea hogo ae gae, ore suguna komana bea taboo poosu vakavara.",e-ara	re=paa	taneo	kou	tea	hogo	ae	gae	o=re	suguna	komana	be=a	taboo	poosu	va-kavara,H-1PL.IN.PRON	CONSEC=TM3	start	EMPH2	COMPL1	push	and1	lift	3.PRON=CONSEC	arrive	altogether	COMPL2=ART2.SG	wall	be.closed	ADVR-complete,`then we start pushing and lifting (the strips) until the wall is completely closed.'\footnote{lit. `... then (the time) arrives that the wall is completely closed.'},text_14_chapter_19_bamboo_wall,38,teop1238,teop1238a,WORD_ALIGNED,"{""PL"": ""plural"", ""IN"": ""inclusive"", ""PRON"": ""Pronoun"", ""CONSEC"": ""Consecutive"", ""TM"": ""tense/modality"", ""EMPH"": ""Emphatic"", ""COMPL"": ""Complementizer"", ""ART"": ""Article"", ""SG"": ""singular"", ""ADVR"": ""Adverbializer""}"
teop1238a-text_14_chapter_19_bamboo_wall-39,"Ahiki to ipinoo, eikou eara na ponuu kaakoo bata koara a koopu beara hogo vaantee bata naora a taboo.",ahiki	to	ipinoo	eikou	e-ara	na	ponuu	kaakoo	bata	koa=ra	a	koopu	beara	hogo	va-antee	bata	nao=ra	a	taboo,not.exist	NSPEC3.SG	measure	because	H-1PL.IN.PRON	TM2	bend	move	CONT	just=1PL.IN.IPFV	ART3.PL	koopu.bamboo	when=1PL.IN.PRON	push	CAUS-stop.at	CONT	thither=1PL.IN.IPFV	ART2.SG	wall,"`There is not any measure, because we just bend and move the \textit{koopu} bamboo strips along, when we are pushing (them) to the (end of the) wall.'",text_14_chapter_19_bamboo_wall,39,teop1238,teop1238a,WORD_ALIGNED,"{""NSPEC"": ""Non-Specific"", ""SG"": ""singular"", ""PL"": ""plural"", ""IN"": ""inclusive"", ""PRON"": ""Pronoun"", ""TM"": ""tense/modality"", ""CONT"": ""Continuity"", ""IPFV"": ""Imperfective"", ""ART"": ""Article"", ""CAUS"": ""Causative""}"
teop1238a-text_15_chapter_20_floor-1,O paranda o peho taba vaa tea inu teara a ta Teapu.,o	paranda	o	peho	taba	vaa	te=a	inu	te=ara	a	ta	teapu,ART3.SG	floor	ART3.SG	INDEF3.SG	thing	LNK	PREP=ART2.SG	house	PREP=1PL.IN.PRON	ART2.SG	people	Teop,"`The floor is a thing in our house, the Teop people.'",text_15_chapter_20_floor,1,teop1238,teop1238a,WORD_ALIGNED,"{""ART"": ""Article"", ""SG"": ""singular"", ""INDEF"": ""Indefinite"", ""LNK"": ""Linker"", ""PREP"": ""Preposition"", ""PL"": ""plural"", ""IN"": ""inclusive"", ""PRON"": ""Pronoun""}"
teop1238a-text_15_chapter_20_floor-2,"Eove to kom, hio ae goroho raara.",eove	to	kom	hio	ae	goroho	ra=ara,H.3SG.PRON	REL	step.on	sit	and1	sleep	1PL.IN.IPFV=1PL.IN.PRON,"`It is where we step, sit, and sleep on.'",text_15_chapter_20_floor,2,teop1238,teop1238a,WORD_ALIGNED,"{""SG"": ""singular"", ""PRON"": ""Pronoun"", ""REL"": ""Relative"", ""PL"": ""plural"", ""IN"": ""inclusive"", ""IPFV"": ""Imperfective""}"
teop1238a-text_15_chapter_20_floor-3,O paranda na vavaobete raara toon na naono vai to dao raara bono hogo.,o	paranda	na	va-va-obete	ra=ara	toon	na	naono	vai	to	dao	ra=ara	bono	hogo,ART3.SG	floor	TM2	MULT-CAUS-lie	1PL.IN.IPFV=1PL.IN.PRON	top	3SG.POSS=ART3.PL	beam	DEM6	REL	call	1PL.IN.IPFV=1PL.IN.PRON	OBJ.ART3.SG	floor.joist,`We put the floor onto the beams that we call hogo (floor joists).'\footnote{lit. `The floor we put onto the beams ...'},text_15_chapter_20_floor,3,teop1238,teop1238a,WORD_ALIGNED,"{""ART"": ""Article"", ""SG"": ""singular"", ""TM"": ""tense/modality"", ""MULT"": ""multiple situation"", ""CAUS"": ""Causative"", ""PL"": ""plural"", ""IN"": ""inclusive"", ""IPFV"": ""Imperfective"", ""PRON"": ""Pronoun"", ""POSS"": ""Possessive Marker"", ""DEM"": ""Demonstrative"", ""REL"": ""Relative"", ""OBJ"": ""Object""}"
teop1238a-text_15_chapter_20_floor-4,O paranda na pakupaku raara bono kobuu.,o	paranda	na	paku{$\sim$}paku	ra=ara	bono	kobuu,ART3.SG	floor	TM2	RED{$\sim$}make	1PL.IN.IPFV=1PL.IN.PRON	OBJ.ART3.SG	kobuu.palm,"`We make the floor from the \textit{kobuu} palm (a cyrtostachys species).'\footnote{lit. `The floor, we make from the \textit{kobuu} palm.'}",text_15_chapter_20_floor,4,teop1238,teop1238a,WORD_ALIGNED,"{""ART"": ""Article"", ""SG"": ""singular"", ""TM"": ""tense/modality"", ""RED"": ""reduplication"", ""PL"": ""plural"", ""IN"": ""inclusive"", ""IPFV"": ""Imperfective"", ""PRON"": ""Pronoun"", ""OBJ"": ""Object""}"
teop1238a-text_15_chapter_20_floor-5,Tea meha maa vaan na pakupaku riori bono kumako.,te=a	meha	maa	vaan	na	paku{$\sim$}paku	ri=ori	bono	kumako,PREP=ART2.SG	other2.SG	PLM	village	TM2	RED{$\sim$}make	3PL.IPFV=3PL.PRON	OBJ.ART3.SG	kugumaru.palm,`In other villages they make it from the kumako palm (areca novohibernica).',text_15_chapter_20_floor,5,teop1238,teop1238a,WORD_ALIGNED,"{""PREP"": ""Preposition"", ""ART"": ""Article"", ""SG"": ""singular"", ""PLM"": ""Plural Marker"", ""TM"": ""tense/modality"", ""RED"": ""reduplication"", ""PL"": ""plural"", ""IPFV"": ""Imperfective"", ""PRON"": ""Pronoun"", ""OBJ"": ""Object""}"
teop1238a-text_15_chapter_20_floor-6,"Beara tau paku o paranda, eara toro ipinoo roho a bebeahu ae a tatabonata na inu bono kara urisi.",be=ara	tau	paku	o	paranda	e-ara	toro	ipinoo	roho	a	bebeahu	ae	a	tatabonata	n=a	inu	bono	kara	urisi,when=1PL.IN.PRON	TM5	make	ART3.SG	floor	H-1PL.IN.PRON	TM7	measure	before	ART2.SG	length	and1	ART2.SG	width	3SG.POSS=ART3.SG	house	OBJ.ART3.SG	string	wild.banana.sheath,"`When we are about to make the floor, we must measure the length and the width of the house with a tape made of the wild banana sheath.'",text_15_chapter_20_floor,6,teop1238,teop1238a,WORD_ALIGNED,"{""PL"": ""plural"", ""IN"": ""inclusive"", ""PRON"": ""Pronoun"", ""TM"": ""tense/modality"", ""ART"": ""Article"", ""SG"": ""singular"", ""POSS"": ""Possessive Marker"", ""OBJ"": ""Object""}"
teop1238a-text_15_chapter_20_floor-7,O kara urisi bona to kahi dee raara rasuu to kahi ipinoo raara o kobuu.,o	kara	urisi	bona	to	kahi	dee	ra=ara	rasuu	to	kahi	ipinoo	ra=ara	o	kobuu,ART3.SG	string	wild.banana.sheath	ANA.SG	REL	TM1	carry	1PL.IN.IPFV=1PL.IN.PRON	jungle	REL	TM1	measure	1PL.IN.IPFV=1PL.IN.PRON	ART3.SG	kobuu.palm,`This wild banana sheath tape we take to the jungle where we will measure the \textit{kobuu} palm.',text_15_chapter_20_floor,7,teop1238,teop1238a,WORD_ALIGNED,"{""ART"": ""Article"", ""SG"": ""singular"", ""ANA"": ""Anaphoric Demonstrative"", ""REL"": ""Relative"", ""TM"": ""tense/modality"", ""PL"": ""plural"", ""IN"": ""inclusive"", ""IPFV"": ""Imperfective"", ""PRON"": ""Pronoun""}"
teop1238a-text_15_chapter_20_floor-8,"Beara suguna teo hum to tei nae o kobuu, eara paa sisira roho tea tabae o kobuu toro paku ara bono paranda toro vuaba vai o manoto.",be=ara	suguna	te=o	hum	to	tei	nae	o	kobuu	e-ara	paa	siisira	roho	tea~tabae	o	kobuu	toro	paku	ara	bono	paranda	toro	vuaba	vai	o	manoto,when=1PL.IN.PRON	arrive	PREP=ART3.SG	place	REL	be.there	3SG.IPFV	ART3.SG	kobuu.palm	H-1PL.IN.PRON	TM3	examine	before	because	ART3.SG	kobuu.palm	TM7	make	1PL.IN.PRON	OBJ.ART3.SG	floor	TM7	one	DEM6	ART3.SG	mature,"`When we have arrived at the place where the \textit{kobuu} palm stands, we carefully examine (it), because the \textit{kobuu} palm from which we will make the floor must be a mature one.'",text_15_chapter_20_floor,8,teop1238,teop1238a,WORD_ALIGNED,"{""PL"": ""plural"", ""IN"": ""inclusive"", ""PRON"": ""Pronoun"", ""PREP"": ""Preposition"", ""ART"": ""Article"", ""SG"": ""singular"", ""REL"": ""Relative"", ""IPFV"": ""Imperfective"", ""TM"": ""tense/modality"", ""OBJ"": ""Object"", ""DEM"": ""Demonstrative""}"
teop1238a-text_15_chapter_20_floor-9,"Beara viana vakavara o kobuu vai tau paku ara o paranda, eara repaa mosi gunaha e.",be=ara	viana	va-kavara	o	kobuu	vai	tau	paku	ara	o	paranda	e-ara	re=paa	mosi	gunaha	e,when=1PL.IN.PRON	choose	ADVR-complete	ART3.SG	kobuu.palm	DEM6	TM7	make	1PL.IN.PRON	ART3.SG	floor	H-1PL.IN.PRON	CONSEC=TM3	cut	go.down	3SG.PRON,"`When we have chosen the \textit{kobuu} palm that we are about to make the floor from, we cut it down.'",text_15_chapter_20_floor,9,teop1238,teop1238a,WORD_ALIGNED,"{""PL"": ""plural"", ""IN"": ""inclusive"", ""PRON"": ""Pronoun"", ""ADVR"": ""Adverbializer"", ""ART"": ""Article"", ""SG"": ""singular"", ""DEM"": ""Demonstrative"", ""TM"": ""tense/modality"", ""CONSEC"": ""Consecutive""}"
teop1238a-text_15_chapter_20_floor-10,"O kobuu vai o kobusu saka mataa haana,",o	kobuu	vai	o	kobusu	saka	mataa	haa=na,ART3.SG	kobuu.palm	DEM6	ART3.SG	moist	NEG1	good	NEG2=3SG.IPFV,"`The young and moist \textit{kobuu} palm is not good,'",text_15_chapter_20_floor,10,teop1238,teop1238a,WORD_ALIGNED,"{""ART"": ""Article"", ""SG"": ""singular"", ""DEM"": ""Demonstrative"", ""NEG"": ""Negative"", ""IPFV"": ""Imperfective""}"
teop1238a-text_15_chapter_20_floor-11,"eikou na antee vaha koana tea koava, evehee o vuaba vai o manoto vamataa na antee nana tea tei vananaoana.",ei~kou	na	antee	vaha	koa=na	tea	koava	evehee	o	vuaba	vai	o	manoto	va-mataa	na	antee	nana	tea	tei	va-na{$\sim$}nao-ana,because	TM2	can	again	just=3SG.IPFV	COMPL1	rot	but	ART3.SG	one	DEM6	ART3.SG	mature	ADVR-good	TM2	can	3SG.IPFV	COMPL1	be.there	ADVR-RED{$\sim$}go-ADJR,"`because it can easily rot, but the fully mature one can last for a long time.'",text_15_chapter_20_floor,11,teop1238,teop1238a,WORD_ALIGNED,"{""TM"": ""tense/modality"", ""SG"": ""singular"", ""IPFV"": ""Imperfective"", ""COMPL"": ""Complementizer"", ""ART"": ""Article"", ""DEM"": ""Demonstrative"", ""ADVR"": ""Adverbializer"", ""RED"": ""reduplication"", ""ADJR"": ""Adjectivizer""}"
teop1238a-text_15_chapter_20_floor-12,"Beo kobuu obete nana putaa, eara repaa ipinoo e,",be=o	kobuu	obete	nana	putaa	e-ara	re=paa	ipinoo	e,when=ART3.SG	kobuu.palm	lie	3SG.IPFV	on.the.ground	H-1PL.IN.PRON	CONSEC=TM3	measure	3SG.PRON,"`When the \textit{kobuu} palm is lying on the ground, we measure it,'",text_15_chapter_20_floor,12,teop1238,teop1238a,WORD_ALIGNED,"{""ART"": ""Article"", ""SG"": ""singular"", ""IPFV"": ""Imperfective"", ""PL"": ""plural"", ""IN"": ""inclusive"", ""PRON"": ""Pronoun"", ""CONSEC"": ""Consecutive"", ""TM"": ""tense/modality""}"
teop1238a-text_15_chapter_20_floor-13,eara repaa rom suku bata koara o ipinoo.,e-ara	re=paa	rom	suku	bata	koa=ra	o	ipinoo,H-1PL.IN.PRON	CONSEC=TM3	cut.crosswise	follow	CONT	just=1PL.IN.IPFV	ART3.SG	measure,`and then we just cut the stem crosswise according to the measure.',text_15_chapter_20_floor,13,teop1238,teop1238a,WORD_ALIGNED,"{""PL"": ""plural"", ""IN"": ""inclusive"", ""PRON"": ""Pronoun"", ""CONSEC"": ""Consecutive"", ""TM"": ""tense/modality"", ""CONT"": ""Continuity"", ""IPFV"": ""Imperfective"", ""ART"": ""Article"", ""SG"": ""singular""}"
teop1238a-text_15_chapter_20_floor-14,"Beara romrom vakavara e, eara repaa paku pete a kiu vaa tea kopaa.",be=ara	rom{$\sim$}rom	va-kavara	e	e-ara	re=paa	paku	pete	a	kiu	vaa	tea	kopaa,when=1PL.IN.PRON	RED{$\sim$}cut.crosswise	ADVR-complete	3SG.PRON	H-1PL.IN.PRON	CONSEC=TM3	do	subsequently	ART2.SG	work	LNK	COMPL1	cut.lengthwise,"`When we have finished cutting it up crosswise, we subsequently do the work of cutting it lengthwise.'",text_15_chapter_20_floor,14,teop1238,teop1238a,WORD_ALIGNED,"{""PL"": ""plural"", ""IN"": ""inclusive"", ""PRON"": ""Pronoun"", ""RED"": ""reduplication"", ""ADVR"": ""Adverbializer"", ""SG"": ""singular"", ""CONSEC"": ""Consecutive"", ""TM"": ""tense/modality"", ""ART"": ""Article"", ""LNK"": ""Linker"", ""COMPL"": ""Complementizer""}"
teop1238a-text_15_chapter_20_floor-15,Eara he toro kopaa e teo hum buaku.,e-ara	he	toro	kopaa	e	te=o	hum	buaku,H-1PL.IN.PRON	ADVERS	TM7	cut.lengthwise	3SG.PRON	PREP=ART3.SG	piece	two,`But we must cut it lengthwise into two pieces.',text_15_chapter_20_floor,15,teop1238,teop1238a,WORD_ALIGNED,"{""PL"": ""plural"", ""IN"": ""inclusive"", ""PRON"": ""Pronoun"", ""ADVERS"": ""Adversative Conjunction"", ""TM"": ""tense/modality"", ""SG"": ""singular"", ""PREP"": ""Preposition"", ""ART"": ""Article""}"
teop1238a-text_15_chapter_20_floor-16,"Tea kiu vaa tea kopaa, eara toro kiu nia buaku a toraaraa, ae amaa ta ginuva.",te=a	kiu	vaa	tea	kopaa	e-ara	toro	kiu	ni=a	buaku	a	toraaraa	ae	a=maa	ta	ginuva,PREP=ART2.SG	work	LNK	COMPL1	cut.lengthwise	H-1PL.IN.PRON	TM7	work	APPL=ART2.SG	two	ART2.SG	axe	and1	ART2.SG=PLM	piece	wedge,"`For the work of the lengthwise cutting, we must work with two axes and some wedges.'",text_15_chapter_20_floor,16,teop1238,teop1238a,WORD_ALIGNED,"{""PREP"": ""Preposition"", ""ART"": ""Article"", ""SG"": ""singular"", ""LNK"": ""Linker"", ""COMPL"": ""Complementizer"", ""PL"": ""plural"", ""IN"": ""inclusive"", ""PRON"": ""Pronoun"", ""TM"": ""tense/modality"", ""APPL"": ""Applicative Particle"", ""PLM"": ""Plural Marker""}"
teop1238a-text_15_chapter_20_floor-17,"Tea kopaa, eara toro mosi momohu nia peha toraaraa,",te=a	kopaa	e-ara	toro	mosi	momohu	ni=a	peha	toraaraa,PREP=ART2.SG	cut.lengthwise	H-1PL.IN.PRON	TM7	cut	first	APPL=ART2.SG	one2.SG	axe,"`For the lengthwise cut, we must first make a cut with one axe'",text_15_chapter_20_floor,17,teop1238,teop1238a,WORD_ALIGNED,"{""PREP"": ""Preposition"", ""ART"": ""Article"", ""SG"": ""singular"", ""PL"": ""plural"", ""IN"": ""inclusive"", ""PRON"": ""Pronoun"", ""TM"": ""tense/modality"", ""APPL"": ""Applicative Particle""}"
teop1238a-text_15_chapter_20_floor-18,"ore topo vakisi nana, beara mosi nia vaabuaku.",o=re	topo	vakisi	nana	be=ara	mosi	ni=a	vaa-buaku,3.PRON=CONSEC	be.stuck	still	3SG.IPFV	when=1PL.IN.PRON	cut	APPL=ART2.SG	ORD-two,`so that it is still stuck (in the stem) when we make a cut with the second (axe).',text_15_chapter_20_floor,18,teop1238,teop1238a,WORD_ALIGNED,"{""PRON"": ""Pronoun"", ""CONSEC"": ""Consecutive"", ""SG"": ""singular"", ""IPFV"": ""Imperfective"", ""PL"": ""plural"", ""IN"": ""inclusive"", ""APPL"": ""Applicative Particle"", ""ART"": ""Article"", ""ORD"": ""Ordinal""}"
teop1238a-text_15_chapter_20_floor-19,"A vaabuaku re topo vakisi nana, beara rahi pute a toraaraa momohu,",a	vaa-buaku	re	topo	vakisi	nana	be=ara	rahi	pute	a	toraaraa	momohu,ART2.SG	ORD-two	CONSEC	be.stuck	still	3SG.IPFV	when=1PL.IN.PRON	pull	pull.out	ART2.SG	axe	first,"`Then the second (axe) is still stuck (in the stem), when we pull out the first axe,'",text_15_chapter_20_floor,19,teop1238,teop1238a,WORD_ALIGNED,"{""ART"": ""Article"", ""SG"": ""singular"", ""ORD"": ""Ordinal"", ""CONSEC"": ""Consecutive"", ""IPFV"": ""Imperfective"", ""PL"": ""plural"", ""IN"": ""inclusive"", ""PRON"": ""Pronoun""}"
teop1238a-text_15_chapter_20_floor-20,beara tapa bata ni naora amaa ta ginuva teo hum to mosi vaakaa bata naona a bua toraaraa.,be=ara	tapa	bata	ni	nao=ra	a=maa	ta	ginuva	te=o	hum	to	mosi	vaa-kaa	bata	nao=na	a	bua	toraaraa,when=1PL.IN.PRON	drive	CONT	APPL	thither=1PL.IN.IPFV	ART2.SG=PLM	piece	wedge	PREP=ART3.SG	place	REL	cut	CAUS-open	CONT	thither=3SG.IPFV	ART2.SG	two2.SG	axe,`while we are driving the wedges into the stem where the two axes cut it lengthwise open.',text_15_chapter_20_floor,20,teop1238,teop1238a,WORD_ALIGNED,"{""PL"": ""plural"", ""IN"": ""inclusive"", ""PRON"": ""Pronoun"", ""CONT"": ""Continuity"", ""APPL"": ""Applicative Particle"", ""IPFV"": ""Imperfective"", ""ART"": ""Article"", ""SG"": ""singular"", ""PLM"": ""Plural Marker"", ""PREP"": ""Preposition"", ""REL"": ""Relative"", ""CAUS"": ""Causative""}"
teop1238a-text_15_chapter_20_floor-21,"Eara pasi paku bata koa vo naora teebona, ore antee komana beo rom kobuu takopaa.",e-ara	pasi	paku	bata	koa	vo	nao=ra	tee=bona	o=re	antee	komana	be=o	rom	kobuu	ta-kopaa,H-1PL.IN.PRON	TM4	do	CONT	just	like	thither=1PL.IN.IPFV	PREP=ANA.SG	3.PRON=CONSEC	stop	altogether	when=ART3.SG	stem	kobuu.palm	ACAUS-cut.lengthwise,"`We will do it like this, until the stem of the \textit{kobuu} palm is cut open lengthwise.'",text_15_chapter_20_floor,21,teop1238,teop1238a,WORD_ALIGNED,"{""PL"": ""plural"", ""IN"": ""inclusive"", ""PRON"": ""Pronoun"", ""TM"": ""tense/modality"", ""CONT"": ""Continuity"", ""IPFV"": ""Imperfective"", ""PREP"": ""Preposition"", ""ANA"": ""Anaphoric Demonstrative"", ""SG"": ""singular"", ""CONSEC"": ""Consecutive"", ""ART"": ""Article"", ""ACAUS"": ""Anticausative""}"
teop1238a-text_15_chapter_20_floor-22,"Be kavara o hum kiu bona, eara repaa paku pete o hum vaa tea kopaa varutarutaa e.",be	kavara	o	hum	kiu	bona	e-ara	re=paa	paku	pete	o	hum	vaa	tea	kopaa	va-ruta{$\sim$}rutaa	e,when	finished	ART3.SG	part	work	ANA.SG	H-1PL.IN.PRON	CONSEC=TM3	do	subsequently	ART3.SG	part	LNK	COMPL1	cut.lengthwise	ADVR-RED{$\sim$}small	3SG.PRON,"`When this part of work is finished, we continue with the part of cutting it bit by bit lengthwise (into two halves).'",text_15_chapter_20_floor,22,teop1238,teop1238a,WORD_ALIGNED,"{""ART"": ""Article"", ""SG"": ""singular"", ""ANA"": ""Anaphoric Demonstrative"", ""PL"": ""plural"", ""IN"": ""inclusive"", ""PRON"": ""Pronoun"", ""CONSEC"": ""Consecutive"", ""TM"": ""tense/modality"", ""LNK"": ""Linker"", ""COMPL"": ""Complementizer"", ""ADVR"": ""Adverbializer"", ""RED"": ""reduplication""}"
teop1238a-text_15_chapter_20_floor-23,"A kiu bona sa beera vaha haana,",a	kiu	bona	sa	beera	vaha	haa=na,ART2.SG	work	ANA.SG	NEG1	big	again	NEG2=3SG.IPFV,"`This work is not big again,'",text_15_chapter_20_floor,23,teop1238,teop1238a,WORD_ALIGNED,"{""ART"": ""Article"", ""SG"": ""singular"", ""ANA"": ""Anaphoric Demonstrative"", ""NEG"": ""Negative"", ""IPFV"": ""Imperfective""}"
teop1238a-text_15_chapter_20_floor-24,na antee koana bona peha toraaraa.,na	antee	koa=na	bona	peha	toraaraa,TM2	need	only=3SG.IPFV	ART2.SG	one2.SG	axe,`(it) only needs one axe.',text_15_chapter_20_floor,24,teop1238,teop1238a,WORD_ALIGNED,"{""TM"": ""tense/modality"", ""SG"": ""singular"", ""IPFV"": ""Imperfective"", ""ART"": ""Article""}"
teop1238a-text_15_chapter_20_floor-25,"Beara kopaa varutarutaa bata rae, eara mee toro ipinoo batara a tatabonata bona bebeahu na kobisi kuriraara.",be=ara	kopaa	va-ruta{$\sim$}rutaa	bata	ra=e	e-ara	mee	toro	iponoo	bata=ra	a	tatabonata	bona	bebeahu	n=a	kubisi	kuri-raara,when=1PL.IN.PRON	cut.lengthwise	ADVR-RED{$\sim$}small	CONT	1PL.IN.IPFV=3SG.PRON	H-1PL.IN.PRON	also	TM7	measure	CONT=1PL.IN.IPFV	ART2.SG	width	OBJ.ART2.SG	length	3SG.POSS=ART2.SG	small.limb	hand-1PL.IN.POSS.PRON,"`While we are cutting it open lengthwise bit by bit, we must also measure the width with the length of our finger.'",text_15_chapter_20_floor,25,teop1238,teop1238a,WORD_ALIGNED,"{""PL"": ""plural"", ""IN"": ""inclusive"", ""PRON"": ""Pronoun"", ""ADVR"": ""Adverbializer"", ""RED"": ""reduplication"", ""CONT"": ""Continuity"", ""IPFV"": ""Imperfective"", ""SG"": ""singular"", ""TM"": ""tense/modality"", ""ART"": ""Article"", ""OBJ"": ""Object"", ""POSS"": ""Possessive Marker""}"
teop1238a-text_15_chapter_20_floor-26,"Be kavara a kiu bona, eara repaa tarataraha kahie bono ogana nae",be	kavara	a	kiu	bona	e-ara	re=paa	tara{$\sim$}taraha	kahi=e	bono	ogana	nae,when	finished	ART2.SG	work	ANA.SG	H-1PL.IN.PRON	CONSEC=TM3	RED{$\sim$}carve.off	from=3SG.PRON	OBJ.ART3.SG	soft.inside	3SG.POSS.PRON,"`When this work is finished, we carve its soft inside out'\footnote{lit. `we carve from it its inside'}",text_15_chapter_20_floor,26,teop1238,teop1238a,WORD_ALIGNED,"{""ART"": ""Article"", ""SG"": ""singular"", ""ANA"": ""Anaphoric Demonstrative"", ""PL"": ""plural"", ""IN"": ""inclusive"", ""PRON"": ""Pronoun"", ""CONSEC"": ""Consecutive"", ""TM"": ""tense/modality"", ""RED"": ""reduplication"", ""OBJ"": ""Object"", ""POSS"": ""Possessive Marker""}"
teop1238a-text_15_chapter_20_floor-27,"ae taraha taatagi koa amaa ta kobuu, ore paa kavara kou a kiu vaa teebona.",ae	taraha	taatagi	koa	a=maa	ta	kobuu	o=re	paa	kavara	kou	a	kiu	vaa	tee-bona,and1	carve.off	carefully	just	ART2.SG=PLM	piece	kobuu.palm	3.PRON=CONSEC	TM3	be.finished	EMPH2	ART2.SG	work	LNK	PREP-ANA.SG,"`and just carefully carve off some pieces of kobuu palm, and then indeed the work on it is finished.'",text_15_chapter_20_floor,27,teop1238,teop1238a,WORD_ALIGNED,"{""ART"": ""Article"", ""SG"": ""singular"", ""PLM"": ""Plural Marker"", ""PRON"": ""Pronoun"", ""CONSEC"": ""Consecutive"", ""TM"": ""tense/modality"", ""EMPH"": ""Emphatic"", ""LNK"": ""Linker"", ""PREP"": ""Preposition"", ""ANA"": ""Anaphoric Demonstrative""}"
teop1238a-text_15_chapter_20_floor-28,"A kiu vaa tea paku paranda a hihivaa,",a	kiu	vaa	tea	paku	paranda	a	hihivaa,ART2.SG	work	LNK	COMPL1	make	floor	ART2.SG	difficult,"`The work of making the floor is difficult,'",text_15_chapter_20_floor,28,teop1238,teop1238a,WORD_ALIGNED,"{""ART"": ""Article"", ""SG"": ""singular"", ""LNK"": ""Linker"", ""COMPL"": ""Complementizer""}"
teop1238a-text_15_chapter_20_floor-29,"eikou o kobuu o taba kikis, ei mee vaaponis rakaha nana bona kiu bona.",ei~kou	o	kobuu	o	taba	kikis	ei	mee	vaa-ponis	rakaha	nana	bona	kiu	bona,because	ART3.SG	kobuu.palm	ART3.SG	thing	hard	DEM2	also	CAUS-heavy	very	3SG.IPFV	OBJ.ART2.SG	work	ANA.SG,"`because the kobuu palm is a hard thing, and this also makes this work very heavy.'",text_15_chapter_20_floor,29,teop1238,teop1238a,WORD_ALIGNED,"{""ART"": ""Article"", ""SG"": ""singular"", ""DEM"": ""Demonstrative"", ""CAUS"": ""Causative"", ""IPFV"": ""Imperfective"", ""OBJ"": ""Object"", ""ANA"": ""Anaphoric Demonstrative""}"
teop1238a-text_15_chapter_20_floor-30,"Ei, eara deedee voosu vai, are paa no vaobete e tea inu, ore paa tavus paranda.",ei	e-ara	dee{$\sim$}dee	voosu	vai	a=re	paa	no	va-obete	e	te=a	inu	o=re	paa	tavus	paranda,DEM2	H-1PL.IN.PRON	RED{$\sim$}carry	come.home	now	1PL.IN.PRON=CONSEC	TM3	go	CAUS-lie	3SG.PRON	PREP=ART2.SG	house	3.PRON=CONSEC	TM3	become	floor,"`Now, we carry it home, then we make it lie in the house, so that it becomes a floor.'",text_15_chapter_20_floor,30,teop1238,teop1238a,WORD_ALIGNED,"{""DEM"": ""Demonstrative"", ""PL"": ""plural"", ""IN"": ""inclusive"", ""PRON"": ""Pronoun"", ""RED"": ""reduplication"", ""CONSEC"": ""Consecutive"", ""TM"": ""tense/modality"", ""CAUS"": ""Causative"", ""SG"": ""singular"", ""PREP"": ""Preposition"", ""ART"": ""Article""}"
teop1238a-text_16_chapter_22_indigenous_canoe-1,O sinivi suuna,o	sinivi	suuna,ART3.SG	canoe	indigneous,`The indigenous canoe',text_16_chapter_22_indigenous_canoe,1,teop1238,teop1238a,WORD_ALIGNED,"{""ART"": ""Article"", ""SG"": ""singular""}"
teop1238a-text_16_chapter_22_indigenous_canoe-2,O matapaku no sinivi suuna na kao vonaen:,o	matapaku	n=o	sinivi	suuna	na	kao	vo=na=en,ART3.SG	method.of.making	3SG.POSS=ART3.sg	canoe	indigneous	TM2	go	like=3SG.IPFV=DEM3,`The method of making an indigenous canoe is as follows:',text_16_chapter_22_indigenous_canoe,2,teop1238,teop1238a,WORD_ALIGNED,"{""ART"": ""Article"", ""SG"": ""singular"", ""POSS"": ""Possessive Marker"", ""TM"": ""tense/modality"", ""IPFV"": ""Imperfective"", ""DEM"": ""Demonstrative""}"
teop1238a-text_16_chapter_22_indigenous_canoe-3,"Eara na hopo rara rasuu to tei nana o naono,",e-ara	na	hopo	rara	rasuu	to	tei	nana	o	naono,H-1PL.IN.PRON	TM2	enter	1PL.IN.IPFV	jungle	REL	be.there	3SG.IPFV	ART3.SG	tree,`We go into the jungle where the tree is.',text_16_chapter_22_indigenous_canoe,3,teop1238,teop1238a,WORD_ALIGNED,"{""PL"": ""plural"", ""IN"": ""inclusive"", ""PRON"": ""Pronoun"", ""TM"": ""tense/modality"", ""IPFV"": ""Imperfective"", ""REL"": ""Relative"", ""SG"": ""singular"", ""ART"": ""Article""}"
teop1238a-text_16_chapter_22_indigenous_canoe-4,eara repaa sisira o naono havee toro busu voe beara tagava e.,e-ara	re=paa	siisira	o	naono	havee	toro	busu	vo=e	be=ara	tagava	e,H-1PL.IN.PRON	CONSEC=TM3	examine	ART3.SG	tree	where	TM7	fall.down	GOAL=3SG.PRON	when=1PL.IN.PRON	fell	3SG.PRON,"`then we examine where the tree should fall down when we fell it.'\footnote{lit. `then we examine the tree where it should fall down, ...'}",text_16_chapter_22_indigenous_canoe,4,teop1238,teop1238a,WORD_ALIGNED,"{""PL"": ""plural"", ""IN"": ""inclusive"", ""PRON"": ""Pronoun"", ""CONSEC"": ""Consecutive"", ""TM"": ""tense/modality"", ""ART"": ""Article"", ""SG"": ""singular"", ""GOAL"": ""goal""}"
teop1238a-text_16_chapter_22_indigenous_canoe-5,Eara repaa hanakahi vamataa nie.,e-ara	re=paa	hanakahi	va-mataa	ni=e,H-1PL.IN.PRON	CONSEC=TM3	weed.a.place	ADVR-good	APPL=3SG.PRON,`We clean the undergrowth well for it.',text_16_chapter_22_indigenous_canoe,5,teop1238,teop1238a,WORD_ALIGNED,"{""PL"": ""plural"", ""IN"": ""inclusive"", ""PRON"": ""Pronoun"", ""CONSEC"": ""Consecutive"", ""TM"": ""tense/modality"", ""ADVR"": ""Adverbializer"", ""APPL"": ""Applicative Particle"", ""SG"": ""singular""}"
teop1238a-text_16_chapter_22_indigenous_canoe-6,"Be kuu gunaha, eara repaa ipono e, ei teo manin tea otei vai to pasi paku nana bono sinivi.",be	kuu	gunaha	e-ara	re=paa	ipono	e	ei	te=o	manin	te=a	otei	vai	to	pasi	paku	nana	bono	sinivi,when	fall	go.down	H-1PL.IN.PRON	CONSEC=TM3	measure	3SG.PRON	DEM2	PREP=ART3.SG	wish	PREP=ART2.SG	man	DEM6	REL	TM4	make	3SG.IPFV	OBJ.ART3.SG	canoe,"`When (the tree) has fallen down, we measure it according to the wish of the man who will make the canoe.'",text_16_chapter_22_indigenous_canoe,6,teop1238,teop1238a,WORD_ALIGNED,"{""PL"": ""plural"", ""IN"": ""inclusive"", ""PRON"": ""Pronoun"", ""CONSEC"": ""Consecutive"", ""TM"": ""tense/modality"", ""SG"": ""singular"", ""DEM"": ""Demonstrative"", ""PREP"": ""Preposition"", ""ART"": ""Article"", ""REL"": ""Relative"", ""IPFV"": ""Imperfective"", ""OBJ"": ""Object""}"
teop1238a-text_16_chapter_22_indigenous_canoe-7,"O ipinoo he na paku raara bona bebeahu na kuriraara, evehe ei kou ei, eara toro siisira vamataa o naono,",o	iponoo	he	na	paku	ra=ara	bona	bebeahu	n=a	kuri-raara	evehe	ei	kou	ei	e-ara	toro	siisira	va-mataa	o	naono,ART3.SG	measurement	ADVERS	TM2	make	1PL.IN.PL.IPFV=1PL.IN.PL.PRON	OBJ.ART2.SG	length	3SG.POSS=ART2.SG	arm-1PL.IN.POSS.PRON	while	DEM2	EMPH2	DEM2	H-1PL.IN.PRON	TM7	examine	ADVR-good	ART3.SG	tree,"`The measurement we take with the length of our arm, while at the same time we must thoroughly examine the tree,'",text_16_chapter_22_indigenous_canoe,7,teop1238,teop1238a,WORD_ALIGNED,"{""ART"": ""Article"", ""SG"": ""singular"", ""ADVERS"": ""Adversative Conjunction"", ""TM"": ""tense/modality"", ""PL"": ""plural"", ""IN"": ""inclusive"", ""IPFV"": ""Imperfective"", ""PRON"": ""Pronoun"", ""OBJ"": ""Object"", ""POSS"": ""Possessive Marker"", ""DEM"": ""Demonstrative"", ""EMPH"": ""Emphatic"", ""ADVR"": ""Adverbializer""}"
teop1238a-text_16_chapter_22_indigenous_canoe-8,eara mene mosi vahoara o hum vai o vageegeno ge to tanove nana.,e-ara	mene	mosi	vahoara	o	hum	vai	o	vagegenoo	ge	to	tanove	nana,H-1PL.IN.PRON	TM6	cut	accidentally	ART3.SG	part	DEM6	ART3.SG	crooked	or	REL	bulky	3SG.IPFV,`so that we won't accidentally cut a crooked part or (a part) that is bulky.',text_16_chapter_22_indigenous_canoe,8,teop1238,teop1238a,WORD_ALIGNED,"{""PL"": ""plural"", ""IN"": ""inclusive"", ""PRON"": ""Pronoun"", ""TM"": ""tense/modality"", ""ART"": ""Article"", ""SG"": ""singular"", ""DEM"": ""Demonstrative"", ""REL"": ""Relative"", ""IPFV"": ""Imperfective""}"
teop1238a-text_16_chapter_22_indigenous_canoe-9,"Be kavara o hum kiu bona, eara repaa vaobete vamataa e.",be	kavara	o	hum	kiu	bona	e-ara	re=paa	va-obete	va-mataa	e,when	finished	ART3.SG	part	work	ANA.SG	H-1PL.IN.PRON	CONSEC=TM3	CAUS-lie	CAUS-good	3SG.PRON,"`When this part of work is finished, we lay it properly down.'",text_16_chapter_22_indigenous_canoe,9,teop1238,teop1238a,WORD_ALIGNED,"{""ART"": ""Article"", ""SG"": ""singular"", ""ANA"": ""Anaphoric Demonstrative"", ""PL"": ""plural"", ""IN"": ""inclusive"", ""PRON"": ""Pronoun"", ""CONSEC"": ""Consecutive"", ""TM"": ""tense/modality"", ""CAUS"": ""Causative""}"
teop1238a-text_16_chapter_22_indigenous_canoe-10,"Murinae eara repaa poana mae,",muri-nae	e-ara	re=paa	poana	ma=e,after-3SG.POSS.PRON	H-1PL.IN.PRON	CONSEC=TM3	slice.off.upper.part	hither=3SG.PRON,"`After that we slice its upper part off (the log),'",text_16_chapter_22_indigenous_canoe,10,teop1238,teop1238a,WORD_ALIGNED,"{""SG"": ""singular"", ""POSS"": ""Possessive Marker"", ""PRON"": ""Pronoun"", ""PL"": ""plural"", ""IN"": ""inclusive"", ""CONSEC"": ""Consecutive"", ""TM"": ""tense/modality""}"
teop1238a-text_16_chapter_22_indigenous_canoe-11,eara repaa paku pete a kiu vaa tea papaesi.,e-ara	re=paa	paku	pete	a	kiu	vaa	tea	papaesi,H-1PL.IN.PRON	CONSEC=TM3	do	subsequently	ART2.SG	work	LNK	COMPL1	cut.the.sides,`then we do the next work of cutting the sides into shape.',text_16_chapter_22_indigenous_canoe,11,teop1238,teop1238a,WORD_ALIGNED,"{""PL"": ""plural"", ""IN"": ""inclusive"", ""PRON"": ""Pronoun"", ""CONSEC"": ""Consecutive"", ""TM"": ""tense/modality"", ""ART"": ""Article"", ""SG"": ""singular"", ""LNK"": ""Linker"", ""COMPL"": ""Complementizer""}"
teop1238a-text_16_chapter_22_indigenous_canoe-12,"Beara papaes vakavara, eara repaa vahio vamataa vahabana e",beara	papaes	va-kavara	e-ara	re=paa	va-hio	va-mataa	vahabana	e,when.1PL.IN.PRON	cut.the.sides	ADVR-complete	H-1PL.IN.PRON	CONSEC=TM3	CAUS-sit	ADVR-good	again	3SG.PRON,"`When we have finished cutting the sides, we place it properly again,'",text_16_chapter_22_indigenous_canoe,12,teop1238,teop1238a,WORD_ALIGNED,"{""PL"": ""plural"", ""IN"": ""inclusive"", ""PRON"": ""Pronoun"", ""ADVR"": ""Adverbializer"", ""CONSEC"": ""Consecutive"", ""TM"": ""tense/modality"", ""CAUS"": ""Causative"", ""SG"": ""singular""}"
teop1238a-text_16_chapter_22_indigenous_canoe-13,eara repaa taneo tea kepo.,e-ara	re=paa	taneo	tea	kepo,H-1PL.IN.PRON	CONSEC=TM3	start	COMPL1	carve,`then we start carving.',text_16_chapter_22_indigenous_canoe,13,teop1238,teop1238a,WORD_ALIGNED,"{""PL"": ""plural"", ""IN"": ""inclusive"", ""PRON"": ""Pronoun"", ""CONSEC"": ""Consecutive"", ""TM"": ""tense/modality"", ""COMPL"": ""Complementizer""}"
teop1238a-text_16_chapter_22_indigenous_canoe-14,"Kepo, are kepo, beara kepo ae mosi gunagunaha vaantee bata maara o ipinoo ge o manin tea too vaahito no sinivi.",kepo	a=re	kepo	be=ara	kepo	ae	mosi	guna{$\sim$}gunaha	va-antee	bata	maa=ra	o	ipinoo	ge	o	manin	te=a	too	vaahito	n=o	sinivi,carve	1PL.IN.PRON=CONSEC	carve	when=1PL.IN.PRON	carve	and1	cut	RED{$\sim$}go.down	ADVR-reach	CONT	hither=1PL.IN.IPFV	ART3.SG	measurement	or	ART3.SG	wish	PREP=ART2.SG	person	own	3SG.POSS=ART3.SG	canoe,"`Carve, then we carve, while we are carving and cutting downwards according to the measurement or the wish of the owner of the canoe.'",text_16_chapter_22_indigenous_canoe,14,teop1238,teop1238a,WORD_ALIGNED,"{""PL"": ""plural"", ""IN"": ""inclusive"", ""PRON"": ""Pronoun"", ""CONSEC"": ""Consecutive"", ""RED"": ""reduplication"", ""ADVR"": ""Adverbializer"", ""CONT"": ""Continuity"", ""IPFV"": ""Imperfective"", ""ART"": ""Article"", ""SG"": ""singular"", ""PREP"": ""Preposition"", ""POSS"": ""Possessive Marker""}"
teop1238a-text_16_chapter_22_indigenous_canoe-15,"Murina maa taba vaarii, eara repaa vaakopo e.",muri-n=a	maa	taba	vaarii	e-ara	re=paa	vaakopo	e,back-3SG.POSS=ART2.SG	PLM	thing	DEM6.PL	H-1PL.IN.PRON	CONSEC=TM3	turn.upside.down	3SG.PRON,`After these things we turn it (the canoe) upside down.',text_16_chapter_22_indigenous_canoe,15,teop1238,teop1238a,WORD_ALIGNED,"{""SG"": ""singular"", ""POSS"": ""Possessive Marker"", ""ART"": ""Article"", ""PLM"": ""Plural Marker"", ""DEM"": ""Demonstrative"", ""PL"": ""plural"", ""IN"": ""inclusive"", ""PRON"": ""Pronoun"", ""CONSEC"": ""Consecutive"", ""TM"": ""tense/modality""}"
teop1238a-text_16_chapter_22_indigenous_canoe-16,Eara repaa paku mana maa a bua govara vaa matana ae vaa itao.,e-ara	re=paa	paku	mana	maa	a	bua	govara	vaa	mata-na	ae	vaa-itao,H-1PL.IN.PRON	CONSEC=TM3	make	eventually	hither	ART2.SG	two2.SG	pointed.end	LNK	front-DEREL	and1	LNK-stern,`Then we eventually make the two pointed ends at the bow and at the stern.',text_16_chapter_22_indigenous_canoe,16,teop1238,teop1238a,WORD_ALIGNED,"{""PL"": ""plural"", ""IN"": ""inclusive"", ""PRON"": ""Pronoun"", ""CONSEC"": ""Consecutive"", ""TM"": ""tense/modality"", ""ART"": ""Article"", ""SG"": ""singular"", ""LNK"": ""Linker"", ""DEREL"": ""Derelational""}"
teop1238a-text_16_chapter_22_indigenous_canoe-17,"Beara paku vakavara a bua govara, o sinivi kou tavusu vai ei.",be=ara	paku	va-kavara	a	bua	govara	o	sinivi	kou	tavusu	vai	ei,when=1PL.IN.PRON	do	ADVR-complete	ART2.SG	two2.SG	pointed.end	ART3.SG	canoe	EMPH2	come.out	now	DEM2,"`When we have done the two pointed ends, the canoe is taking shape now.'\footnote{lit. `..., the canoe comes out now.'}",text_16_chapter_22_indigenous_canoe,17,teop1238,teop1238a,WORD_ALIGNED,"{""PL"": ""plural"", ""IN"": ""inclusive"", ""PRON"": ""Pronoun"", ""ADVR"": ""Adverbializer"", ""ART"": ""Article"", ""SG"": ""singular"", ""EMPH"": ""Emphatic"", ""DEM"": ""Demonstrative""}"
teop1238a-text_16_chapter_22_indigenous_canoe-18,"Be kavara, eara repaa paku pete a mosi na taeno sinivi, o hum to kahi hiohio ni nae o sinivi.",be	kavara	e-ara	re=paa	paku	pete	a	mosi	n=a	tae-n=o	sinivi	o	hum	to	kahi	hio{$\sim$}hio	ni	nae	o	sinivi,when	finished	H-1PL.IN.PRON	CONSEC=TM3	do	subsequently	ART2.SG	cut	3SG.POSS=ART2.SG	bottom-3SG.POSS=ART3.SG	canoe	ART3.SG	part	REL	TM1	RED{$\sim$}sit	APPL	3SG.IPFV	ART3.SG	canoe,"`When (this is) finished, we do the cutting of the bottom of the canoe, the part on which the canoe will sit.'",text_16_chapter_22_indigenous_canoe,18,teop1238,teop1238a,WORD_ALIGNED,"{""PL"": ""plural"", ""IN"": ""inclusive"", ""PRON"": ""Pronoun"", ""CONSEC"": ""Consecutive"", ""TM"": ""tense/modality"", ""ART"": ""Article"", ""SG"": ""singular"", ""POSS"": ""Possessive Marker"", ""REL"": ""Relative"", ""RED"": ""reduplication"", ""APPL"": ""Applicative Particle"", ""IPFV"": ""Imperfective""}"
teop1238a-text_16_chapter_22_indigenous_canoe-19,"Murina mosi bona, eara repaa paku pete a meha papaesi.",muri-n=a	mosi	bona	e-ara	re=paa	paku	pete	a	meha	papaesi,back-3SG.POSS=ART2.SG	cut	ANA.SG	H-1PL.IN.PRON	CONSEC=TM3	do	subsequently	ART2.SG	other2.SG	cut.the.sides,"`After this cut, we do another cut along the sides of the canoe.'",text_16_chapter_22_indigenous_canoe,19,teop1238,teop1238a,WORD_ALIGNED,"{""SG"": ""singular"", ""POSS"": ""Possessive Marker"", ""ART"": ""Article"", ""ANA"": ""Anaphoric Demonstrative"", ""PL"": ""plural"", ""IN"": ""inclusive"", ""PRON"": ""Pronoun"", ""CONSEC"": ""Consecutive"", ""TM"": ""tense/modality""}"
teop1238a-text_16_chapter_22_indigenous_canoe-20,A papaesi bona to kahi sue bata ka nom araara havee toro mosi kaakoo ara.,a	papaesi	bona	to	kahi	sue	bata	k=a=nom	araara	havee	toro	mosi	kaakoo	ara,ART2.SG	cut.the.sides	ANA.SG	REL	TM1	tell	CONT	DAT=OBJM=IPFV	1PL.IN.OBJ.PRON	where	TM7	cut	go.to	1PL.IN.PRON,`This cut along the sides will tell us where we must cut.'\footnote{lit. `This cut ... is what will tell us ...'},text_16_chapter_22_indigenous_canoe,20,teop1238,teop1238a,WORD_ALIGNED,"{""ART"": ""Article"", ""SG"": ""singular"", ""ANA"": ""Anaphoric Demonstrative"", ""REL"": ""Relative"", ""TM"": ""tense/modality"", ""CONT"": ""Continuity"", ""DAT"": ""Dative"", ""OBJM"": ""Object Marker"", ""IPFV"": ""Imperfective"", ""PL"": ""plural"", ""IN"": ""inclusive"", ""OBJ"": ""Object"", ""PRON"": ""Pronoun""}"
teop1238a-text_16_chapter_22_indigenous_canoe-21,"Teo vuri beara mosi suusuku bata maara amaa papaes vai, eara mee na taatagi bata maara a bua govara, vaa matana ae teo itao.",te=o	vuri	be=ara	mosi	suu{$\sim$}suku	bata	maa=ra	a=maa	papaes	vai	e-ara	mee	na	taatagi	bata	maa=ra	a	bua	govara	vaa	matana	ae	te=o	itao,PREP=ART3.SG	time	when=1PL.IN.PRON	cut	RED{$\sim$}follow	CONT	hither=1PL.IN.IPFV	ART2.SG=PLM	cut.sides	DEM6	H-1PL.IN.PRON	also	TM2	get.into.shape	CONT	hither=1PL.IN.IPFV	ART2.SG	two2.SG	pointed.end	LNK	front=DEREL	and1	PREP=ART3.SG	stern,"`When we do the (next) cuts along these cuts on the sides, we are also getting the two pointed ends at the bow and the stern into shape.'\footnote{lit. `At the time when we cut following these cuts on the sides, ...'}",text_16_chapter_22_indigenous_canoe,21,teop1238,teop1238a,WORD_ALIGNED,"{""PREP"": ""Preposition"", ""ART"": ""Article"", ""SG"": ""singular"", ""PL"": ""plural"", ""IN"": ""inclusive"", ""PRON"": ""Pronoun"", ""RED"": ""reduplication"", ""CONT"": ""Continuity"", ""IPFV"": ""Imperfective"", ""PLM"": ""Plural Marker"", ""DEM"": ""Demonstrative"", ""TM"": ""tense/modality"", ""LNK"": ""Linker"", ""DEREL"": ""Derelational""}"
teop1238a-text_16_chapter_22_indigenous_canoe-22,"Be kavara, eara repaa verete vahaa o sinivi are paa taneo tea koro a komano sinivi.",be	kavara	e-ara	re=paa	verete	vahaa	o	sinivi	a=re	paa	taneo	tea	koro	a	koma-n=o	sinivi,when	finished	H-1PL.IN.PRON	CONSEC=TM3	turn	again	ART3.SG	canoe	1PL.IN.PRON=CONSEC	TM3	start	COMPL1	cut.out	ART2.SG	inside-3SG.POSS=ART3.SG	canoe,"`When (this is) finished, we turn the canoe over again and then start cutting out the inside of the canoe.'",text_16_chapter_22_indigenous_canoe,22,teop1238,teop1238a,WORD_ALIGNED,"{""PL"": ""plural"", ""IN"": ""inclusive"", ""PRON"": ""Pronoun"", ""CONSEC"": ""Consecutive"", ""TM"": ""tense/modality"", ""ART"": ""Article"", ""SG"": ""singular"", ""COMPL"": ""Complementizer"", ""POSS"": ""Possessive Marker""}"
teop1238a-text_16_chapter_22_indigenous_canoe-23,A maamihu kiu vai na paku vaagum ni raara.,a	maamihu	kiu	vai	na	paku	vaagum	ni	ra=ara,ART2.SG	all.sorts.of	work	DEM6	TM2	do	group	APPL	1PL.IN.PL.IPFV=1PL.IN.PL.PRON,"`All these various kinds of work, we do in a group.'",text_16_chapter_22_indigenous_canoe,23,teop1238,teop1238a,WORD_ALIGNED,"{""ART"": ""Article"", ""SG"": ""singular"", ""DEM"": ""Demonstrative"", ""TM"": ""tense/modality"", ""APPL"": ""Applicative Particle"", ""PL"": ""plural"", ""IN"": ""inclusive"", ""IPFV"": ""Imperfective"", ""PRON"": ""Pronoun""}"
teop1238a-text_16_chapter_22_indigenous_canoe-24,"Beara koro vaantee a rahi voosu, o vaagum vai repaa pahin rahi voosu bari.",beara	koro	va-antee	a	rahi	voosu	o	vaagum	vai	re=paa	pahin	rahi	voosu	bari,when.1PL.IN.PRON	cut.out	CAUS-enough.for	ART2.SG	pull	go.home	ART3.SG	group	DEM6	CONSEC=TM3	immediately	pull	go.home	4PL.PRON,"`When we have cut out enough for pulling (the canoe) home, this group will immediately pull it home.'",text_16_chapter_22_indigenous_canoe,24,teop1238,teop1238a,WORD_ALIGNED,"{""PL"": ""plural"", ""IN"": ""inclusive"", ""PRON"": ""Pronoun"", ""CAUS"": ""Causative"", ""ART"": ""Article"", ""SG"": ""singular"", ""DEM"": ""Demonstrative"", ""CONSEC"": ""Consecutive"", ""TM"": ""tense/modality""}"
teop1238a-text_16_chapter_22_indigenous_canoe-25,"Beo sinivi suguna vaan, a too vaahito kou paku komana vai bona maa vagegeana kiu vai,",be=o	sinivi	suguna	vaan	a	too	vaahito	kou	paku	komana	vai	bona	maa	vagegeana	kiu	vai,when=ART3.SG	canoe	arrive	village	ART2.SG	person	owner	EMPH2	do	self	now	ART2.SG	PLM	last	work	DEM6,"`When the canoe arrives in the village, the owner does the last oieces of work himself,'\footnote{lit. `... the last works ...'}",text_16_chapter_22_indigenous_canoe,25,teop1238,teop1238a,WORD_ALIGNED,"{""ART"": ""Article"", ""SG"": ""singular"", ""EMPH"": ""Emphatic"", ""PLM"": ""Plural Marker"", ""DEM"": ""Demonstrative""}"
teop1238a-text_16_chapter_22_indigenous_canoe-26,a vaamono ae koro vagegeana bona komano sinivi.,a	vaamono	ae	koro	vagegeana	bona	koma-n=o	sinivi,a	cut.out.more.wood	and1	cut.out	for.the.last.time	OBJ.ART2.SG	inside-3SG.POSS=ART3.SG	canoe,`cutting more wood out and doing the last bits of cutting out the inside of the canoe.',text_16_chapter_22_indigenous_canoe,26,teop1238,teop1238a,WORD_ALIGNED,"{""OBJ"": ""Object"", ""ART"": ""Article"", ""SG"": ""singular"", ""POSS"": ""Possessive Marker""}"
teop1238a-text_16_chapter_22_indigenous_canoe-27,"Tea taatagi bona suin no sinivi, toro pakue bona vanaa",tea	taatagi	bono	suin	no	sinivi	toro	paku=e	bona	vanaa,COMPL1	get.ready	OBJ.ART3.SG	body	3SG.POSS=ART3.SG	canoe	TM7	do=3SG.PRON	OBJ.ART2.SG	plane,"`To get the body of the canoe ready, he must do it with the plane'",text_16_chapter_22_indigenous_canoe,27,teop1238,teop1238a,WORD_ALIGNED,"{""COMPL"": ""Complementizer"", ""OBJ"": ""Object"", ""ART"": ""Article"", ""SG"": ""singular"", ""POSS"": ""Possessive Marker"", ""TM"": ""tense/modality"", ""PRON"": ""Pronoun""}"
teop1238a-text_16_chapter_22_indigenous_canoe-28,ae toro taatagi bona komano sinivi bona koro.,ae	toro	taatagi	bona	koma-n=o	sinivi	bona	koro,and1	TM7	get.ready	OBJ.ART2.SG	inside-3SG.POSS=ART3.SG	canoe	OBJ.ART2.SG	gouging.tool,`and must get the inside of the canoe into shape with the gouging tool.',text_16_chapter_22_indigenous_canoe,28,teop1238,teop1238a,WORD_ALIGNED,"{""TM"": ""tense/modality"", ""OBJ"": ""Object"", ""ART"": ""Article"", ""SG"": ""singular"", ""POSS"": ""Possessive Marker""}"
teop1238a-text_16_chapter_22_indigenous_canoe-29,"Be kavara, ore paa vaobete vaavaha bono sinivi kahi bona roava ae a huan be ihuana koana bono bon pam.",be	kavara	o=re	paa	va-obete	vaavaha	bono	sinivi	kahi	bona	roava	ae	a	huan	be	ihuana	koa=na	bono	bon	pam,when	finished	3.PRON=CONSEC	TM3	CAUS-lie	separate	OBJ.ART3.SG	canoe	away.from	OBJ.ART2.SG	sun	and1	ART2.SG	rain	while	wait	just=3SG.IPFV	OBJ.ART3.SG	day	lash,"`When this is finished, he puts the canoe away from the sun and the rain, while waiting for the day of lashing the outrigger to the canoe.'",text_16_chapter_22_indigenous_canoe,29,teop1238,teop1238a,WORD_ALIGNED,"{""PRON"": ""Pronoun"", ""CONSEC"": ""Consecutive"", ""TM"": ""tense/modality"", ""CAUS"": ""Causative"", ""OBJ"": ""Object"", ""ART"": ""Article"", ""SG"": ""singular"", ""IPFV"": ""Imperfective""}"
teop1238a-text_17_chapter_23_float-1,Kopihoo,kopihoo,kopihoo.tree,`Kopihoo tree',text_17_chapter_23_float,1,teop1238,teop1238a,WORD_ALIGNED,{}
teop1238a-text_17_chapter_23_float-2,O naono vai o kopihoo na paku riori bono aga no sinivi.,o	naono	vai	o	kopihoo	na	paku	ri=ori	bono	aga	n=o	sinivi,ART3.SG	tree	DEM6	ART3.SG	kopihoo.tree	TM2	make	3PL.IPFV=3PL.PRON	OBJ.ART3.SG	float	3SG.POSS=ART3.SG	canoe,`The \textit{kopihoo} tree is used for making the float of the outrigger canoe.',text_17_chapter_23_float,2,teop1238,teop1238a,WORD_ALIGNED,"{""ART"": ""Article"", ""SG"": ""singular"", ""DEM"": ""Demonstrative"", ""TM"": ""tense/modality"", ""PL"": ""plural"", ""IPFV"": ""Imperfective"", ""PRON"": ""Pronoun"", ""OBJ"": ""Object"", ""POSS"": ""Possessive Marker""}"
teop1238a-text_17_chapter_23_float-3,"A abana na mosi maari bono kopihoo vai o totobin, ore paa hihi maa bari rasuu, ore paa dee tavus vo hanana.",a	abana	na	mosi	maa=ri	bono	kopihoo	vai	o	totobin	o=re	paa	hihi	maa	bari	rasuu	o=re	paa	dee	tavus	vo	hanana,ART2.SG	men	TM2	cut	hither=3PL.IPFV	OBJ.ART3.SG	kopiho	DEM6	ART3.SG	straight	3.PRON=CONSEC	TM3	remove.bark	hither	4PL.PRON	jungle	3.PRON=CONSEC	TM3	carry	go.out	GOAL	trail,"`The men cut a straight \textit{kopihoo} tree, then they remove its bark in the jungle and carry it out of the jungle to the trail.'",text_17_chapter_23_float,3,teop1238,teop1238a,WORD_ALIGNED,"{""ART"": ""Article"", ""SG"": ""singular"", ""TM"": ""tense/modality"", ""PL"": ""plural"", ""IPFV"": ""Imperfective"", ""OBJ"": ""Object"", ""DEM"": ""Demonstrative"", ""PRON"": ""Pronoun"", ""CONSEC"": ""Consecutive"", ""GOAL"": ""goal""}"
teop1238a-text_17_chapter_23_float-4,"Vaasun vai ori, ore paa raka.",vaa-sun	vai	ori	o=re	paa	raka,CAUS-stand	now	3PL.PRON	3.PRON=CONSEC	TM3	dry,`They stand it up there to dry.',text_17_chapter_23_float,4,teop1238,teop1238a,WORD_ALIGNED,"{""CAUS"": ""Causative"", ""PL"": ""plural"", ""PRON"": ""Pronoun"", ""CONSEC"": ""Consecutive"", ""TM"": ""tense/modality""}"
teop1238a-text_17_chapter_23_float-5,"Be raka, ore paa dee voosu maa bari,",be	raka	o=re	paa	dee	voosu	maa	bari,when	dry	3.PRON=CONSEC	TM3	carry	go.home	hither	4PL.PRON,"`When it is dry, they carry it home,'",text_17_chapter_23_float,5,teop1238,teop1238a,WORD_ALIGNED,"{""PRON"": ""Pronoun"", ""CONSEC"": ""Consecutive"", ""TM"": ""tense/modality"", ""PL"": ""plural""}"
teop1238a-text_17_chapter_23_float-6,ore paa ma taraha bona ihu no kopihoo.,o=re	paa	ma	taraha	bona	ihu	n=o	kopihoo,3.PRON=CONSEC	TM3	come	plane.surface	OBJ.ART2.SG	nose	3SG.POSS=ART3.SG	kopihoo.tree,`and plane the surface of the nose of the \textit{kopihoo} log.',text_17_chapter_23_float,6,teop1238,teop1238a,WORD_ALIGNED,"{""PRON"": ""Pronoun"", ""CONSEC"": ""Consecutive"", ""TM"": ""tense/modality"", ""OBJ"": ""Object"", ""ART"": ""Article"", ""SG"": ""singular"", ""POSS"": ""Possessive Marker""}"
teop1238a-text_17_chapter_23_float-7,Ore paa taraha bona meha papana.,o=re	paa	taraha	bona	meha	papana,3.PRON=CONSEC	TM3	plane.the.surface	OBJ.ART2.SG	other2.SG	side,`Then they plane the surface of the other side.',text_17_chapter_23_float,7,teop1238,teop1238a,WORD_ALIGNED,"{""PRON"": ""Pronoun"", ""CONSEC"": ""Consecutive"", ""TM"": ""tense/modality"", ""OBJ"": ""Object"", ""ART"": ""Article"", ""SG"": ""singular""}"
teop1238a-text_17_chapter_23_float-8,"Be kavara, ore paa asi ni bono buo ihu aga ore tara vamataa.",be	kavara	o=re	paa	asi	ni	bono	buo	ihu	aga	o=re	tara	va-mataa,when	finished	3.PRON=CONSEC	TM3	singe	APPL	OBJ.ART3.SG	two3.SG	nose	float	3.PRON=CONSEC	look	ADVR-good,"`After that, they singe the two noses of the float to look beautiful.'",text_17_chapter_23_float,8,teop1238,teop1238a,WORD_ALIGNED,"{""PRON"": ""Pronoun"", ""CONSEC"": ""Consecutive"", ""TM"": ""tense/modality"", ""APPL"": ""Applicative Particle"", ""OBJ"": ""Object"", ""ART"": ""Article"", ""SG"": ""singular"", ""ADVR"": ""Adverbializer""}"
teop1238a-text_17_chapter_23_float-9,Bea abana pampamu vakavara ore paa tapa ni bono aga teo sinivi.,be=a	abana	pam{$\sim$}pamu	va-kavara	o=re	paa	tapa	ni	bono	aga	te=o	sinivi,when=ART2.SG	men	RED{$\sim$}lash	ADVR-complete	3.PRON=CONSEC	TM3	fix	APPL	OBJ.ART3.SG	float	PREP=ART3.SG	canoe,"`When the men have done the lashing (i.e. have lashed the outrigger boom to the canoe), they fix the float to (the outrigger boom of) the canoe.'",text_17_chapter_23_float,9,teop1238,teop1238a,WORD_ALIGNED,"{""ART"": ""Article"", ""SG"": ""singular"", ""RED"": ""reduplication"", ""ADVR"": ""Adverbializer"", ""PRON"": ""Pronoun"", ""CONSEC"": ""Consecutive"", ""TM"": ""tense/modality"", ""APPL"": ""Applicative Particle"", ""OBJ"": ""Object"", ""PREP"": ""Preposition""}"
teop1238a-text_17_chapter_23_float-10,O buo naono vai to tapa aga ni raara ei o kopihoo bara o roge.,o	buo	naono	vai	to	tapa	aga	ni	ra=ara	ei	o	kopihoo	bara	o	roge,ART3.SG	two3.SG	tree	DEM6	REL	build	float	APPL	1PL.IN.IPFV=1PL.IN.PRON	DEM2	ART3.SG	kopihoo.tree	and2	ART3.SG	coastal.hibiscus,"`The two trees that we build floats from, these are the \textit{kopihoo} tree and the coastal hibiscus.'",text_17_chapter_23_float,10,teop1238,teop1238a,WORD_ALIGNED,"{""ART"": ""Article"", ""SG"": ""singular"", ""DEM"": ""Demonstrative"", ""REL"": ""Relative"", ""APPL"": ""Applicative Particle"", ""PL"": ""plural"", ""IN"": ""inclusive"", ""IPFV"": ""Imperfective"", ""PRON"": ""Pronoun""}"
teop1238a-text_18_chapter_24_potee_canoe-1,O sinivi potee,o	sinivi	potee,ART3.SG	canoe	potee.canoe,`The \textit{potee} canoe',text_18_chapter_24_potee_canoe,1,teop1238,teop1238a,WORD_ALIGNED,"{""ART"": ""Article"", ""SG"": ""singular""}"
teop1238a-text_18_chapter_24_potee_canoe-2,O potee o meho kaku sinivi to tei nana Teapu.,o	potee	o	meho	kaku	sinivi	to	tei	nana	teapu,ART3.SG	potee.canoe	ART3.SG	other3.SG	type	canoe	REL	be.there	3SG.IPFV	Teop.area,`The \textit{potee} canoe is another type of canoe in the Teop area.'\footnote{lit. `... another type of canoe that is in the Teop region.'},text_18_chapter_24_potee_canoe,2,teop1238,teop1238a,WORD_ALIGNED,"{""ART"": ""Article"", ""SG"": ""singular"", ""REL"": ""Relative"", ""IPFV"": ""Imperfective""}"
teop1238a-text_18_chapter_24_potee_canoe-3,"Enaa kahi vahutate nom, havee to pakupaku vaavaha me raara e.",e-naa	kahi	vahutate	nom	havee	to	paku{$\sim$}paku	vaavaha	me	ra=ara	e,H-1SG.PRON	TM1	tell	IPFV	what	REL	RED{$\sim$}make	different	with	1PL.IN.IPFV=1PL.IN.PRON	3SG.PRON,`I am going to tell you how we make it.'\footnote{lit. `... what (it is) like that we differently make it with.'},text_18_chapter_24_potee_canoe,3,teop1238,teop1238a,WORD_ALIGNED,"{""SG"": ""singular"", ""PRON"": ""Pronoun"", ""TM"": ""tense/modality"", ""IPFV"": ""Imperfective"", ""REL"": ""Relative"", ""RED"": ""reduplication"", ""PL"": ""plural"", ""IN"": ""inclusive""}"
teop1238a-text_18_chapter_24_potee_canoe-4,"Beara rake tea paku o potee, eara toro tagihu roho rasuu tea tara rakerake to naono vai to mataa nana tea paku bono potee.",be=ara	rake	tea	paku	o	potee	e-ara	toro	tagihu	roho	rasuu	tea	tara	rake{$\sim$}rake	to	naono	vai	to	mataa	nana	tea	paku	bono	potee,when=1PL.IN.PRON	want	COMPL1	make	ART3.SG	potee	H-1PL.IN.PRON	TM7	go.into.jungle	before	jungle	COMPL1	look	RED{$\sim$}search	NSPEC3.SG	tree	DEM6	NSPEC3.SG	good	3SG.IPFV	COMPL1	make	OBJ.ART3.SG	potee.canoe,"`When we want to make a \textit{potee} canoe, we must first go into the jungle to look for a tree that is good for making the potee.'",text_18_chapter_24_potee_canoe,4,teop1238,teop1238a,WORD_ALIGNED,"{""PL"": ""plural"", ""IN"": ""inclusive"", ""PRON"": ""Pronoun"", ""COMPL"": ""Complementizer"", ""ART"": ""Article"", ""SG"": ""singular"", ""TM"": ""tense/modality"", ""RED"": ""reduplication"", ""NSPEC"": ""Non-Specific"", ""DEM"": ""Demonstrative"", ""IPFV"": ""Imperfective"", ""OBJ"": ""Object""}"
teop1238a-text_18_chapter_24_potee_canoe-5,"A kiu no potee sa beera potee haana bona kiu vaa teo sinivi suuna,",a	kiu	n=o	potee	sa	beera	potee	haa=na	bona	kiu	vaa	te=o	sinivi	suuna,ART2.SG	work	3SG.POSS=ART3.SG	potee.canoe	NEG1	big	be.like	NEG2=3SG.IPFV	OBJ.ART2.SG	work	LNK	PREP=ART3.SG	canoe	indigenous,"`The work of (making) the \textit{potee} canoe is not as big as the work on the indigenous canoe,'",text_18_chapter_24_potee_canoe,5,teop1238,teop1238a,WORD_ALIGNED,"{""ART"": ""Article"", ""SG"": ""singular"", ""POSS"": ""Possessive Marker"", ""NEG"": ""Negative"", ""IPFV"": ""Imperfective"", ""OBJ"": ""Object"", ""LNK"": ""Linker"", ""PREP"": ""Preposition""}"
teop1238a-text_18_chapter_24_potee_canoe-6,ei mea peha aba na antee nana tea paku bona.,ei	me=a	peha	aba	na	antee	nana	tea	paku	bona,DEM2	and4=ART2.SG	one2.SG	person	TM2	can	3SG.IPFV	COMPL1	do	4SG.PRON,"`that is, a single person can do it.'",text_18_chapter_24_potee_canoe,6,teop1238,teop1238a,WORD_ALIGNED,"{""DEM"": ""Demonstrative"", ""ART"": ""Article"", ""SG"": ""singular"", ""TM"": ""tense/modality"", ""IPFV"": ""Imperfective"", ""COMPL"": ""Complementizer"", ""PRON"": ""Pronoun""}"
teop1238a-text_18_chapter_24_potee_canoe-7,"Me bea peha aba rova koa vurahe to naono, eove repaa tagava gunaha bona.",me	be=a	peha	aba	rova	koa	vurahe	to	naono	eove	re=paa	tagava	gunaha	bona,and4	when=ART2.SG	one2.SG	person	even	just	find	NSPEC3.SG	tree	H.3SG.PRON	CONSEC=TM3	fell	go.down	4SG.PRON,"`And even when just a single person finds a (suitable) tree, he fells it.'",text_18_chapter_24_potee_canoe,7,teop1238,teop1238a,WORD_ALIGNED,"{""ART"": ""Article"", ""SG"": ""singular"", ""NSPEC"": ""Non-Specific"", ""PRON"": ""Pronoun"", ""CONSEC"": ""Consecutive"", ""TM"": ""tense/modality""}"
teop1238a-text_18_chapter_24_potee_canoe-8,"Be tagava bona, eove repaa rom kurus bono govuhu no naono, be tara voen na mataa nana.",be	tagava	bona	eove	re=paa	rom	kurus	bono	govuhu	n=o	naono	be	tara	vo=en	na	mataa	nana,when	fell	4SG.PRON	H.3SG.PRON	CONSEC=TM3	cut.crosswise	cut.off	OBJ.ART3.SG	crown	3SG.POSS=ART3.SG	tree	if	see	like=DEM3	TM2	good	3SG.IPFV,"`When (he) has felled it, he cuts the crown of the tree off, if he sees that (the log) is good.'",text_18_chapter_24_potee_canoe,8,teop1238,teop1238a,WORD_ALIGNED,"{""SG"": ""singular"", ""PRON"": ""Pronoun"", ""CONSEC"": ""Consecutive"", ""TM"": ""tense/modality"", ""OBJ"": ""Object"", ""ART"": ""Article"", ""POSS"": ""Possessive Marker"", ""DEM"": ""Demonstrative"", ""IPFV"": ""Imperfective""}"
teop1238a-text_18_chapter_24_potee_canoe-9,"Beve rom kurusu vakavara bona, eove repaa poana pete bona.",beve	rom	kurusu	va-kavara	bona	eove	re=paa	poana	pete	bona,when.3SG.PRON	cut.crosswise	cut.off	ADVR-complete	4SG.PRON	H.3SG.PRON	CONSEC=TM3	slice.upper.side.off	subsequently	4SG.PRON,"`When he has cut it (the crown) off, he slices the upper side of it (the log).'",text_18_chapter_24_potee_canoe,9,teop1238,teop1238a,WORD_ALIGNED,"{""SG"": ""singular"", ""PRON"": ""Pronoun"", ""ADVR"": ""Adverbializer"", ""CONSEC"": ""Consecutive"", ""TM"": ""tense/modality""}"
teop1238a-text_18_chapter_24_potee_canoe-10,A kiu vaa teo potee a varuruva koa tabae o koma beera.,a	kiu	vaa	te=o	potee	o	varuruva	koa	tabae	o	koma	beera,ART2.SG	work	LNK	PREP=ART3.SG	potee.canoe	ART3.SG	easy	just	because	ART3.SG	inside	big,"`The work on the \textit{potee} canoe is easy, because (it has) a big inside.'",text_18_chapter_24_potee_canoe,10,teop1238,teop1238a,WORD_ALIGNED,"{""ART"": ""Article"", ""SG"": ""singular"", ""LNK"": ""Linker"", ""PREP"": ""Preposition""}"
teop1238a-text_18_chapter_24_potee_canoe-11,"Be poana vakavara bona, eove repaa koro bona bona toraaraa ae a rom.",be	poana	va-kavara	bona	eove	re=paa	koro	bona	bona	toraara	ae	a	rom,when	slice.upper.part.off	ADVR-complete	4SG.PRON	H.3SG.PRON	CONSEC=TM3	carve.out	4SG.PRON	ART2.SG	axe	and1	ART2.sg	hoe,"`When having sliced off its upper part, he carves the inside with an axe and a hoe.'",text_18_chapter_24_potee_canoe,11,teop1238,teop1238a,WORD_ALIGNED,"{""ADVR"": ""Adverbializer"", ""SG"": ""singular"", ""PRON"": ""Pronoun"", ""CONSEC"": ""Consecutive"", ""TM"": ""tense/modality"", ""ART"": ""Article""}"
teop1238a-text_18_chapter_24_potee_canoe-12,"A kiu vaa tea koro koma sinivi a beera,",a	kiu	vaa	tea	koro	koma	sinivi	a	beera,ART2.SG	work	LNK	COMPL1	carve	inside	indigenous.canoe	ART2.SG	big,"`The work of carving the inside of the canoe is big,'",text_18_chapter_24_potee_canoe,12,teop1238,teop1238a,WORD_ALIGNED,"{""ART"": ""Article"", ""SG"": ""singular"", ""LNK"": ""Linker"", ""COMPL"": ""Complementizer""}"
teop1238a-text_18_chapter_24_potee_canoe-13,"me be nagunagu, eove repaa kaokahi bona ore paa vaavuriha.",me	be	nagu{$\sim$}nagu	eove	re=paa	kao-kahi	bona	o=re	paa	vaavuriha,and4	when	RED{$\sim$}exhausted	H.3SG.PRON	CONSEC=TM3	go-from	4SG.PRON	3.PRON=CONSEC	TM3	have.a.rest,"`and when he gets exhausted, he leaves it to have a rest.'",text_18_chapter_24_potee_canoe,13,teop1238,teop1238a,WORD_ALIGNED,"{""RED"": ""reduplication"", ""SG"": ""singular"", ""PRON"": ""Pronoun"", ""CONSEC"": ""Consecutive"", ""TM"": ""tense/modality""}"
teop1238a-text_18_chapter_24_potee_canoe-14,"A koro no komano sinivi potee na varuruva koana, sa potee haana bono komano sinivi suuna,",a	koro	n=o	koma-n=o	sinivi	potee	na	varuruva	koa=na	sa	potee	haa=na	bono	koma-n=o	sinivi	suuna,ART2.SG	carve.out	3SG.POSS=ART3.SG	inside-3SG.POSS=ART3.SG	canoe	potee	TM2	easy	just=3SG.IPFV	NEG1	be.like	NEG=3SG.IPFV	OBJ.ART3.SG	inside-3SG.POSS=ART3.SG	canoe	indigenous,"`The carving of the inside of the \textit{potee} canoe is quite easy, it is not like the inside of the indigenous canoe,'",text_18_chapter_24_potee_canoe,14,teop1238,teop1238a,WORD_ALIGNED,"{""ART"": ""Article"", ""SG"": ""singular"", ""POSS"": ""Possessive Marker"", ""TM"": ""tense/modality"", ""IPFV"": ""Imperfective"", ""NEG"": ""Negative"", ""OBJ"": ""Object""}"
teop1238a-text_18_chapter_24_potee_canoe-15,"tabae na antee koa vonaen ei bean parata o buo kubisi, o kubis beera ae o kubis bebeahu.",tabae	na	antee	koa	vo=na=en	ei	be=an	parata	o	buo	kubisi	o	kubis-beera	ae	o	kubis-bebeahu,because	TM	reach	only	like=3SG.IPFV=DEM3	DEM2	when=2SG.PRON	open	ART3.SG	two3.SG	finger	ART3.SG	finger-big	and1	ART3.SG	finger-long,"`because (the indigenous canoe) is only as wide as the span between your thumb and your middle finger.'\footnote{lit. `because only reaches like this: this (is) when you open the two fingers, the big finger and the long finger'}",text_18_chapter_24_potee_canoe,15,teop1238,teop1238a,WORD_ALIGNED,"{""TM"": ""tense/modality"", ""SG"": ""singular"", ""IPFV"": ""Imperfective"", ""DEM"": ""Demonstrative"", ""PRON"": ""Pronoun"", ""ART"": ""Article""}"
teop1238a-text_18_chapter_24_potee_canoe-16,"Bean boha voen paa anteu, ean repaa nao vo teo hum vaa tea pisipisi.",be=an	boha	vo=en	paa	ante=u	e-an	re=paa	nao	vo	te=o	hum	vaa	tea	pisi{$\sim$}pisi,when=2SG.PRON	think	like=DEM3	TM3	enough=PFV	H-2SG.PRON	CONSEC=TM3	go	GOAL	PREP=ART3.SG	part	LNK	COMPL1	RED{$\sim$}carve.a.pointed.end,"`When you think that it is enough, then you go on with the part of carving the pointed ends.'",text_18_chapter_24_potee_canoe,16,teop1238,teop1238a,WORD_ALIGNED,"{""SG"": ""singular"", ""PRON"": ""Pronoun"", ""DEM"": ""Demonstrative"", ""TM"": ""tense/modality"", ""PFV"": ""Perfective"", ""CONSEC"": ""Consecutive"", ""GOAL"": ""goal"", ""PREP"": ""Preposition"", ""ART"": ""Article"", ""LNK"": ""Linker"", ""COMPL"": ""Complementizer"", ""RED"": ""reduplication""}"
teop1238a-text_18_chapter_24_potee_canoe-17,"Bean taraha pisi vakavara a peha papana, ean repaa nao pete vo tea meha papana.",be=an	taraha	pisi	va-kavara	a	peha	papana	e-an	re=paa	nao	pete	vo	te=a	meha	papana,when=2SG.PRON	plane.surface	cut.a.pointed.end	ADVR-complete	ART2.SG	one2.SG	side	H-2SG.PRON	CONSEC=TM3	go	subsequently	GOAL	PREP=ART2.SG	other2.SG	side,"`When you have finished planing one side of the pointed end, then you go on with the other side.'",text_18_chapter_24_potee_canoe,17,teop1238,teop1238a,WORD_ALIGNED,"{""SG"": ""singular"", ""PRON"": ""Pronoun"", ""ADVR"": ""Adverbializer"", ""ART"": ""Article"", ""CONSEC"": ""Consecutive"", ""TM"": ""tense/modality"", ""GOAL"": ""goal"", ""PREP"": ""Preposition""}"
teop1238a-text_18_chapter_24_potee_canoe-18,"Be kavara, ean repaa koro vahabana o komano sinivi.",be	kavara	e-an	re=paa	koro	vahabana	o	koma-n=o	sinivi,when	finished	H-2SG.PRON	CONSEC=TM3	carve.out	again	ART3.SG	inside-3SG.POSS=ART3.SG	canoe,"`After that, you carve again the inside of the canoe.'",text_18_chapter_24_potee_canoe,18,teop1238,teop1238a,WORD_ALIGNED,"{""SG"": ""singular"", ""PRON"": ""Pronoun"", ""CONSEC"": ""Consecutive"", ""TM"": ""tense/modality"", ""ART"": ""Article"", ""POSS"": ""Possessive Marker""}"
teop1238a-text_18_chapter_24_potee_canoe-19,"Koro, koro, bean boha voen, ``antee vai,'' ean repaa nao pete teo hum vaa tea govagovara o sinivi.",koro	koro	be=an	boha	vo=en	antee	vai	e-an	re=paa	nao	pete	te=o	hum	vaa	tea	gova{$\sim$}govara	o	sinivi,carve.out	carve.out	when=2SG.PRON	think	like=DEM3	enough	now	H-2SG.PRON	CONSEC=TM3	go	subsequently	PREP=ART3.SG	part	LNK	COMPL1	RED{$\sim$}carve.pointed.end	ART3.SG	canoe,"`Carve, carve, (and) when you think, ``Enough now,'' you go on with the part of carving the bow and the stern of the canoe.'",text_18_chapter_24_potee_canoe,19,teop1238,teop1238a,WORD_ALIGNED,"{""SG"": ""singular"", ""PRON"": ""Pronoun"", ""DEM"": ""Demonstrative"", ""CONSEC"": ""Consecutive"", ""TM"": ""tense/modality"", ""PREP"": ""Preposition"", ""ART"": ""Article"", ""LNK"": ""Linker"", ""COMPL"": ""Complementizer"", ""RED"": ""reduplication""}"
teop1238a-text_18_chapter_24_potee_canoe-20,"Bean mei nom tea govara o sinivi, ean toro verete roho ei.",be=an	mei	nom	tea	govara	o	sinivi	e-an	toro	verete	roho	ei,when=2SG.PRON	do.not.yet	IPFV	COMPL1	carve.pointed.end	ART3.SG	canoe	H-2SG.PRON	TM7	turn.over	before	DEM2,"`Before you carve the bow and the stern of the canoe, you must turn it over.'",text_18_chapter_24_potee_canoe,20,teop1238,teop1238a,WORD_ALIGNED,"{""SG"": ""singular"", ""PRON"": ""Pronoun"", ""IPFV"": ""Imperfective"", ""COMPL"": ""Complementizer"", ""ART"": ""Article"", ""TM"": ""tense/modality"", ""DEM"": ""Demonstrative""}"
teop1238a-text_18_chapter_24_potee_canoe-21,"A kiu bona a beera,",a	kiu	bona	a	beera,ART2.SG	work	ANA.SG	ART2.SG	big,"`This work is big,'",text_18_chapter_24_potee_canoe,21,teop1238,teop1238a,WORD_ALIGNED,"{""ART"": ""Article"", ""SG"": ""singular"", ""ANA"": ""Anaphoric Demonstrative""}"
teop1238a-text_18_chapter_24_potee_canoe-22,meo aba o sii bero vareko toro paku bari.,me=o	aba	o	sii	bero	vareko	toro	paku	bari,and4=ART2.PL	person	ART2.PL	DIM	many	quite	TM7	do	4PL.PRON,`and more than one person must do it.',text_18_chapter_24_potee_canoe,22,teop1238,teop1238a,WORD_ALIGNED,"{""ART"": ""Article"", ""PL"": ""plural"", ""DIM"": ""Diminutive"", ""TM"": ""tense/modality"", ""PRON"": ""Pronoun""}"
teop1238a-text_18_chapter_24_potee_canoe-23,"Beam verete vakavara e, ean repaa taneo a kiu vaa tea govagovara.",be=am	verete	va-kavara	e	e-an	re=paa	taneo	a	kiu	vaa	tea	gova{$\sim$}govara,when=2PL.PRON	turn.over	ADVR-complete	3SG.PRON	H-2SG.PRON	CONSEC=TM3	start	ART2.SG	work	LNK	COMPL1	RED{$\sim$}carve.pointed.end,"`When you have turned it over, you start the work of carving the bow and the stern.'",text_18_chapter_24_potee_canoe,23,teop1238,teop1238a,WORD_ALIGNED,"{""PL"": ""plural"", ""PRON"": ""Pronoun"", ""ADVR"": ""Adverbializer"", ""SG"": ""singular"", ""CONSEC"": ""Consecutive"", ""TM"": ""tense/modality"", ""ART"": ""Article"", ""LNK"": ""Linker"", ""COMPL"": ""Complementizer"", ""RED"": ""reduplication""}"
teop1238a-text_18_chapter_24_potee_canoe-24,"Govara kaakoo teo ihu no sinivi,",govara	kaakoo	te=o	ihu	n=o	sinivi,carve.pointed.end	move	PREP=ART3.SG	nose	3SG.POSS=ART3.SG	canoe,"`Carve by moving towards the nose of the canoe,'",text_18_chapter_24_potee_canoe,24,teop1238,teop1238a,WORD_ALIGNED,"{""PREP"": ""Preposition"", ""ART"": ""Article"", ""SG"": ""singular"", ""POSS"": ""Possessive Marker""}"
teop1238a-text_18_chapter_24_potee_canoe-25,"ean repaa vaatotobin e,",e-an	re=paa	va-totobin	e,H-2SG.PRON	CONSEC=TM3	CAUS-straight	3SG.PRON,"`then you make it straight,'",text_18_chapter_24_potee_canoe,25,teop1238,teop1238a,WORD_ALIGNED,"{""SG"": ""singular"", ""PRON"": ""Pronoun"", ""CONSEC"": ""Consecutive"", ""TM"": ""tense/modality"", ""CAUS"": ""Causative""}"
teop1238a-text_18_chapter_24_potee_canoe-26,ean repaa govara pete o hum vaa teo itao.,e-an	re=paa	govara	pete	o	hum	vaa	te=o	itao,H-2SG.PRON	CONSEC=TM3	carve.pointed.end	subsequently	ART3.SG	part	LNK	PREP=ART3.SG	stern,`then you continue carving the part at the stern.',text_18_chapter_24_potee_canoe,26,teop1238,teop1238a,WORD_ALIGNED,"{""SG"": ""singular"", ""PRON"": ""Pronoun"", ""CONSEC"": ""Consecutive"", ""TM"": ""tense/modality"", ""ART"": ""Article"", ""LNK"": ""Linker"", ""PREP"": ""Preposition""}"
teop1238a-text_18_chapter_24_potee_canoe-27,"Bea govara bona kavara, ean paa vaatotobin e.",be=a	govara	bona	kavara	e-an	paa	va-totobin	e,when=ART2.SG	carve.pointed.end	ANA.SG	finished	H-2SG.PRON	TM3	CAUS-straight	3SG.PRON,"`When this carving of the bow and the stern is finished, you make it straight.'",text_18_chapter_24_potee_canoe,27,teop1238,teop1238a,WORD_ALIGNED,"{""ART"": ""Article"", ""SG"": ""singular"", ""ANA"": ""Anaphoric Demonstrative"", ""PRON"": ""Pronoun"", ""TM"": ""tense/modality"", ""CAUS"": ""Causative""}"
teop1238a-text_18_chapter_24_potee_canoe-28,"Be kavara, ean repaa verete vahae.",be	kavara	e-an	re=paa	verete	vaha=e,when	finished	H-2SG.PRON	CONSEC=TM3	turn.over	again=3SG.PRON,"`When (it) is finished, then you turn it over again.'",text_18_chapter_24_potee_canoe,28,teop1238,teop1238a,WORD_ALIGNED,"{""SG"": ""singular"", ""PRON"": ""Pronoun"", ""CONSEC"": ""Consecutive"", ""TM"": ""tense/modality""}"
teop1238a-text_18_chapter_24_potee_canoe-29,"O sinivi paa aeae vaevuru,",o	sinivi	paa	aeae	vaevuru,ART3.SG	canoe	TM3	light	already,"`The canoe is already light now,'",text_18_chapter_24_potee_canoe,29,teop1238,teop1238a,WORD_ALIGNED,"{""ART"": ""Article"", ""SG"": ""singular"", ""TM"": ""tense/modality""}"
teop1238a-text_18_chapter_24_potee_canoe-30,me ean koa a peha na antee nom tea verete vahae.,me	e-an	koa	a	peha	na	antee	nom	tea	verete	vaha=e,and4	H-2SG.PRON	only	ART2.SG	one2.SG	TM2	can	IPFV	COMPL1	turn.over	again=3SG.PRON,"`and you can turn it over again just by yourself.'\footnote{lit. `and you only, (being) one, can turn it over again.'}",text_18_chapter_24_potee_canoe,30,teop1238,teop1238a,WORD_ALIGNED,"{""SG"": ""singular"", ""PRON"": ""Pronoun"", ""ART"": ""Article"", ""TM"": ""tense/modality"", ""IPFV"": ""Imperfective"", ""COMPL"": ""Complementizer""}"
teop1238a-text_18_chapter_24_potee_canoe-31,"Bean verete vakavara, ean repaa koro vahabana e.",be=an	verete	va-kavara	e-an	re=paa	koro	vahabana	e,when=2SG.PRON	turn.over	ADVR-complete	H-2SG.PRON	CONSEC=TM3	carve.out	again	3SG.PRON,"`When you have turned it over, then you do some more carving on the inside.'",text_18_chapter_24_potee_canoe,31,teop1238,teop1238a,WORD_ALIGNED,"{""SG"": ""singular"", ""PRON"": ""Pronoun"", ""ADVR"": ""Adverbializer"", ""CONSEC"": ""Consecutive"", ""TM"": ""tense/modality""}"
teop1238a-text_18_chapter_24_potee_canoe-32,"Koro, koro, bean boha voen paa anteu, ean paa antee,",koro	koro	be=an	boha	vo=en	paa	ante=u	e-an	paa	antee,carve.out	carve.out	when=2SG.PRON	think	like=DEM3	TM3	enough=PFV	H-2SG.PRON	TM3	stop,"`Carve (and) carve, (and) when you think that it is enough, you stop,'",text_18_chapter_24_potee_canoe,32,teop1238,teop1238a,WORD_ALIGNED,"{""SG"": ""singular"", ""PRON"": ""Pronoun"", ""DEM"": ""Demonstrative"", ""TM"": ""tense/modality"", ""PFV"": ""Perfective""}"
teop1238a-text_18_chapter_24_potee_canoe-33,ei ihuana vai o hum vaa tea rahi voosu.,ei	ihuana	vai	o	hum	vaa	tea	rahi	voosu,DEM2	wait	now	ART3.SG	part	LNK	COMPL1	pull	go.home,`(and) now (you) wait for the part of pulling (the canoe) home.',text_18_chapter_24_potee_canoe,33,teop1238,teop1238a,WORD_ALIGNED,"{""DEM"": ""Demonstrative"", ""ART"": ""Article"", ""SG"": ""singular"", ""LNK"": ""Linker"", ""COMPL"": ""Complementizer""}"
teop1238a-text_18_chapter_24_potee_canoe-34,"Teo bon rahi no potee, ean repaa sue ki to sii aba ore ausu vuan tea rahi voosu e.",te=o	bon	rahi	n=o	potee	e-an	re=paa	sue	ki	to	sii	aba	o=re	ausu	vu=an	tea	rahi	voosu	e,PREP=ART3.SG	day	pull	3SG.POSS=ART3.SG	potee.canoe	H-2SG.PRON	CONSEC=TM3	say	DAT	NSPEC2.PL	DIM	person	3.PRON=CONSEC	assist	2SG.OBJM=2SG.PRON	COMPL1	pull	go.home	3SG.PRON,"`As for the day of pulling the \textit{potee} canoe, you tell some people to assist you to pull it home.'",text_18_chapter_24_potee_canoe,34,teop1238,teop1238a,WORD_ALIGNED,"{""PREP"": ""Preposition"", ""ART"": ""Article"", ""SG"": ""singular"", ""POSS"": ""Possessive Marker"", ""PRON"": ""Pronoun"", ""CONSEC"": ""Consecutive"", ""TM"": ""tense/modality"", ""DAT"": ""Dative"", ""NSPEC"": ""Non-Specific"", ""PL"": ""plural"", ""DIM"": ""Diminutive"", ""OBJM"": ""Object Marker"", ""COMPL"": ""Complementizer""}"
teop1238a-text_18_chapter_24_potee_canoe-35,"A kiu vai ahiki ta von,",a	kiu	vai	ahiki	ta	von,ART2.SG	work	DEM6	not.exist	NSPEC2.SG	payment,"`This work does not cost anything,'\footnote{lit. `This work, there isn't any payment.'}",text_18_chapter_24_potee_canoe,35,teop1238,teop1238a,WORD_ALIGNED,"{""ART"": ""Article"", ""SG"": ""singular"", ""DEM"": ""Demonstrative"", ""NSPEC"": ""Non-Specific""}"
teop1238a-text_18_chapter_24_potee_canoe-36,evehee ean toro paku a sii tabaan to kahi ma an koa vue o manae to paa nao nau tea rahi sinivi.,evehee	e-an	toro	paku	a	sii	tabaan	to	kahi	ma	an	koa	vue	o	manae	to	paa	nao	na=u	tea	rahi	sinivi,but	H-2SG.PRON	TM7	make	ART2.SG	DIM	food	REL	TM1	come	eat	just	particulary	ART2.PL	young.men	REL	TM3	go	thither=PFV	COMPL1	pull	canoe,"`but you should make some food that the young men will eat, who have gone there to pull the canoe.'",text_18_chapter_24_potee_canoe,36,teop1238,teop1238a,WORD_ALIGNED,"{""SG"": ""singular"", ""PRON"": ""Pronoun"", ""TM"": ""tense/modality"", ""ART"": ""Article"", ""DIM"": ""Diminutive"", ""REL"": ""Relative"", ""PL"": ""plural"", ""PFV"": ""Perfective"", ""COMPL"": ""Complementizer""}"
teop1238a-text_18_chapter_24_potee_canoe-37,"Beori rahi voosu maa bari, ean repaa vaan riori, a menaga, nahu iana bara ta maa meha tabaan bata mee.",be=ori	rahi	voosu	maa	bari	e-an	re=paa	va-an	ri=ori	a	menaga	nahu	iana	bara	ta	maa	meha	tabaan	bata	mee,when=3PL.PRON	pull	go.home	hither	4PL.PRON	H-2SG.PRON	CONSEC=TM3	CAUS-eat	3PL.OBJM=3PL.PRON	ART2.SG	manioc.dumplings	pot	fish	and2	NSPEC2.SG	PLM	other2.SG	food	CONT	also,"`When they have pulled it home, you will give them to eat manioc dumplings, a pot of fish, and also some other food along with it.'",text_18_chapter_24_potee_canoe,37,teop1238,teop1238a,WORD_ALIGNED,"{""PL"": ""plural"", ""PRON"": ""Pronoun"", ""SG"": ""singular"", ""CONSEC"": ""Consecutive"", ""TM"": ""tense/modality"", ""CAUS"": ""Causative"", ""OBJM"": ""Object Marker"", ""ART"": ""Article"", ""NSPEC"": ""Non-Specific"", ""PLM"": ""Plural Marker"", ""CONT"": ""Continuity""}"
teop1238a-text_18_chapter_24_potee_canoe-38,"Bea maa taba vai kavara, ean paa paku papahiana komana nom amaa sii vagegeana kiu.",be=a	maa	taba	vai	kavara	e-an	paa	paku	papahiana	komana	nom	a=maa	sii	vagegeana	kiu,when=ART2.SG	PLM	thing	DEM6	finished	H-2SG.PRON	TM3	do	alone	self	IPFV	ART2.SG=PLM	DIM	final	work,"`When these things are finished, you will do the final little pieces of work just by yourself.'",text_18_chapter_24_potee_canoe,38,teop1238,teop1238a,WORD_ALIGNED,"{""ART"": ""Article"", ""SG"": ""singular"", ""PLM"": ""Plural Marker"", ""DEM"": ""Demonstrative"", ""PRON"": ""Pronoun"", ""TM"": ""tense/modality"", ""IPFV"": ""Imperfective"", ""DIM"": ""Diminutive""}"
teop1238a-text_18_chapter_24_potee_canoe-39,"Beo naono tei me nana bona maa panapanaa, ean repaa gono maa ta maa vua asita tea asita o sinivi tean.",be=o	naono	tei	me	nana	bona	maa	panapanaa	e-an	re=paa	gono	maa	ta	maa	asita	tea	asita	o	sinivi	te=an,when=ART3.SG	wood	be.there	with	3SG.IPFV	OBJ.ART2.SG	PLM	knothole	H-2SG.PRON	CONSEC=TM3	get	hither	NSPEC2.SG	PLM	putty.nut	COMPL1	seal.with.putty.nut.glue	ART2.SG	canoe	PREP=2SG.PRON,"`When the wood has knotholes, you get some putty nuts to seal your canoe with putty nut glue.'",text_18_chapter_24_potee_canoe,39,teop1238,teop1238a,WORD_ALIGNED,"{""ART"": ""Article"", ""SG"": ""singular"", ""IPFV"": ""Imperfective"", ""OBJ"": ""Object"", ""PLM"": ""Plural Marker"", ""PRON"": ""Pronoun"", ""CONSEC"": ""Consecutive"", ""TM"": ""tense/modality"", ""NSPEC"": ""Non-Specific"", ""COMPL"": ""Complementizer"", ""PREP"": ""Preposition""}"
teop1238a-text_18_chapter_24_potee_canoe-40,A meha maa naono na hiki ni nana bona panapanaa.,a	meha	maa	naono	na	hiki	ni	nana	bona	panapanaa,ART2.SG	other2.SG	PLM	tree	TM2	not.have	APPL	3SG.IPFV	OBJ.ART3.PL	knothole,`Some trees do not have any knotholes.',text_18_chapter_24_potee_canoe,40,teop1238,teop1238a,WORD_ALIGNED,"{""ART"": ""Article"", ""SG"": ""singular"", ""PLM"": ""Plural Marker"", ""TM"": ""tense/modality"", ""APPL"": ""Applicative Particle"", ""IPFV"": ""Imperfective"", ""OBJ"": ""Object"", ""PL"": ""plural""}"
teop1238a-text_18_chapter_24_potee_canoe-41,Eikou ean repaa pahin paku bata koa amaa tapara.,eikou	e-an	re=paa	pahin	paku	bata	koa	a=maa	tapara,and.so	H-2SG.PRON	CONSEC=TM3	straightaway	make	CONT	just	ART2.SG=PLM	tapara.pole,`And so you straightaway make some \textit{tapara} poles (that prevent the sides from moving inside).',text_18_chapter_24_potee_canoe,41,teop1238,teop1238a,WORD_ALIGNED,"{""SG"": ""singular"", ""PRON"": ""Pronoun"", ""CONSEC"": ""Consecutive"", ""TM"": ""tense/modality"", ""CONT"": ""Continuity"", ""ART"": ""Article"", ""PLM"": ""Plural Marker""}"
teop1238a-text_18_chapter_24_potee_canoe-42,O naono vai to tei me nana bona panapanaa toro vaatei roho beo asita raka roho nana.,o	naono	vai	to	tei	me	nana	bona	panapanaa	toro	vaa-tei	roho	be=o	asita	raka	roho	nana,ART3.SG	wood	DEM6	REL	be.there	with	3SG.IPFV	OBJ.ART3.PL	knothole	TM7	CAUS-be.there	before	when=ART3.SG	putty.nut.glue	dry	before	3SG.IPFV.,`The wood that has knotholes must be left (untouched) until the glue has dried up.',text_18_chapter_24_potee_canoe,42,teop1238,teop1238a,WORD_ALIGNED,"{""ART"": ""Article"", ""SG"": ""singular"", ""DEM"": ""Demonstrative"", ""REL"": ""Relative"", ""IPFV"": ""Imperfective"", ""OBJ"": ""Object"", ""PL"": ""plural"", ""TM"": ""tense/modality"", ""CAUS"": ""Causative""}"
teop1238a-text_18_chapter_24_potee_canoe-43,"Bean paku vakavara amaa tapara, ean repaa nao vo teo hum vaa tea pam no sinivi.",be=an	paku	va-kavara	a=maa	tapara	e-an	re=paa	nao	vo	te=o	hum	vaa	te=a	pam	n=o	sinivi,when=2SG.PRON	make	ADVR-complete	ART2.SG=PLM	tapara.pole	H-2SG.PRON	CONSEC=TM3	go	GOAL	PREP=ART3.SG	part	LNK	PREP=ART2.SG	tie.up	3SG.POSS=ART3.SG	canoe,"`When you have finished fixing the \textit{tapara} poles, you move on to the part of tying up the canoe.'",text_18_chapter_24_potee_canoe,43,teop1238,teop1238a,WORD_ALIGNED,"{""SG"": ""singular"", ""PRON"": ""Pronoun"", ""ADVR"": ""Adverbializer"", ""ART"": ""Article"", ""PLM"": ""Plural Marker"", ""CONSEC"": ""Consecutive"", ""TM"": ""tense/modality"", ""GOAL"": ""goal"", ""PREP"": ""Preposition"", ""LNK"": ""Linker"", ""POSS"": ""Possessive Marker""}"
teop1238a-text_18_chapter_24_potee_canoe-44,"Teo potee, o buaku koa o vanai, o peho matana, o meho he itao.",te=o	potee	o	buaku	koa	o	vanai	o	peho	matana	o	meho	he	itao,PREP=ART3.SG	potee.canoe	ART3.SG	two	only	ART3.SG	outrigger.boom	ART3.SG	one3.SG	bow	ART3.SG	other3.SG	ADVERS	stern,"`As for the \textit{potee} canoe, there are only two outrigger booms, one near the bow, and the other near the stern.'",text_18_chapter_24_potee_canoe,44,teop1238,teop1238a,WORD_ALIGNED,"{""PREP"": ""Preposition"", ""ART"": ""Article"", ""SG"": ""singular"", ""ADVERS"": ""Adversative Conjunction""}"
teop1238a-text_18_chapter_24_potee_canoe-45,"Bean pam vakavara nio buo vanai, ean repaa tapa ae pam vagegeana koa nio aga ore paa kavara.",be=an	pam	va-kavara	ni=o	buo	vanai	e-an	re=paa	tapa	ae	pam	vagegeana	koa	ni=o	aga	o=re	paa	kavara,when=2SG.PRON	tie.up	ADVR-complete	APPL=ART3.SG	two3.SG	outrigger.boom	SG.PRON	CONSEC=TM3	fix.with.pegs	and4	tie.up	finally	just	APPL=ART3.SG	float	3.PRON=CONSEC	TM3	finished,"`When you have tied the two outrigger booms (to the hull of the canoe), you finally fix the float with pegs and lashings (onto the outrigger booms), and then it is finished.'",text_18_chapter_24_potee_canoe,45,teop1238,teop1238a,WORD_ALIGNED,"{""SG"": ""singular"", ""PRON"": ""Pronoun"", ""ADVR"": ""Adverbializer"", ""APPL"": ""Applicative Particle"", ""ART"": ""Article"", ""CONSEC"": ""Consecutive"", ""TM"": ""tense/modality""}"
teop1238a-text_18_chapter_24_potee_canoe-46,Ei ean antee vai e tea hae tea vagana ge havee.,ei	e-an	antee	vai	e	tea	hae	tea	vagana	ge	havee,DEM2	H-2SG.PRON	can	now	3SG.PRON	COMPL1	board	COMPL1	fish	or	what,`Now you can board it to go fishing or whatever.',text_18_chapter_24_potee_canoe,46,teop1238,teop1238a,WORD_ALIGNED,"{""DEM"": ""Demonstrative"", ""SG"": ""singular"", ""PRON"": ""Pronoun"", ""COMPL"": ""Complementizer""}"
teop1238a-text_18_chapter_24_potee_canoe-47,O kaku sinivi vai o sinivi vaa Solomon.,o	kaku	sinivi	vai	o	sinivi	vaa	solomon,ART3.SG	type	canoe	DEM6	ART3.SG	canoe	LNK	Solomon,`This type of canoe is a canoe from the Solomon Islands.',text_18_chapter_24_potee_canoe,47,teop1238,teop1238a,WORD_ALIGNED,"{""ART"": ""Article"", ""SG"": ""singular"", ""DEM"": ""Demonstrative"", ""LNK"": ""Linker""}"
teop1238a-text_18_chapter_24_potee_canoe-48,Evehee a ta Solomon saka vaatei haari bono aga.,evehee	a	ta	solomon	saka	vaa-tei	haa=ri	bono	aga,but	ART2.SG	people	Solomon	NEG1	CAUS-be.there	NEG2=3PL.IPFV	OBJ.ART3.SG	float,`But the Solomon people do not attach a float.',text_18_chapter_24_potee_canoe,48,teop1238,teop1238a,WORD_ALIGNED,"{""ART"": ""Article"", ""SG"": ""singular"", ""NEG"": ""Negative"", ""CAUS"": ""Causative"", ""PL"": ""plural"", ""IPFV"": ""Imperfective"", ""OBJ"": ""Object""}"
teop1238a-text_18_chapter_24_potee_canoe-49,"Eve he nomaa voen meara paa vaatei o aga,",eve	he	nomaa	vo=en	me-ara	paa	vaa-tei	o	aga,H.3SG.PRON	ADVERS	come	like=DEM3	and4-1PL.IN.PRON	TM3	CAUS-be.there	ART3.SG	float,"`When it came (to us) like this, we attached the float,'",text_18_chapter_24_potee_canoe,49,teop1238,teop1238a,WORD_ALIGNED,"{""SG"": ""singular"", ""PRON"": ""Pronoun"", ""ADVERS"": ""Adversative Conjunction"", ""DEM"": ""Demonstrative"", ""PL"": ""plural"", ""IN"": ""inclusive"", ""TM"": ""tense/modality"", ""CAUS"": ""Causative"", ""ART"": ""Article""}"
teop1238a-text_18_chapter_24_potee_canoe-50,ei kou a tahii teara na pohapoha sana nana.,ei~kou	a	tahii	te=ara	na	poha{$\sim$}poha	sana	nana,because	ART2.SG	sea	PREP=1PL.IN.PRON	TM2	RED{$\sim$}wave	very	3SG.IPFV,`because our sea is very rough.',text_18_chapter_24_potee_canoe,50,teop1238,teop1238a,WORD_ALIGNED,"{""ART"": ""Article"", ""SG"": ""singular"", ""PREP"": ""Preposition"", ""PL"": ""plural"", ""IN"": ""inclusive"", ""PRON"": ""Pronoun"", ""TM"": ""tense/modality"", ""RED"": ""reduplication"", ""IPFV"": ""Imperfective""}"
teop1238a-text_18_chapter_24_potee_canoe-51,O potee na antee nana tea tatana bona too hata.,o	potee	na	antee	nana	tea	tatana	bona	too	hata,ART3.SG	potee.canoe	TM2	can	3SG.IPFV	COMPL1	resist	OBJ.ART2.SG	weather	bad,`The \textit{potee} canoe can resist bad weather.',text_18_chapter_24_potee_canoe,51,teop1238,teop1238a,WORD_ALIGNED,"{""ART"": ""Article"", ""SG"": ""singular"", ""TM"": ""tense/modality"", ""IPFV"": ""Imperfective"", ""COMPL"": ""Complementizer"", ""OBJ"": ""Object""}"
teop1238a-text_18_chapter_24_potee_canoe-52,Sa manin goo haana.,sa	manin	goo	haa=na,NEG1	ever	sink	NEG2=3SG.IPFV,"`It never sinks,'",text_18_chapter_24_potee_canoe,52,teop1238,teop1238a,WORD_ALIGNED,"{""NEG"": ""Negative"", ""SG"": ""singular"", ""IPFV"": ""Imperfective""}"
teop1238a-text_18_chapter_24_potee_canoe-53,o sinivi suuna he na antee nana tea goo.,o	sinivi	suuna	he	na	antee	nana	tea	goo,ART3.SG	canoe	indigenous	ADVERS	TM2	can	3SG.IPFV	COMPL1	sink,`whereas the indigenous canoe can sink.',text_18_chapter_24_potee_canoe,53,teop1238,teop1238a,WORD_ALIGNED,"{""ART"": ""Article"", ""SG"": ""singular"", ""ADVERS"": ""Adversative Conjunction"", ""TM"": ""tense/modality"", ""IPFV"": ""Imperfective"", ""COMPL"": ""Complementizer""}"
teop1238a-text_19_chapter_26_turtle_fishing-1,GOROTO,goroto,turtle,`TURTLE',text_19_chapter_26_turtle_fishing,1,teop1238,teop1238a,WORD_ALIGNED,{}
teop1238a-text_19_chapter_26_turtle_fishing-2,A goroto a iana a beera sana.,a	goroto	a	iana	a	beera	sana,ART2.SG	turtle	ART2.SG	swimming.animal	ART2.SG	big	very,`The turtle is a very big swimming animal.',text_19_chapter_26_turtle_fishing,2,teop1238,teop1238a,WORD_ALIGNED,"{""ART"": ""Article"", ""SG"": ""singular""}"
teop1238a-text_19_chapter_26_turtle_fishing-3,"Bean tara e, ean repaa tara voen:",be=an	tara	e	e-an	re=paa	tara	vo=en,when=2SG.PRON	see	3SG.PRON	H-2SG.PRON	CONSEC=TM3	see	like=DEM3,"`When you see it, you see:'",text_19_chapter_26_turtle_fishing,3,teop1238,teop1238a,WORD_ALIGNED,"{""SG"": ""singular"", ""PRON"": ""Pronoun"", ""CONSEC"": ""Consecutive"", ""TM"": ""tense/modality"", ""DEM"": ""Demonstrative""}"
teop1238a-text_19_chapter_26_turtle_fishing-4,"A goroto na tei me nana bono kahoo, o dorana o pakapaka.",a	goroto	na	tei	me	nana	bono	kahoo	o	dorana	o	pakapaka,ART2.SG	turtle	TM2	be.there	with	3SG.IPFV	OBJ.ART3.SG	head	ART3.SG	four	ART3.SG	flipper,"`The turtle has a head, (and) four flippers.'",text_19_chapter_26_turtle_fishing,4,teop1238,teop1238a,WORD_ALIGNED,"{""ART"": ""Article"", ""SG"": ""singular"", ""TM"": ""tense/modality"", ""IPFV"": ""Imperfective"", ""OBJ"": ""Object""}"
teop1238a-text_19_chapter_26_turtle_fishing-5,"O kapa vaa toonunae o kikis, o kapa vaa domonae saka kikis haana.",o	kapa	vaa	toonu-nae	o	kikis	o	kapa	vaa	domo-nae	saka	kikis	haa=na,ART3.SG	shell	LNK	back-3SG.POSS.PRON	ART3.SG	hard	ART3.SG	shell	LNK	chest-3SG.POSS.PRON	NEG1	hard	NEG2=3SG.IPFV,"`The shell on its back is hard, the shell on its chest is not hard.'",text_19_chapter_26_turtle_fishing,5,teop1238,teop1238a,WORD_ALIGNED,"{""ART"": ""Article"", ""SG"": ""singular"", ""LNK"": ""Linker"", ""POSS"": ""Possessive Marker"", ""PRON"": ""Pronoun"", ""NEG"": ""Negative"", ""IPFV"": ""Imperfective""}"
teop1238a-text_19_chapter_26_turtle_fishing-6,"Teo dorana o pakapaka, o buaku vaa kahoo nae na dao raara bono huahua.",te=o	dorana	o	pakapaka	o	buaku	vaa	kahoo-	nae	na	dao	ra=ara	bono	hua{$\sim$}hua,PREP=ART3.SG	four	ART3.SG	flipper	ART3.SG	two	LNK	head-	3SG.POSS.PRON	TM2	call	1PL.IN.IPFV=1PL.IN.PRON	OBJ.ART3.SG	RED{$\sim$}paddle,"`As for the four flippers, the two flippers near its head, we call paddles.'",text_19_chapter_26_turtle_fishing,6,teop1238,teop1238a,WORD_ALIGNED,"{""PREP"": ""Preposition"", ""ART"": ""Article"", ""SG"": ""singular"", ""LNK"": ""Linker"", ""POSS"": ""Possessive Marker"", ""PRON"": ""Pronoun"", ""TM"": ""tense/modality"", ""PL"": ""plural"", ""IN"": ""inclusive"", ""IPFV"": ""Imperfective"", ""OBJ"": ""Object"", ""RED"": ""reduplication""}"
teop1238a-text_19_chapter_26_turtle_fishing-7,A goroto na huahua vakikis ni nana bono buo pakapaka bona.,a	goroto	na	hua{$\sim$}hua	va-kikis	ni	nana	bono	buo	pakapaka	bona,ART2.SG	turtle	TM2	RED{$\sim$}paddle	ADVR-strong	APPL	3SG.IPFV	OBJ.ART3.SG	two3.SG	flipper	ANA.SG,`The turtle strongly paddles with these two flippers.',text_19_chapter_26_turtle_fishing,7,teop1238,teop1238a,WORD_ALIGNED,"{""ART"": ""Article"", ""SG"": ""singular"", ""TM"": ""tense/modality"", ""RED"": ""reduplication"", ""ADVR"": ""Adverbializer"", ""APPL"": ""Applicative Particle"", ""IPFV"": ""Imperfective"", ""OBJ"": ""Object"", ""ANA"": ""Anaphoric Demonstrative""}"
teop1238a-text_19_chapter_26_turtle_fishing-8,O buo pakapaka vaa murinae to vakarovo bata ni nae bara na hua ni nae mee.,o	buo	pakapaka	vaa	muri-nae	to	vakarovo	bata	ni	na=e	bara	na	hua	ni	na=e	mee,ART3.SG	two3.SG	flipper	LNK	back-3SG.POSS.PRON	REL	steer	CONT	APPL	3SG.IPFV=3SG.PRON	and2	TM2	paddle	APPL	3SG.IPFV=3SG.PRON	also,`The two hind flippers it uses for steering and also for paddling.'\footnote{lit. `The two flippers at its back (are the ones) that it steers with.'},text_19_chapter_26_turtle_fishing,8,teop1238,teop1238a,WORD_ALIGNED,"{""ART"": ""Article"", ""SG"": ""singular"", ""LNK"": ""Linker"", ""POSS"": ""Possessive Marker"", ""PRON"": ""Pronoun"", ""REL"": ""Relative"", ""CONT"": ""Continuity"", ""APPL"": ""Applicative Particle"", ""IPFV"": ""Imperfective"", ""TM"": ""tense/modality""}"
teop1238a-text_19_chapter_26_turtle_fishing-9,"A goroto na vaavuriha nana mee be tavusu kahi bona tahii, ore paa ruuvu gunaha vahaa.",a	goroto	na	vaavuriha	nana	mee	be	tavusu	kahi	bona	tahii	o=re	paa	ruuvu	gunaha	vahaa,ART2.SG	turtle	TM2	breathe	3SG.IPFV	also	when	come.out	from	OBJ.ART2.SG	salt.water	3.PRON=CONSEC	TM3	dive	go.down	again,"`The turtle also breathes when it comes out of the water, then it dives down again.'",text_19_chapter_26_turtle_fishing,9,teop1238,teop1238a,WORD_ALIGNED,"{""ART"": ""Article"", ""SG"": ""singular"", ""TM"": ""tense/modality"", ""IPFV"": ""Imperfective"", ""OBJ"": ""Object"", ""PRON"": ""Pronoun"", ""CONSEC"": ""Consecutive""}"
teop1238a-text_19_chapter_26_turtle_fishing-10,"A goroto vai a moon be tau vahuhu, ore paa gunaha vo teo kakaamuru.",a	goroto	vai	a	moon	be	tau	vahuhu	o=re	paa	gunaha	vo	te=o	kakaamuru,ART2.SG	turtle	DEM6	ART2.SG	female	when	TM5	lay.eggs	3.PRON=CONSEC	TM3	go.ashore	GOAL	PREP=ART3.SG	white.sand,"`When the female turtle is about to lay eggs, it goes ashore to the white sand.'",text_19_chapter_26_turtle_fishing,10,teop1238,teop1238a,WORD_ALIGNED,"{""ART"": ""Article"", ""SG"": ""singular"", ""DEM"": ""Demonstrative"", ""TM"": ""tense/modality"", ""PRON"": ""Pronoun"", ""CONSEC"": ""Consecutive"", ""GOAL"": ""goal"", ""PREP"": ""Preposition""}"
teop1238a-text_19_chapter_26_turtle_fishing-11,Na kasi nana bona govee kasuana,na	kasi	nana	bona	govee	kasuana,TM2	dig	3SG.IPFV	OBJ.ART2.SG	hole	ground,"`It digs a hole in the ground,'",text_19_chapter_26_turtle_fishing,11,teop1238,teop1238a,WORD_ALIGNED,"{""TM"": ""tense/modality"", ""SG"": ""singular"", ""IPFV"": ""Imperfective"", ""OBJ"": ""Object"", ""ART"": ""Article""}"
teop1238a-text_19_chapter_26_turtle_fishing-12,ore paa vahuhu komana govee,o=re	paa	vahuhu	koma-n=a	govee,3.PRON=CONSEC	TM3	lay.eggs	inside-3SG.POSS=ART2.SG	hole,`then it lays its eggs into the hole',text_19_chapter_26_turtle_fishing,12,teop1238,teop1238a,WORD_ALIGNED,"{""PRON"": ""Pronoun"", ""CONSEC"": ""Consecutive"", ""TM"": ""tense/modality"", ""SG"": ""singular"", ""POSS"": ""Possessive Marker"", ""ART"": ""Article""}"
teop1238a-text_19_chapter_26_turtle_fishing-13,ore paa pae vahaa bona,o=re	paa	pae	vahaa	bona,3.PRON=CONSEC	TM3	bury	again	4SG.PRON,`and fills the hole up again.',text_19_chapter_26_turtle_fishing,13,teop1238,teop1238a,WORD_ALIGNED,"{""PRON"": ""Pronoun"", ""CONSEC"": ""Consecutive"", ""TM"": ""tense/modality"", ""SG"": ""singular""}"
teop1238a-text_19_chapter_26_turtle_fishing-14,"Evehee bea goroto pae vahaa bona govee, na varovarova nae,",evehee	be=a	goroto	pae	vahaa	bona	govee	na	va-rova{$\sim$}rova	na=e,but	when=ART2.SG	turtle	fill.hole	again	OBJ.ART2.SG	hole	TM2	MULT-RED{$\sim$}disappear	3SG.IPFV=3SG.PRON,"`But when the turtle fills up the hole again, it becomes invisable,'",text_19_chapter_26_turtle_fishing,14,teop1238,teop1238a,WORD_ALIGNED,"{""ART"": ""Article"", ""SG"": ""singular"", ""OBJ"": ""Object"", ""TM"": ""tense/modality"", ""MULT"": ""multiple situation"", ""RED"": ""reduplication"", ""IPFV"": ""Imperfective"", ""PRON"": ""Pronoun""}"
teop1238a-text_19_chapter_26_turtle_fishing-15,a aba ore saka antee haa bona tea vurahe vakahu.,a	aba	o=re	saka	antee	haa	bona	tea	vurahe	vakahu,ART2.SG	person	3.PRON=CONSEC	NEG1	can	NEG2	4SG.PRON	COMPL1	find	quickly,`so that one cannot quickly find it.',text_19_chapter_26_turtle_fishing,15,teop1238,teop1238a,WORD_ALIGNED,"{""ART"": ""Article"", ""SG"": ""singular"", ""PRON"": ""Pronoun"", ""CONSEC"": ""Consecutive"", ""NEG"": ""Negative"", ""COMPL"": ""Complementizer""}"
teop1238a-text_19_chapter_26_turtle_fishing-16,A rupi a bero kurusu to vahuhu nana a goroto.,a	rupi	a	bero	kurusu	to	vahuhu	nana	a	goroto,ART3.PL	egg	ART3.PL	many	very	REL	lay.eggs	3SG.IPFV	ART2.SG	turtle,`The turtle lays very many eggs.'\footnote{lit. `(It is) many eggs indeed that the turtle lays.'},text_19_chapter_26_turtle_fishing,16,teop1238,teop1238a,WORD_ALIGNED,"{""ART"": ""Article"", ""PL"": ""plural"", ""REL"": ""Relative"", ""SG"": ""singular"", ""IPFV"": ""Imperfective""}"
teop1238a-text_19_chapter_26_turtle_fishing-17,Toro oha nana bono taonim saavun.,toro	oha	nana	bono	taonim	saavun,TM7	exceed	3SG.IPFV	OBJ.ART3.SG	five	ten,`Must be more than fifty.',text_19_chapter_26_turtle_fishing,17,teop1238,teop1238a,WORD_ALIGNED,"{""TM"": ""tense/modality"", ""SG"": ""singular"", ""IPFV"": ""Imperfective"", ""OBJ"": ""Object"", ""ART"": ""Article""}"
teop1238a-text_19_chapter_26_turtle_fishing-18,"Bea peha aba naonao tea ruuvu goroto, na nao vatotobin vo nana irihi.",be=a	peha	aba	nao{$\sim$}nao	tea	ruuvu	goroto	na	nao	va-totobin	vo	nana	irihi,when=ART2.SG	INDEF2.SG	person	RED{$\sim$}go	COMPL1	dive	turtle	TM2	go	ADVR-straight	GOAL	3SG.IPFV	edge.of.reef,"`When someone goes diving for turtles, he goes straight to the edge of the reef.'",text_19_chapter_26_turtle_fishing,18,teop1238,teop1238a,WORD_ALIGNED,"{""ART"": ""Article"", ""SG"": ""singular"", ""INDEF"": ""Indefinite"", ""RED"": ""reduplication"", ""COMPL"": ""Complementizer"", ""TM"": ""tense/modality"", ""ADVR"": ""Adverbializer"", ""GOAL"": ""goal"", ""IPFV"": ""Imperfective""}"
teop1238a-text_19_chapter_26_turtle_fishing-19,O goroto na teitei rori irihi tea maa avaava vasu ei teo hum namana.,o	goroto	na	tei{$\sim$}tei	rori	irihi	te=a	maa	avaava	vasu	ei	te=o	hum	namana,ART2.PL	turtle	TM2	RED{$\sim$}be.there	3PL.IPFV	edge.of.reef	PREP=ART2.SG	PLM	cave	stone	DEM2	PREP=ART3.SG	place	ocean,`The turtles stay at the edge of the reef in the caves of the rocks at the side of the ocean.',text_19_chapter_26_turtle_fishing,19,teop1238,teop1238a,WORD_ALIGNED,"{""ART"": ""Article"", ""PL"": ""plural"", ""TM"": ""tense/modality"", ""RED"": ""reduplication"", ""IPFV"": ""Imperfective"", ""PREP"": ""Preposition"", ""SG"": ""singular"", ""PLM"": ""Plural Marker"", ""DEM"": ""Demonstrative""}"
teop1238a-text_19_chapter_26_turtle_fishing-20,"Bea tahii masi, ore paa vurahe vakahu koa bono goroto,",be=a	tahii	masi	o=re	paa	vurahe	vakahu	koa	bono	goroto,when=ART2.SG	sea	be.at.low.tide	3.PRON=CONSEC	TM3	find	quickly	just	OBJ.ART2.PL	turtle,"`When the sea is at low tide (so that the reef is visable), then they can quickly find the turtles,'",text_19_chapter_26_turtle_fishing,20,teop1238,teop1238a,WORD_ALIGNED,"{""ART"": ""Article"", ""SG"": ""singular"", ""PRON"": ""Pronoun"", ""CONSEC"": ""Consecutive"", ""TM"": ""tense/modality"", ""OBJ"": ""Object"", ""PL"": ""plural""}"
teop1238a-text_19_chapter_26_turtle_fishing-21,beori ani rori bono vasukare bara tea maa avaava vasu ae tea maa vaagoroto.,be=ori	ani	rori	bono	vasukare	bara	te=a	maa	avaava	vasu	ae	te=a	maa	vaagoroto,when=3PL.PRON	eat	3PL.IPFV	OBJ.ART3.SG	vasukare.coral	and2	PREP=ART2.SG	PLM	cave	stone	and1	PREP=ART2.SG	PLM	turtle.tunnel,`when they are eating \textit{vasukare} corals and stay in the rock caves and in the turtle tunnels.',text_19_chapter_26_turtle_fishing,21,teop1238,teop1238a,WORD_ALIGNED,"{""PL"": ""plural"", ""PRON"": ""Pronoun"", ""IPFV"": ""Imperfective"", ""OBJ"": ""Object"", ""ART"": ""Article"", ""SG"": ""singular"", ""PREP"": ""Preposition"", ""PLM"": ""Plural Marker""}"
teop1238a-text_19_chapter_26_turtle_fishing-22,HAVEE TO GONO KAAKOO MI RIORI BONA GOROTO,havee	to	gono	kaakoo	mi	ri=ori	bona	goroto,how	REL	get	move	for	3PL.IPFV=3PL.PRON	OBJ.ART2.SG	turtle,`HOW THEY CATCH A TURTLE',text_19_chapter_26_turtle_fishing,22,teop1238,teop1238a,WORD_ALIGNED,"{""REL"": ""Relative"", ""PL"": ""plural"", ""IPFV"": ""Imperfective"", ""PRON"": ""Pronoun"", ""OBJ"": ""Object"", ""ART"": ""Article"", ""SG"": ""singular""}"
teop1238a-text_19_chapter_26_turtle_fishing-23,"A goroto na ato riori tea kave,",a	goroto	na	ato	ri=ori	te=a	kave,ART2.SG	turtle	TM2	get.hold.of	3PL.IPFV=3PL.PRON	PREP=ART2.SG	net,"`They get hold of the turtle with the net,'\footnote{lit. `The turtle they get hold of with the net.'}",text_19_chapter_26_turtle_fishing,23,teop1238,teop1238a,WORD_ALIGNED,"{""ART"": ""Article"", ""SG"": ""singular"", ""TM"": ""tense/modality"", ""PL"": ""plural"", ""IPFV"": ""Imperfective"", ""PRON"": ""Pronoun"", ""PREP"": ""Preposition""}"
teop1238a-text_19_chapter_26_turtle_fishing-24,ei beori nao tea veo goroto.,ei	be=ori	nao	tea	veo	goroto,DEM2	when=3PL.PRON	go	COMPL1	net	turtle,`that is when they go turtle netting.'\footnote{lit. `this (means) ...'},text_19_chapter_26_turtle_fishing,24,teop1238,teop1238a,WORD_ALIGNED,"{""DEM"": ""Demonstrative"", ""PL"": ""plural"", ""PRON"": ""Pronoun"", ""COMPL"": ""Complementizer""}"
teop1238a-text_19_chapter_26_turtle_fishing-25,A kave bona a beera sana.,a	kave	bona	a	beera	sana,ART2.SG	net	ANA.SG	ART2.SG	big	very,`This net is very big.',text_19_chapter_26_turtle_fishing,25,teop1238,teop1238a,WORD_ALIGNED,"{""ART"": ""Article"", ""SG"": ""singular"", ""ANA"": ""Anaphoric Demonstrative""}"
teop1238a-text_19_chapter_26_turtle_fishing-26,Na antee nana tea kana bono buaku saavun goroto.,na	antee	nana	tea	kana	bono	buaku	saavun	goroto,TM2	can	3SG.IPFV	COMPL1	catch.in.net	OBJ.ART3.SG	two	ten	turtle,`It can catch twenty turtles.',text_19_chapter_26_turtle_fishing,26,teop1238,teop1238a,WORD_ALIGNED,"{""TM"": ""tense/modality"", ""SG"": ""singular"", ""IPFV"": ""Imperfective"", ""COMPL"": ""Complementizer"", ""OBJ"": ""Object"", ""ART"": ""Article""}"
teop1238a-text_19_chapter_26_turtle_fishing-27,Amaa peha maa vuri to naonao riori tea ruuvu goroto.,a=maa	peha	maa	vuri	to	nao{$\sim$}nao	ri=ori	tea	ruuvu	goroto,ART2.SG=PLM	INDEF2.SG	PLM	time	REL	RED{$\sim$}go	3PL.IPFV=3PL.PRON	COMPL1	dive	turtle,`Sometimes they go diving for turles.'\footnote{lit. `(There are) some times that they go dive (for) turtles.'},text_19_chapter_26_turtle_fishing,27,teop1238,teop1238a,WORD_ALIGNED,"{""ART"": ""Article"", ""SG"": ""singular"", ""PLM"": ""Plural Marker"", ""INDEF"": ""Indefinite"", ""REL"": ""Relative"", ""RED"": ""reduplication"", ""PL"": ""plural"", ""IPFV"": ""Imperfective"", ""PRON"": ""Pronoun"", ""COMPL"": ""Complementizer""}"
teop1238a-text_19_chapter_26_turtle_fishing-28,A goroto mee na kapa riori bea goroto gunaha nao tea vahuhu kasuana.,a	goroto	mee	na	kapa	ri=ori	be=a	goroto	gunaha	nao	tea	vahuhu	kasuana,ART2.SG	turtle	also	TM2	lift	3PL.IPFV=3PL.PRON	when=ART2.SG	turtle	go.ashore	thither	COMPL1	lay.eggs	sand,`They also catch a turtle when the turtle goes ashore to lay its eggs in the sand.',text_19_chapter_26_turtle_fishing,28,teop1238,teop1238a,WORD_ALIGNED,"{""ART"": ""Article"", ""SG"": ""singular"", ""TM"": ""tense/modality"", ""PL"": ""plural"", ""IPFV"": ""Imperfective"", ""PRON"": ""Pronoun"", ""COMPL"": ""Complementizer""}"
teop1238a-text_19_chapter_26_turtle_fishing-29,"Tea maa vuri sunuu, a goroto mee na vurahe riori ei be masi pina ni tea maa kopua.",te=a	maa	vuri	sunuu	a	goroto	mee	na	vurahe	ri=ori	ei	be	masi	pina	ni	te=a	maa	koopua,PREP=ART2.SG	PLM	time	fish.with.torches	ART2.SG	turtle	also	TM2	find	3PL.IPFV=3PL.PRON	DEM2	when	be.low.tide	blocking	APPL	PREP=ART2.SG	PLM	lagoon,"`When they go fishing with torches, they also find the turtle when it gets trapped in the lagoons at low tide.'\footnote{lit. `At the times (of) fishing with torches, they also find the turtle, this (is) when low tide blocking (it) in the lagoons.'}",text_19_chapter_26_turtle_fishing,29,teop1238,teop1238a,WORD_ALIGNED,"{""PREP"": ""Preposition"", ""ART"": ""Article"", ""SG"": ""singular"", ""PLM"": ""Plural Marker"", ""TM"": ""tense/modality"", ""PL"": ""plural"", ""IPFV"": ""Imperfective"", ""PRON"": ""Pronoun"", ""DEM"": ""Demonstrative"", ""APPL"": ""Applicative Particle""}"
teop1238a-text_19_chapter_26_turtle_fishing-30,HAVEE TO KAKU GOROTO VAAVAHA VO RIA ABANA VAA TEAPU,havee	to	kaku	goroto	vaavaha	vo	ri=a	abana	vaa	teapu,what	REL	butcher	turtle	different	like	3PL.IPFV=ART2.SG	people	LNK	Teop.region,`HOW TURTLES ARE BUTCHERED BY THE TEOP PEOPLE'\footnote{lit. `What (is it) like that the men of the Teop region butcher turtles differently.'},text_19_chapter_26_turtle_fishing,30,teop1238,teop1238a,WORD_ALIGNED,"{""REL"": ""Relative"", ""PL"": ""plural"", ""IPFV"": ""Imperfective"", ""ART"": ""Article"", ""SG"": ""singular"", ""LNK"": ""Linker""}"
teop1238a-text_19_chapter_26_turtle_fishing-31,"Nabunuu roho, a kaku goroto, amaa abana bebeera koa to pakupaku roho bari.",nabunuu	roho	a	kaku	goroto	a=maa	abana	be{$\sim$}beera	koa	to	paku{$\sim$}paku	roho	bari,in.the.past	before	ART2.SG	butcher	turtle	ART2.SG=PLM	men	RED{$\sim$}big	only	REL	RED{$\sim$}do	before	4PL.PRON,"`In former times the butchering of turtles was only done by the big men.'\footnote{lit. `In former times, the butchering (of) turtles, only big men (were the ones) who did it.'}",text_19_chapter_26_turtle_fishing,31,teop1238,teop1238a,WORD_ALIGNED,"{""ART"": ""Article"", ""SG"": ""singular"", ""PLM"": ""Plural Marker"", ""RED"": ""reduplication"", ""REL"": ""Relative"", ""PL"": ""plural"", ""PRON"": ""Pronoun""}"
teop1238a-text_19_chapter_26_turtle_fishing-32,Ean saka antee haa nom tea tara ta peha beiko ge ta peha visoasi teo hum vai to kaku goroto riori.,e-an	saka	antee	haa	nom	tea	tara	ta	peha	beiko	ge	ta	peha	visoasi	te=o	hum	vai	to	kaku	goroto	ri=ori,H-2SG.PRON	NEG1	can	NEG2	IPFV	COMPL1	see	NSPEC2.SG	one2.SG	child	or	NSPEC2.SG	one2.SG	young.man	PREP=ART3.SG	place	DEM6	REL	butcher	turtle	3PL.IPFV=3PL.PRON,`You could not see any child or any young man at the place where they were butchering turtles.',text_19_chapter_26_turtle_fishing,32,teop1238,teop1238a,WORD_ALIGNED,"{""SG"": ""singular"", ""PRON"": ""Pronoun"", ""NEG"": ""Negative"", ""IPFV"": ""Imperfective"", ""COMPL"": ""Complementizer"", ""NSPEC"": ""Non-Specific"", ""PREP"": ""Preposition"", ""ART"": ""Article"", ""DEM"": ""Demonstrative"", ""REL"": ""Relative"", ""PL"": ""plural""}"
teop1238a-text_19_chapter_26_turtle_fishing-33,"A kiu tea abana bebeera koa, paku vonae tea kaku guu mee.",a	kiu	te=a	abana	be{$\sim$}beera	koa	paku	vo=na=e	tea	kaku	guu	mee,ART2.SG	work	PREP=ART2.SG	men	RED{$\sim$}big	only	do	like=3SG.IPFV=3SG.PRON	COMPL1	butcher	pig	also,"`It was exclusively the work of the chiefs, it was like butchering pigs.'",text_19_chapter_26_turtle_fishing,33,teop1238,teop1238a,WORD_ALIGNED,"{""ART"": ""Article"", ""SG"": ""singular"", ""PREP"": ""Preposition"", ""RED"": ""reduplication"", ""IPFV"": ""Imperfective"", ""PRON"": ""Pronoun"", ""COMPL"": ""Complementizer""}"
teop1238a-text_19_chapter_26_turtle_fishing-34,Nomana amaa matapaku vai paa rova kahi avuaraara.,nomana	a=maa	matapaku	vai	paa	rova	kahi	a=vu=araara,today	ART2.SG=PLM	practice	DEM6	TM3	disappear	from	OBJM=PFV=1PL.IN.OBJ.PRON,`Today these practices have disappeared from us.',text_19_chapter_26_turtle_fishing,34,teop1238,teop1238a,WORD_ALIGNED,"{""ART"": ""Article"", ""SG"": ""singular"", ""PLM"": ""Plural Marker"", ""DEM"": ""Demonstrative"", ""TM"": ""tense/modality"", ""OBJM"": ""Object Marker"", ""PFV"": ""Perfective"", ""PL"": ""plural"", ""IN"": ""inclusive"", ""OBJ"": ""Object"", ""PRON"": ""Pronoun""}"
teop1238a-text_19_chapter_26_turtle_fishing-35,Nomana bean tau kaku a goroto -- paku koai; ahiki vira to moroko nae vahaa.,nomana	be=an	tau	kaku	a	goroto	paku	koa=i	ahiki	vira	to	moroko	nae	vahaa,today	when=2SG.PRON	TM7	butcher	ART2.SG	turtle	do	just=3SG.PRON	not.exist	indeed	NSPEC3.SG	talk	3SG.POSS.PRON	again,"`Today, when you are about to butcher a turtle -- just do it; indeed, there is not any talk about it.'",text_19_chapter_26_turtle_fishing,35,teop1238,teop1238a,WORD_ALIGNED,"{""SG"": ""singular"", ""PRON"": ""Pronoun"", ""TM"": ""tense/modality"", ""ART"": ""Article"", ""NSPEC"": ""Non-Specific"", ""POSS"": ""Possessive Marker""}"
teop1238a-text_19_chapter_26_turtle_fishing-36,AMAA HANANA VAA TEA KAKU GOROTO,a=maa	hanana	vaa	tea	kaku	goroto,ART2.SG=PLM	way	LNK	COMPL1	butcher	turtle,`THE WAYS OF BUTCHERING TURTLES',text_19_chapter_26_turtle_fishing,36,teop1238,teop1238a,WORD_ALIGNED,"{""ART"": ""Article"", ""SG"": ""singular"", ""PLM"": ""Plural Marker"", ""LNK"": ""Linker"", ""COMPL"": ""Complementizer""}"
teop1238a-text_19_chapter_26_turtle_fishing-37,(1) Rahi gunaha a goroto teo hum to kahi kaku noman e.,rahi	gunaha	a	goroto	te=o	hum	to	kahi	kaku	nom=an	e,pull	go.ashore	ART2.SG	turtle	PREP=ART3.SG	place	REL	TM1	butcher	IPFV=2SG.PRON	3SG.PRON,`(1) Pull the turtle ashore to the place where you are going to butcher it.',text_19_chapter_26_turtle_fishing,37,teop1238,teop1238a,WORD_ALIGNED,"{""ART"": ""Article"", ""SG"": ""singular"", ""PREP"": ""Preposition"", ""REL"": ""Relative"", ""TM"": ""tense/modality"", ""IPFV"": ""Imperfective"", ""PRON"": ""Pronoun""}"
teop1238a-text_19_chapter_26_turtle_fishing-38,(2) Garuhu vira nio kasuana.,garuhu	vira	ni=o	kasuana,wash	thoroughly	APPL=ART3.SG	sand,`(2) Thoroughly wash the sand off.',text_19_chapter_26_turtle_fishing,38,teop1238,teop1238a,WORD_ALIGNED,"{""APPL"": ""Applicative Particle"", ""ART"": ""Article"", ""SG"": ""singular""}"
teop1238a-text_19_chapter_26_turtle_fishing-39,"(3) Navuhu vamate a goroto, navuhu kii gogoonae.",navuhu	va-mate	a	goroto	navuhu	ki=i	gogoo-nae,hit	ADVR-dead	ART2.SG	turtle	hit	DAT=3SG.PRON	throat-3SG.POSS.PRON,"`(3) Hit the turtle dead, hit it on its throat.'",text_19_chapter_26_turtle_fishing,39,teop1238,teop1238a,WORD_ALIGNED,"{""ADVR"": ""Adverbializer"", ""ART"": ""Article"", ""SG"": ""singular"", ""DAT"": ""Dative"", ""PRON"": ""Pronoun"", ""POSS"": ""Possessive Marker""}"
teop1238a-text_19_chapter_26_turtle_fishing-40,"(4) Pee o kapa vaa domonae, pee murina koa o vavaarihi.",pee	o	kapa	vaa	domo-nae	pee	murina	koa	o	vavaarihi,cut	ART3.SG	shell	LNK	chest-3SG.POSS.PRON	cut	follow	just	ART3.SG	side,"`Cut the shell on its chest, subsequently cut the sides.'",text_19_chapter_26_turtle_fishing,40,teop1238,teop1238a,WORD_ALIGNED,"{""ART"": ""Article"", ""SG"": ""singular"", ""LNK"": ""Linker"", ""POSS"": ""Possessive Marker"", ""PRON"": ""Pronoun""}"
teop1238a-text_19_chapter_26_turtle_fishing-41,Ean repaa kapae.,e-an	re=paa	kapa=e,H-2SG	CONSEC=TM3	take.off=3SG.PRON,`Then you take its shell off.',text_19_chapter_26_turtle_fishing,41,teop1238,teop1238a,WORD_ALIGNED,"{""SG"": ""singular"", ""CONSEC"": ""Consecutive"", ""TM"": ""tense/modality"", ""PRON"": ""Pronoun""}"
teop1238a-text_19_chapter_26_turtle_fishing-42,"(5) Rake nao o pusu no hiapa to taneo maana teo orooromo,",rake	nao	o	pusu	n=o	hiapa	to	taneo	maa=na	te=o	oro{$\sim$}oromo,Search	thither	ART3.SG	upper.end	3SG.POSS=ART3.SG	intestines	REL	begin	hither=3SG.IPFV	PREP=ART3.SG	RED{$\sim$}swallow,"`Search for the upper end of the intestines that begin in its throat,'",text_19_chapter_26_turtle_fishing,42,teop1238,teop1238a,WORD_ALIGNED,"{""ART"": ""Article"", ""SG"": ""singular"", ""POSS"": ""Possessive Marker"", ""REL"": ""Relative"", ""IPFV"": ""Imperfective"", ""PREP"": ""Preposition"", ""RED"": ""reduplication""}"
teop1238a-text_19_chapter_26_turtle_fishing-43,"pee kurukurusui, rahi tavusu kahi bona komana goroto.",pee	kuru{$\sim$}kurusu=i	rahi	tavusu	kahi	bona	koma-n=a	goroto,cut	RED{$\sim$}cut.off=3SG.PRON	pull	come.out	from	OBJ.ART2.SG	inside-3SG.POSS=ART2.SG	turtle,"`cut them off, pull them out of the belly of the turtle.'",text_19_chapter_26_turtle_fishing,43,teop1238,teop1238a,WORD_ALIGNED,"{""RED"": ""reduplication"", ""SG"": ""singular"", ""PRON"": ""Pronoun"", ""OBJ"": ""Object"", ""ART"": ""Article"", ""POSS"": ""Possessive Marker""}"
teop1238a-text_19_chapter_26_turtle_fishing-44,"Rahi tavusu vakavara o hiapa ae amaa meha taba vaa tea goroto,",rahi	tavusu	va-kavara	o	hiapa	ae	a=maa	meha	taba	vaa	te=a	goroto,pull	come.out	ADVR-complete	ART3.SG	intestines	and1	ART2.SG=PLM	other2.SG	thing	LNK	PREP=ART2.SG	turtle,"`When you have completely pulled out the instestines and the other things in the turtle,'",text_19_chapter_26_turtle_fishing,44,teop1238,teop1238a,WORD_ALIGNED,"{""ADVR"": ""Adverbializer"", ""ART"": ""Article"", ""SG"": ""singular"", ""PLM"": ""Plural Marker"", ""LNK"": ""Linker"", ""PREP"": ""Preposition""}"
teop1238a-text_19_chapter_26_turtle_fishing-45,(6) kana tavusu o revasin.,kana	tavusu	o	revasin,scoop	come.out	ART3.SG	blood,`scoop the blood out.',text_19_chapter_26_turtle_fishing,45,teop1238,teop1238a,WORD_ALIGNED,"{""ART"": ""Article"", ""SG"": ""singular""}"
teop1238a-text_19_chapter_26_turtle_fishing-46,(7) Peepee vihu amaa pakapaka nae (o dorana) bara o kahoo.,pee{$\sim$}pee	vihu	a=maa	pakapaka	nae	(o	dorana)	bara	o	kahoo,RED{$\sim$}cut	remove	ART2.PLM	flipper	3SG.POSS.PRON	ART3.SG	four	and2	ART3.SG	head,`Cut off its flippers (the four) and the head.',text_19_chapter_26_turtle_fishing,46,teop1238,teop1238a,WORD_ALIGNED,"{""RED"": ""reduplication"", ""ART"": ""Article"", ""PLM"": ""Plural Marker"", ""SG"": ""singular"", ""POSS"": ""Possessive Marker"", ""PRON"": ""Pronoun""}"
teop1238a-text_19_chapter_26_turtle_fishing-47,(8) Vaanoto o suraa o beera mene rava bona mata goroto.,vaanoto	o	suraa	o	beera	mene	rava	bona	ma-ta	goroto,light	ART3.SG	fire	ART3.SG	big	for	heat	OBJ.ART2.SG	PLM-piece	turtle,`Light a big fire for heating the pieces of the turtle.',text_19_chapter_26_turtle_fishing,47,teop1238,teop1238a,WORD_ALIGNED,"{""ART"": ""Article"", ""SG"": ""singular"", ""OBJ"": ""Object"", ""PLM"": ""Plural Marker""}"
teop1238a-text_19_chapter_26_turtle_fishing-48,"Rava vakavara, vaatei a mata goroto teo bana.",rava	va-kavara	vaa-tei	a	ma-ta	goroto	te=o	bana,heat	ADVR-complete	CAUS-stay	ART2.SG	PLM-piece	turtle	PREP=ART3.SG	mat,"`After having heated them up, put the turtle pieces on a mat.'",text_19_chapter_26_turtle_fishing,48,teop1238,teop1238a,WORD_ALIGNED,"{""ADVR"": ""Adverbializer"", ""CAUS"": ""Causative"", ""ART"": ""Article"", ""SG"": ""singular"", ""PLM"": ""Plural Marker"", ""PREP"": ""Preposition""}"
teop1238a-text_19_chapter_26_turtle_fishing-49,"(9) Vaagunagunaha a mata goroto, ean repaa peepee vaantee a peepeha mono goroto.",vaa-guna{$\sim$}gunaha	a	ma-ta	goroto	e-an	re=paa	pee{$\sim$}pee	va-antee	a	pee{$\sim$}peha	mono	goroto,CAUS-RED{$\sim$}go.down	ART2.SG	PLM-piece	turtle	H-2SG.PRON	CONSEC=TM3	RED{$\sim$}cut	ADVR-enough	ART2.SG	RED{$\sim$}one	parcel	turtle,"`Cut the turtle pieces further up, then you cut enough for each turtle parcel.'",text_19_chapter_26_turtle_fishing,49,teop1238,teop1238a,WORD_ALIGNED,"{""CAUS"": ""Causative"", ""RED"": ""reduplication"", ""ART"": ""Article"", ""SG"": ""singular"", ""PLM"": ""Plural Marker"", ""PRON"": ""Pronoun"", ""CONSEC"": ""Consecutive"", ""TM"": ""tense/modality"", ""ADVR"": ""Adverbializer""}"
teop1238a-text_19_chapter_26_turtle_fishing-50,"(10) Monomono a goroto. Kavara vai voen, vaatei vai tea tao.",mono{$\sim$}mono	a	goroto	kavara	vai	vo=en	vaa-tei	vai	te=a	tao,RED{$\sim$}wrap.into.parcels	ART2.SG	turtle	finished	now	like=DEM3	CAUS-be.there	now	PREP=ART2.SG	oven,"`(10) Wrap the turtle up into parcels. When it's finished in this way, put (the parcels) into the earth oven.'",text_19_chapter_26_turtle_fishing,50,teop1238,teop1238a,WORD_ALIGNED,"{""RED"": ""reduplication"", ""ART"": ""Article"", ""SG"": ""singular"", ""DEM"": ""Demonstrative"", ""CAUS"": ""Causative"", ""PREP"": ""Preposition""}"
teop1238a-text_19_chapter_26_turtle_fishing-51,Amaa hum vaa komana goroto na aniani ria ta Teapu.,a=maa	hum	vaa	koma-n=a	goroto	na	ani{$\sim$}ani	ri=a	ta	teapu,ART2.SG=PLM	part	LNK	inside-3SG.POSS=ART2.SG	turtle	TM2	RED{$\sim$}eat	3PL.IPFV=ART2.SG	people	Teop,`The parts inside the turtle are eaten by the Teop people',text_19_chapter_26_turtle_fishing,51,teop1238,teop1238a,WORD_ALIGNED,"{""ART"": ""Article"", ""SG"": ""singular"", ""PLM"": ""Plural Marker"", ""LNK"": ""Linker"", ""POSS"": ""Possessive Marker"", ""TM"": ""tense/modality"", ""RED"": ""reduplication"", ""PL"": ""plural"", ""IPFV"": ""Imperfective""}"
teop1238a-text_19_chapter_26_turtle_fishing-52,O hiapa na peepee vakakato riori,o	hiapa	na	pee{$\sim$}pee	va-kakato	ri=ori,ART3.SG	intestines	TM2	RED{$\sim$}cut	CAUS-short	3PL.IPFV=3PL.PRON,"`The intestines are cut into short pieces,'",text_19_chapter_26_turtle_fishing,52,teop1238,teop1238a,WORD_ALIGNED,"{""ART"": ""Article"", ""SG"": ""singular"", ""TM"": ""tense/modality"", ""RED"": ""reduplication"", ""CAUS"": ""Causative"", ""PL"": ""plural"", ""IPFV"": ""Imperfective"", ""PRON"": ""Pronoun""}"
teop1238a-text_19_chapter_26_turtle_fishing-53,"ore paa siri kopaa bari,",o=re	paa	siri	kopaa	bari,3.PRON=CONSEC	TM3	tear	cut.lengthwise	4PL.PRON,"`then they are torn into strips,'",text_19_chapter_26_turtle_fishing,53,teop1238,teop1238a,WORD_ALIGNED,"{""PRON"": ""Pronoun"", ""CONSEC"": ""Consecutive"", ""TM"": ""tense/modality"", ""PL"": ""plural""}"
teop1238a-text_19_chapter_26_turtle_fishing-54,"ore paa garuhu vamataa bari,",o=re	paa	garuhu	va-mataa	bari,3.PRON=CONSEC	TM3	wash	ADVR-good	4PL.PRON,`then properly washed',text_19_chapter_26_turtle_fishing,54,teop1238,teop1238a,WORD_ALIGNED,"{""PRON"": ""Pronoun"", ""CONSEC"": ""Consecutive"", ""TM"": ""tense/modality"", ""ADVR"": ""Adverbializer"", ""PL"": ""plural""}"
teop1238a-text_19_chapter_26_turtle_fishing-55,ore paa vaatei bari tea nahu.,o=re	paa	vaa-tei	bari	te=a	nahu,3.PRON=CONSEC	TM3	CAUS-be.there	4PL.PRON	PREP=ART2.SG	pot,`and put into a pot.',text_19_chapter_26_turtle_fishing,55,teop1238,teop1238a,WORD_ALIGNED,"{""PRON"": ""Pronoun"", ""CONSEC"": ""Consecutive"", ""TM"": ""tense/modality"", ""CAUS"": ""Causative"", ""PL"": ""plural"", ""PREP"": ""Preposition"", ""ART"": ""Article"", ""SG"": ""singular""}"
teop1238a-text_19_chapter_26_turtle_fishing-56,"O gonogonono mee na peepee riori, ore paa vaatei bari tea nahu.",o	gonogonono	mee	na	pee{$\sim$}pee	ri=ori	o=re	paa	vaa-tei	bari	te=a	nahu,ART3.SG	lungs	also	TM2	RED{$\sim$}cut	3PL.IPFV=3PL.PRON	3.PRON=CONSEC	TM3	CAUS-be.there	4PL.PRON	PREP=ART2.SG	pot,`The lungs are also cut up and put into a pot.',text_19_chapter_26_turtle_fishing,56,teop1238,teop1238a,WORD_ALIGNED,"{""ART"": ""Article"", ""SG"": ""singular"", ""TM"": ""tense/modality"", ""RED"": ""reduplication"", ""PL"": ""plural"", ""IPFV"": ""Imperfective"", ""PRON"": ""Pronoun"", ""CONSEC"": ""Consecutive"", ""CAUS"": ""Causative"", ""PREP"": ""Preposition""}"
teop1238a-text_19_chapter_26_turtle_fishing-57,"Amaa hum vai mee, a koburu, o ganusu ae amaa meha hum.",a=maa	hum	vai	mee	a	koburu	o	ganusu	ae	a=maa	meha	hum,ART2.SG=PLM	part	DEM6	also	ART2.SG	heart	ART3.SG	cartilage	and1	ART2.SG=PLM	other2.SG	part,"`Also the following parts, the heart, cartilages, and the other parts.'",text_19_chapter_26_turtle_fishing,57,teop1238,teop1238a,WORD_ALIGNED,"{""ART"": ""Article"", ""SG"": ""singular"", ""PLM"": ""Plural Marker"", ""DEM"": ""Demonstrative""}"
teop1238a-text_19_chapter_26_turtle_fishing-58,Be kavara ore paa vaahio bona nahu teo suraa.,be	kavara	o=re	paa	vaa-hio	bona	nahu	te=o	suraa,when	finished	3.PRON=CONSEC	TM3	CAUS-sit	OBJ.ART2.SG	pot	PREP=ART3.SG	fire,"`When it is finished, the pot is set on the fire.'",text_19_chapter_26_turtle_fishing,58,teop1238,teop1238a,WORD_ALIGNED,"{""PRON"": ""Pronoun"", ""CONSEC"": ""Consecutive"", ""TM"": ""tense/modality"", ""CAUS"": ""Causative"", ""OBJ"": ""Object"", ""ART"": ""Article"", ""SG"": ""singular"", ""PREP"": ""Preposition""}"
teop1238a-text_19_chapter_26_turtle_fishing-59,"Na nahunahu mi riori bono hiihii, ore nin mataa.",na	nahu{$\sim$}nahu	mi	ri=ori	bono	hiihii	o=re	nin	mataa,TM2	RED{$\sim$}cook	with	3PL.IPFV=3PL.PRON	OBJ.ART3.SG	ginger	3.PRON=CONSEC	taste	good,"`It is cooked with ginger, so that it tastes good.'",text_19_chapter_26_turtle_fishing,59,teop1238,teop1238a,WORD_ALIGNED,"{""TM"": ""tense/modality"", ""RED"": ""reduplication"", ""PL"": ""plural"", ""IPFV"": ""Imperfective"", ""PRON"": ""Pronoun"", ""OBJ"": ""Object"", ""ART"": ""Article"", ""SG"": ""singular"", ""CONSEC"": ""Consecutive""}"
teop1238a-text_20_chapter_27_turtle_net-1,KAVE GOROTO,kave	goroto,net	turtle,`TURTLE NET',text_20_chapter_27_turtle_net,1,teop1238,teop1238a,WORD_ALIGNED,{}
teop1238a-text_20_chapter_27_turtle_net-2,O kave goroto vai Teapu na pakupaku raara bono naono to dao raara bono baneo.,o	kave	goroto	vai	teapu	na	paku{$\sim$}paku	ra=ara	bono	naono	to	dao	ra=ara	bono	baneo,ART3.SG	net	turtle	DEM6	Teop	TM2	RED{$\sim$}make	1PL.IN.IPFV=1PL.IN.PRON	OBJ.ART3.SG	tree	REL	call	1PL.IN.IPFV=1PL.IN.PRON	OBJ.ART.3SG	breadfruit.tree,"`The Teop turtle net, we make it from a tree that we call the breadfruit tree.'",text_20_chapter_27_turtle_net,2,teop1238,teop1238a,WORD_ALIGNED,"{""ART"": ""Article"", ""SG"": ""singular"", ""DEM"": ""Demonstrative"", ""TM"": ""tense/modality"", ""RED"": ""reduplication"", ""PL"": ""plural"", ""IN"": ""inclusive"", ""IPFV"": ""Imperfective"", ""PRON"": ""Pronoun"", ""OBJ"": ""Object"", ""REL"": ""Relative""}"
teop1238a-text_20_chapter_27_turtle_net-3,O baneo bona he toro sii vaamanae koa.,o	baneo	bona	he	toro	sii	vaamanae	koa,ART3.SG	breadfruit.tree	ANA.SG	ADVERS	TM7	DIM	quite.young	only,`But this breadfruit tree must be quite young.',text_20_chapter_27_turtle_net,3,teop1238,teop1238a,WORD_ALIGNED,"{""ART"": ""Article"", ""SG"": ""singular"", ""ANA"": ""Anaphoric Demonstrative"", ""ADVERS"": ""Adversative Conjunction"", ""TM"": ""tense/modality"", ""DIM"": ""Diminutive""}"
teop1238a-text_20_chapter_27_turtle_net-4,"A taba momohu toro paku ara, eara toro mosi gunaha o baneo.",a	taba	momohu	toro	paku	ara	e-ara	toro	mosi	gunaha	o	baneo,ART2.SG	thing	first	TM7	do	1PL.IN.PRON	H-1PL.IN.PRON	TM7	cut	go.down	ART3.SG	breadfruit.tree,"`The first thing we must do, we must cut down the breadfruit tree.'",text_20_chapter_27_turtle_net,4,teop1238,teop1238a,WORD_ALIGNED,"{""ART"": ""Article"", ""SG"": ""singular"", ""TM"": ""tense/modality"", ""PL"": ""plural"", ""IN"": ""inclusive"", ""PRON"": ""Pronoun""}"
teop1238a-text_20_chapter_27_turtle_net-5,"Beve obete nana teo kasuana, eara repaa kahu a kapa nae bono kehaa to dao raara bono sui.",beve	obete	nana	te=o	kasuana	e-ara	re=paa	kahu	a	kapa	nae	bono	kehaa	to	dao	ra=ara	bono	sui,when.3SG.PRON	lie	3SG.IPFV	PREP=ART3.SG	ground	H-1PL.IN.PRON	CONSEC=TM3	scrape	ART2.SG	bark	3SG.POSS.PRON	OBJ.ART.3SG	shell	REL	call	1PL.IN.IPFV=1PL.IN.PRON	OBJ.ART.3SG	ark.clam,"`When it is lying on the ground, we scrape its bark off with a shell that we call \textit{sui} (`Ark Shellfish').'",text_20_chapter_27_turtle_net,5,teop1238,teop1238a,WORD_ALIGNED,"{""SG"": ""singular"", ""PRON"": ""Pronoun"", ""IPFV"": ""Imperfective"", ""PREP"": ""Preposition"", ""ART"": ""Article"", ""PL"": ""plural"", ""IN"": ""inclusive"", ""CONSEC"": ""Consecutive"", ""TM"": ""tense/modality"", ""POSS"": ""Possessive Marker"", ""OBJ"": ""Object"", ""REL"": ""Relative""}"
teop1238a-text_20_chapter_27_turtle_net-6,"Beara kahu vakavakavara e, eara repaa varoava e bono buaku ge o kukan o bon.",be=ara	kahu	vaka-va-kavara	e	e-ara	re=paa	va-roava	e	bono	buaku	ge	o	kukan	o	bon,when=1PL.IN.PRON	scrape	RED{$\sim$}ADVR-complete	3SG.PRON	H-1PL.IN.PRON	CONSEC=TM3	CAUS-be.in.the.sun	3SG.PRON	OBJ.ART.3SG	two	or	ART3.SG	three	ART3.SG	day,"`When we have finished scraping it, we put it into the sun for two or three days.'",text_20_chapter_27_turtle_net,6,teop1238,teop1238a,WORD_ALIGNED,"{""PL"": ""plural"", ""IN"": ""inclusive"", ""PRON"": ""Pronoun"", ""RED"": ""reduplication"", ""ADVR"": ""Adverbializer"", ""SG"": ""singular"", ""CONSEC"": ""Consecutive"", ""TM"": ""tense/modality"", ""CAUS"": ""Causative"", ""OBJ"": ""Object"", ""ART"": ""Article""}"
teop1238a-text_20_chapter_27_turtle_net-7,"Beve raka vaantee, eara repaa hihi kahi e bono naono nae.",beve	raka	va-antee	e-ara	re=paa	hihi	kahi	e	bono	naono	nae,when.3SG.PRON	dry	ADVR-enough	H-1PL.IN.PRON	CONSEC=TM3	pull.off.fibres	from	3SG.PRON	OBJ.ART.3SG	wood	3SG.PRON,"`When it is dry enough, we remove them  (the fibres) from its wood.'",text_20_chapter_27_turtle_net,7,teop1238,teop1238a,WORD_ALIGNED,"{""SG"": ""singular"", ""PRON"": ""Pronoun"", ""ADVR"": ""Adverbializer"", ""PL"": ""plural"", ""IN"": ""inclusive"", ""CONSEC"": ""Consecutive"", ""TM"": ""tense/modality"", ""OBJ"": ""Object"", ""ART"": ""Article""}"
teop1238a-text_20_chapter_27_turtle_net-8,"Beara hihi vakavara e, eara repaa hupihupi e bono sui.",be=ara	hihi	va-kavara	e	e-ara	re=paa	hupi{$\sim$}hupi	e	bono	sui,when=1PL.IN.PRON	remove	ADVR-complete	3SG.PRON	H-1PL.IN.PRON	CONSEC=TM3	RED{$\sim$}comb	3SG.PRON	OBJ.ART3.SG	ark.shell,"`When we have removed them, we comb them with the ark shell.'",text_20_chapter_27_turtle_net,8,teop1238,teop1238a,WORD_ALIGNED,"{""PL"": ""plural"", ""IN"": ""inclusive"", ""PRON"": ""Pronoun"", ""ADVR"": ""Adverbializer"", ""SG"": ""singular"", ""CONSEC"": ""Consecutive"", ""TM"": ""tense/modality"", ""RED"": ""reduplication"", ""OBJ"": ""Object"", ""ART"": ""Article""}"
teop1238a-text_20_chapter_27_turtle_net-9,"Beara hupihupi vakavara e, a kiu vaa tea vinugu repaa taneo, ore tavus potee bona kanono.",be=ara	hupi{$\sim$}hupi	va-kavara	e	a	kiu	vaa	tea	vinugu	re=paa	taneo	o=re	tavus	potee	bona	kanono,when=1PL.IN.PRON	RED{$\sim$}comb	ADVR-complete	3SG.PRON	ART2.SG	work	LNK	COMPL1	twist	CONSEC=TM3	start	3.PRON=CONSEC	become	be.like	OBJ.ART2.SG	string,"`When we have finished combing them (the fibres), the work of twisting starts, so that they become a string.'",text_20_chapter_27_turtle_net,9,teop1238,teop1238a,WORD_ALIGNED,"{""PL"": ""plural"", ""IN"": ""inclusive"", ""PRON"": ""Pronoun"", ""RED"": ""reduplication"", ""ADVR"": ""Adverbializer"", ""SG"": ""singular"", ""ART"": ""Article"", ""LNK"": ""Linker"", ""COMPL"": ""Complementizer"", ""CONSEC"": ""Consecutive"", ""TM"": ""tense/modality"", ""OBJ"": ""Object""}"
teop1238a-text_20_chapter_27_turtle_net-10,"A kiu vai na antee nana bona buaku ge a dorana a otei tea peha kanono,",a	kiu	vai	na	antee	nana	bona	buaku	ge	a	dorana	a	otei	te=a	peha	kanono,ART2.SG	work	DEM6	TM2	need	3SG.IPFV	OBJ.ART2.SG	two	or	ART2.SG	four	ART2.SG	man	PREP=ART2.SG	one2.SG	string,"`This work needs two or four men for one string,'",text_20_chapter_27_turtle_net,10,teop1238,teop1238a,WORD_ALIGNED,"{""ART"": ""Article"", ""SG"": ""singular"", ""DEM"": ""Demonstrative"", ""TM"": ""tense/modality"", ""IPFV"": ""Imperfective"", ""OBJ"": ""Object"", ""PREP"": ""Preposition""}"
teop1238a-text_20_chapter_27_turtle_net-11,bea meha buaku ge a dorana vinugu batari bona meha kanono,be=a	meha	buaku	ge	a	dorana	vinugu	bata=ri	bona	meha	kanono,while=ART2.SG	other2.SG	two	or	ART2.SG	four	twist	CONT=3PL.IPFV	ART2.SG	other2.SG	string,`while another two or four twist another string.',text_20_chapter_27_turtle_net,11,teop1238,teop1238a,WORD_ALIGNED,"{""ART"": ""Article"", ""SG"": ""singular"", ""CONT"": ""Continuity"", ""PL"": ""plural"", ""IPFV"": ""Imperfective""}"
teop1238a-text_20_chapter_27_turtle_net-12,"A kiu vai toro vatotoena ni ara, tabae a kave toro bebeahu.",a	kiu	vai	toro	va-totoena	ni	ara	tabae	a	kave	toro	bebeahu,ART2.SG	work	DEM6	TM7	MULT-share	APPL	1PL.IN.PRON	because	ART2.SG	net	TM7	long,"`This work we must share, because the net should become long.'",text_20_chapter_27_turtle_net,12,teop1238,teop1238a,WORD_ALIGNED,"{""ART"": ""Article"", ""SG"": ""singular"", ""DEM"": ""Demonstrative"", ""TM"": ""tense/modality"", ""MULT"": ""multiple situation"", ""APPL"": ""Applicative Particle"", ""PL"": ""plural"", ""IN"": ""inclusive"", ""PRON"": ""Pronoun""}"
teop1238a-text_20_chapter_27_turtle_net-13,"Bea kiu vaa tea vinugu kavara, eara repaa vavaantee nia maa kanono,",be=a	kiu	vaa	tea	vinugu	kavara	e-ara	re=paa	va{$\sim$}va-antee	ni=a	maa	kanono,when=ART2.SG	work	LNK	COMPL1	twist	finished	H-1PL.IN.PRON	CONSEC=TM3	RED{$\sim$}CAUS-enough	APPL=ART2.SG	PLM	string,"`When the work of twisting is finished, we have made the strings long enough,'",text_20_chapter_27_turtle_net,13,teop1238,teop1238a,WORD_ALIGNED,"{""ART"": ""Article"", ""SG"": ""singular"", ""LNK"": ""Linker"", ""COMPL"": ""Complementizer"", ""PL"": ""plural"", ""IN"": ""inclusive"", ""PRON"": ""Pronoun"", ""CONSEC"": ""Consecutive"", ""TM"": ""tense/modality"", ""RED"": ""reduplication"", ""CAUS"": ""Causative"", ""APPL"": ""Applicative Particle"", ""PLM"": ""Plural Marker""}"
teop1238a-text_20_chapter_27_turtle_net-14,ei kou toro bebeahu vaantee.,ei~kou	toro	bebeahu	va-antee,because	TM7	long	ADVR-enough,`because they must be long enough.',text_20_chapter_27_turtle_net,14,teop1238,teop1238a,WORD_ALIGNED,"{""TM"": ""tense/modality"", ""ADVR"": ""Adverbializer""}"
teop1238a-text_20_chapter_27_turtle_net-15,"Bea maa kanono vavaantee vakavara, eara repaa vaahana riori teo naono,",be=a	maa	kanono	va{$\sim$}va-antee	va-kavara	e-ara	re=paa	vaa-hana	ri=ori	te=o	naono,when=ART2.SG	PLM	string	RED{$\sim$}CAUS-enough	ADVR-complete	H-1PL.IN.PRON	CONSEC=TM3	CAUS-hang	3PL.OBJM=3PL.PRON	PREP=ART3.SG	tree,"`When the strings have all become long enough, we hang them on a tree,'",text_20_chapter_27_turtle_net,15,teop1238,teop1238a,WORD_ALIGNED,"{""ART"": ""Article"", ""SG"": ""singular"", ""PLM"": ""Plural Marker"", ""RED"": ""reduplication"", ""CAUS"": ""Causative"", ""ADVR"": ""Adverbializer"", ""PL"": ""plural"", ""IN"": ""inclusive"", ""PRON"": ""Pronoun"", ""CONSEC"": ""Consecutive"", ""TM"": ""tense/modality"", ""OBJM"": ""Object Marker"", ""PREP"": ""Preposition""}"
teop1238a-text_20_chapter_27_turtle_net-16,eara repaa rahi vatotobin riori.,e-ara	re=paa	rahi	va-totobin	ri=ori,H-1PL.IN.PRON	CONSEC=TM3	pull	CAUS-straight	3PL.OBJM=3PL.PRON,`then we pull them straight.',text_20_chapter_27_turtle_net,16,teop1238,teop1238a,WORD_ALIGNED,"{""PL"": ""plural"", ""IN"": ""inclusive"", ""PRON"": ""Pronoun"", ""CONSEC"": ""Consecutive"", ""TM"": ""tense/modality"", ""CAUS"": ""Causative"", ""OBJM"": ""Object Marker""}"
teop1238a-text_20_chapter_27_turtle_net-17,"Beve kavara o hum kiu bona, eara repaa taneo mana tea huha.",beve	kavara	o	hum	kiu	bona	e-ara	re=paa	taneo	mana	tea	huha,when.3SG.PRON	finished	ART3.SG	part	work	ANA.SG	H-1PL.IN.PRON	CONSEC=TM3	start	eventually	COMPL1	tie,"`When this part of the work is finished, we eventually start with the tying.'",text_20_chapter_27_turtle_net,17,teop1238,teop1238a,WORD_ALIGNED,"{""SG"": ""singular"", ""PRON"": ""Pronoun"", ""ART"": ""Article"", ""ANA"": ""Anaphoric Demonstrative"", ""PL"": ""plural"", ""IN"": ""inclusive"", ""CONSEC"": ""Consecutive"", ""TM"": ""tense/modality"", ""COMPL"": ""Complementizer""}"
teop1238a-text_20_chapter_27_turtle_net-18,A kave na tanetaneo raara bona taba to dao raara bona tavara.,a	kave	na	tane{$\sim$}taneo	ra=ara	bona	taba	to	dao	ra=ara	bona	tavara,ART2.SG	net	TM2	RED{$\sim$}start	1PL.IN.IPFV=1PL.IN.PRON	OBJ.ART2.SG	thing	REL	call	1PL.IN.IPFV=1PL.IN.PRON	OBJ.ART2.SG	tavara,"`The net, we start with a thing that we call \textit{tavara}.'",text_20_chapter_27_turtle_net,18,teop1238,teop1238a,WORD_ALIGNED,"{""ART"": ""Article"", ""SG"": ""singular"", ""TM"": ""tense/modality"", ""RED"": ""reduplication"", ""PL"": ""plural"", ""IN"": ""inclusive"", ""IPFV"": ""Imperfective"", ""PRON"": ""Pronoun"", ""OBJ"": ""Object"", ""REL"": ""Relative""}"
teop1238a-text_20_chapter_27_turtle_net-19,"Evehee, beara mei rara tea taneo, eara toro varaarare ni roho a tatabonata na kave bara bebeahu nae.",evehee	be=ara	mei	rara	tea	taneo	e-ara	toro	va-raa-rare	ni	roho	a	tatabonata	n=a	kave	bara	bebeahu	nae,but	when=1PL.IN.PRON	do.not.yet	1PL.IN.IPFV	COMPL1	start	H-1PL.IN.PRON	TM7	MULT-RED.sort.out	APPL	before	ART2.SG	width	3SG.POSS=ART2.SG	net	and2	length	3SG.POSS.PRON,"`But before we start, we must decide on the width of the net and its length.'",text_20_chapter_27_turtle_net,19,teop1238,teop1238a,WORD_ALIGNED,"{""PL"": ""plural"", ""IN"": ""inclusive"", ""PRON"": ""Pronoun"", ""IPFV"": ""Imperfective"", ""COMPL"": ""Complementizer"", ""TM"": ""tense/modality"", ""MULT"": ""multiple situation"", ""RED"": ""reduplication"", ""APPL"": ""Applicative Particle"", ""ART"": ""Article"", ""SG"": ""singular"", ""POSS"": ""Possessive Marker""}"
teop1238a-text_20_chapter_27_turtle_net-20,"Beara vuha vaapeha meo ipinoo to paa vamoromoroko ni vuara,",be=ara	vuha	vaa-peha	me=o	ipinoo	to	paa	va-moro{$\sim$}moroko	ni	vu=ara,when=1PL.IN.PRON	breath	CAUS-one	for=ART3.SG	measure	REL	TM3	MULT-RED{$\sim$}talk	APPL	PFV=1PL.IN.PRON,"`When we have agreed on the size that we have talked about,'\footnote{lit. `when we are having one breath for the measure'}",text_20_chapter_27_turtle_net,20,teop1238,teop1238a,WORD_ALIGNED,"{""PL"": ""plural"", ""IN"": ""inclusive"", ""PRON"": ""Pronoun"", ""CAUS"": ""Causative"", ""ART"": ""Article"", ""SG"": ""singular"", ""REL"": ""Relative"", ""TM"": ""tense/modality"", ""MULT"": ""multiple situation"", ""RED"": ""reduplication"", ""APPL"": ""Applicative Particle"", ""PFV"": ""Perfective""}"
teop1238a-text_20_chapter_27_turtle_net-21,eara paku vai a tavara to kahi ipinoo bata nom ara o mata kave.,e-ara	paku	vai	a	tavara	to	kahi	ipinoo	bata	nom	ara	o	mata	kave,H-1PL.IN.PRON	make	now	ART2.SG	tavara	REL	TM1	measure	CONT	IPFV	1PL.IN.PRON	ART3.SG	mesh	net,`we make the \textit{tavara} (a piece of bamboo) which we are going to use for measuring the meshes of the net.',text_20_chapter_27_turtle_net,21,teop1238,teop1238a,WORD_ALIGNED,"{""PL"": ""plural"", ""IN"": ""inclusive"", ""PRON"": ""Pronoun"", ""ART"": ""Article"", ""SG"": ""singular"", ""REL"": ""Relative"", ""TM"": ""tense/modality"", ""CONT"": ""Continuity"", ""IPFV"": ""Imperfective""}"
teop1238a-text_20_chapter_27_turtle_net-22,"Be kavara amaa vamoromoroko, eara repaa taneo tea huha kave.",be	kavara	a=maa	va-moro{$\sim$}moroko	e-ara	re=paa	taneo	tea	huha	kave,when	finished	ART2.SG=PLM	MULT-RED{$\sim$}talk	H-1PL.IN.PRON	CONSEC=TM3	start	COMPL1	tie	net,"`When the discussions are finished, we start tying the net.'",text_20_chapter_27_turtle_net,22,teop1238,teop1238a,WORD_ALIGNED,"{""ART"": ""Article"", ""SG"": ""singular"", ""PLM"": ""Plural Marker"", ""MULT"": ""multiple situation"", ""RED"": ""reduplication"", ""PL"": ""plural"", ""IN"": ""inclusive"", ""PRON"": ""Pronoun"", ""CONSEC"": ""Consecutive"", ""TM"": ""tense/modality"", ""COMPL"": ""Complementizer""}"
teop1238a-text_20_chapter_27_turtle_net-23,"A kiu a beera, me kahi huha vuara bona maa bon amaa bero.",a	kiu	a	beera	me	kahi	huha	vu=ara	bona	maa	bon	a=maa	bero,ART2.SG	work	ART2.SG	big	and4	TM1	tie	PFV=1PL.IN.PRON	OBJ.ART2.SG	PLM	day	ART2.SG=PLM	many,"`The work is big, and we will tie (the net) many days.'",text_20_chapter_27_turtle_net,23,teop1238,teop1238a,WORD_ALIGNED,"{""ART"": ""Article"", ""SG"": ""singular"", ""TM"": ""tense/modality"", ""PFV"": ""Perfective"", ""PL"": ""plural"", ""IN"": ""inclusive"", ""PRON"": ""Pronoun"", ""OBJ"": ""Object"", ""PLM"": ""Plural Marker""}"
teop1238a-text_20_chapter_27_turtle_net-24,"Be kavara a kiu vaa tea huha, eara repaa paku pete a kiu vaa tea ibun bono kehaa.",be	kavara	a	kiu	vaa	tea	huha	e-ara	re=paa	paku	pete	a	kiu	vaa	tea	ibun	bono	kehaa,when	finished	ART2.SG	work	LNK	COMPL1	tie	H-1PL.IN.PRON	CONSEC=TM3	do	subsequently	ART2.SG	work	LNK	COMPL1	thread	OBJ.ART.3SG	shell,"`When the work of tying is finsihed, we will continue with the work of threading the shells.'",text_20_chapter_27_turtle_net,24,teop1238,teop1238a,WORD_ALIGNED,"{""ART"": ""Article"", ""SG"": ""singular"", ""LNK"": ""Linker"", ""COMPL"": ""Complementizer"", ""PL"": ""plural"", ""IN"": ""inclusive"", ""PRON"": ""Pronoun"", ""CONSEC"": ""Consecutive"", ""TM"": ""tense/modality"", ""OBJ"": ""Object""}"
teop1238a-text_20_chapter_27_turtle_net-25,Amaa kehaa bona to dao raara bono koriitoo.,a=maa	kehaa	bona	to	dao	ra=ara	bono	koriitoo,ART2.SG=PLM	shell	ANA.SG	REL	call	1PL.IN.IPFV=1PL.IN.PRON	OBJ.ART.3SG	Tiger.Cowrie,`These shells we call \textit{koriitoo} (`Tiger Cowrie').',text_20_chapter_27_turtle_net,25,teop1238,teop1238a,WORD_ALIGNED,"{""ART"": ""Article"", ""SG"": ""singular"", ""PLM"": ""Plural Marker"", ""ANA"": ""Anaphoric Demonstrative"", ""REL"": ""Relative"", ""PL"": ""plural"", ""IN"": ""inclusive"", ""IPFV"": ""Imperfective"", ""PRON"": ""Pronoun"", ""OBJ"": ""Object""}"
teop1238a-text_20_chapter_27_turtle_net-26,"O koriitoo kou to kahi ibun raara teo roveana vaa paana kave, eove to kahi rahirahi vaadovo bata ni nom bona kave.",o	koriitoo	kou	to	kahi	ibun	ra=ara	te=o	roveana	vaa	paa-n=a	kave	eove	to	kahi	rahi{$\sim$}rahi	va-dovo	bata	ni	nom	bona	kave,ART3.SG	Tiger.Cowrie	EMPH2	REL	TM1	thread	1PL.IN.IPFV=1PL.IN.PRON	PREP=ART3.SG	seam	LNK	bottom-3SG.POSS=ART2.SG	net	H.3SG.PRON	REL	TM1	RED{$\sim$}pull	CAUS-sink	CONT	APPL	IPFV	OBJ.ART2.SG	net,"`The Tiger Cowry shells we thread onto the seam at the bottom of the net, they will pull the net down (and) make it sink (into the deep sea).'",text_20_chapter_27_turtle_net,26,teop1238,teop1238a,WORD_ALIGNED,"{""ART"": ""Article"", ""SG"": ""singular"", ""EMPH"": ""Emphatic"", ""REL"": ""Relative"", ""TM"": ""tense/modality"", ""PL"": ""plural"", ""IN"": ""inclusive"", ""IPFV"": ""Imperfective"", ""PRON"": ""Pronoun"", ""PREP"": ""Preposition"", ""LNK"": ""Linker"", ""POSS"": ""Possessive Marker"", ""RED"": ""reduplication"", ""CAUS"": ""Causative"", ""CONT"": ""Continuity"", ""APPL"": ""Applicative Particle"", ""OBJ"": ""Object""}"
teop1238a-text_20_chapter_27_turtle_net-27,"Be kavara a kiu bona, eara repaa gono pete maa o buo roravita mene vaataena kave.",be	kavara	a	kiu	bona	e-ara	re=paa	gono	pete	maa	o	buo	roravita	mene	vaa-tae-n=a	kave,when	finished	ART2.SG	work	ANA.SG	H-1PL.IN.PRON	CONSEC=TM3	get	subsequently	hither	ART3.SG	two3.SG	Helmet.Shell	for	CAUS-bottom-3SG.POSS-ART2.SG	net,"`When this work is finished, we get two Helmet Shells for the bottom of the net.'\footnote{lit. `for making the bottom of the net'}",text_20_chapter_27_turtle_net,27,teop1238,teop1238a,WORD_ALIGNED,"{""ART"": ""Article"", ""SG"": ""singular"", ""ANA"": ""Anaphoric Demonstrative"", ""PL"": ""plural"", ""IN"": ""inclusive"", ""PRON"": ""Pronoun"", ""CONSEC"": ""Consecutive"", ""TM"": ""tense/modality"", ""CAUS"": ""Causative"", ""POSS"": ""Possessive Marker""}"
teop1238a-text_20_chapter_27_turtle_net-28,"O peho teo meho punete, o meho he teo meho punete.",o	peho	te=o	meho	punete	o	meho	he	te=o	meho	punete,ART3.SG	one3.SG	PREP=ART3.SG	other3.SG	edge	ART3.SG	other3.SG	ADVERS	PREP=ART3.SG	other3.SG	edge,"`One for one edge, the other one for the other edge.'",text_20_chapter_27_turtle_net,28,teop1238,teop1238a,WORD_ALIGNED,"{""ART"": ""Article"", ""SG"": ""singular"", ""PREP"": ""Preposition"", ""ADVERS"": ""Adversative Conjunction""}"
teop1238a-text_20_chapter_27_turtle_net-29,A bua kehaa bona to kahi ato vamasuu bata ni nom bona kave,a	bua	kehaa	bona	to	kahi	ato	va-masuu	bata	ni	nom	bona	kave,ART2.SG	two2.SG	shell	ANA.SG	REL	TM1	hold	ADVR-steady	CONT	APPL	IPFV	OBJ.ART2.SG	net,`These two shells will hold the net steady.',text_20_chapter_27_turtle_net,29,teop1238,teop1238a,WORD_ALIGNED,"{""ART"": ""Article"", ""SG"": ""singular"", ""ANA"": ""Anaphoric Demonstrative"", ""REL"": ""Relative"", ""TM"": ""tense/modality"", ""ADVR"": ""Adverbializer"", ""CONT"": ""Continuity"", ""APPL"": ""Applicative Particle"", ""IPFV"": ""Imperfective"", ""OBJ"": ""Object""}"
teop1238a-text_20_chapter_27_turtle_net-30,to mene orooro kahi batana bona maa hum to kahi vavaagunaha kave raara.,to	mene	oro{$\sim$}oro	kahi	bata-na	bona	maa	hum	to	kahi	va{$\sim$}vaa-gunaha	kave	ra=ara,REL	TM6	RED{$\sim$}float	from	CONT-3SG.IPFV	OBJ.ART2.SG	PLM	place	REL	TM1	MULT-CAUS-go.down	net	1PL.IN.IPFV=1PL.IN.PRON,`that otherwise would float away from the places where we would drop the net down.',text_20_chapter_27_turtle_net,30,teop1238,teop1238a,WORD_ALIGNED,"{""REL"": ""Relative"", ""TM"": ""tense/modality"", ""RED"": ""reduplication"", ""CONT"": ""Continuity"", ""SG"": ""singular"", ""IPFV"": ""Imperfective"", ""OBJ"": ""Object"", ""ART"": ""Article"", ""PLM"": ""Plural Marker"", ""MULT"": ""multiple situation"", ""CAUS"": ""Causative"", ""PL"": ""plural"", ""IN"": ""inclusive"", ""PRON"": ""Pronoun""}"
teop1238a-text_20_chapter_27_turtle_net-31,O buo kara haraharaa mee kahi pam ni raara teo buo roravita.,o	buo	kara	hara{$\sim$}haraa	mee	kahi	pam	ni	ra=ara	te=o	buo	roravita,ART3.SG	two3.SG	line	RED{$\sim$}feel	also	TM1	tie	APPL	1PL.IN.IPFV=1PL.IN.PRON	PREP=ART3.SG	two3.SG	Helmet.Shell,`We tie two feeling lines to the Helmet Shells.',text_20_chapter_27_turtle_net,31,teop1238,teop1238a,WORD_ALIGNED,"{""ART"": ""Article"", ""SG"": ""singular"", ""RED"": ""reduplication"", ""TM"": ""tense/modality"", ""APPL"": ""Applicative Particle"", ""PL"": ""plural"", ""IN"": ""inclusive"", ""IPFV"": ""Imperfective"", ""PRON"": ""Pronoun"", ""PREP"": ""Preposition""}"
teop1238a-text_20_chapter_27_turtle_net-32,O ogaoga na kave he na paku raara bono naono no baneo to paa hihi kahi vuara bona kapa nae.,o	ogaoga	n=a	kave	he	na	paku	ra=ara	bono	naono	n=o	baneo	to	paa	hihi	kahi	vu=ara	bona	kapa	nae,ART2.PL	float	3SG.POSS=ART2.SG	net	ADVERS	TM2	make	1PL.IN.IPFV=1PL.IN.PRON	OBJ.ART.3SG	wood	3SG.POSS=ART3.SG	breadfruit.tree	REL	TM3	remove	from	PFV=1PL.IN.PRON	ART2.SG	bark	3SG.POSS.PRON,"`The floats of the net, however, we make from the wood of the breadfruit tree from which we have removed its bark.'",text_20_chapter_27_turtle_net,32,teop1238,teop1238a,WORD_ALIGNED,"{""ART"": ""Article"", ""PL"": ""plural"", ""SG"": ""singular"", ""POSS"": ""Possessive Marker"", ""ADVERS"": ""Adversative Conjunction"", ""TM"": ""tense/modality"", ""IN"": ""inclusive"", ""IPFV"": ""Imperfective"", ""PRON"": ""Pronoun"", ""OBJ"": ""Object"", ""REL"": ""Relative"", ""PFV"": ""Perfective""}"
teop1238a-text_20_chapter_27_turtle_net-33,Na mosimosi vakakato raara beara ipinoo bata rae bona ta naono to paa vaantee vuara bona bebeahu no buo kobisi bebeahu na kuri raara.,na	mosi{$\sim$}mosi	va-kakato	ra=ara	be=ara	ipinoo	bata	ra=e	bona	ta	naono	to	paa	va-antee	vu=ara	bona	bebeahu	n=o	buo	kobisi	bebeahu	n=a	kuri	raara,TM2	RED{$\sim$}cut	CAUS-short	1PL.IN.IPFV=1PL.IN.PRON	when=1PL.IN.PRON	measure	CONT	1PL.IN.IPFV=3SG.PRON	ART2.SG	piece	wood	REL	TM3	CAUS-stop	PFV=1PL.IN.PRON	ART2.SG	length	3SG.POSS=ART3.SG	two3.SG	finger	long	3SG.POSS=ART2.SG	hand	1PL.IN.POSS.PRON,"`We cut it into short pieces, while measuring it with a piece of wood that we have made as long as the length of two middle fingers of our hand.'",text_20_chapter_27_turtle_net,33,teop1238,teop1238a,WORD_ALIGNED,"{""TM"": ""tense/modality"", ""RED"": ""reduplication"", ""CAUS"": ""Causative"", ""PL"": ""plural"", ""IN"": ""inclusive"", ""IPFV"": ""Imperfective"", ""PRON"": ""Pronoun"", ""CONT"": ""Continuity"", ""SG"": ""singular"", ""ART"": ""Article"", ""REL"": ""Relative"", ""PFV"": ""Perfective"", ""POSS"": ""Possessive Marker""}"
teop1238a-text_20_chapter_27_turtle_net-34,"Beara mosi kurukurus bata rae, a mosi toro kerun tamuana batana.",be=ara	mosi	kuru{$\sim$}kurus	bata	ra=e	a	mosi	toro	kerun	tamuana	bata-na,when=1PL.IN.PRON	cut	RED{$\sim$}cut.off	CONT	1PL.IN.IPFV=3SG.PRON	ART2.SG	cut	TM7	diagonal	always	CONT-3SG.IPFV,"`When we cut it into pieces, the cut must always be diagonal.'",text_20_chapter_27_turtle_net,34,teop1238,teop1238a,WORD_ALIGNED,"{""PL"": ""plural"", ""IN"": ""inclusive"", ""PRON"": ""Pronoun"", ""RED"": ""reduplication"", ""CONT"": ""Continuity"", ""IPFV"": ""Imperfective"", ""SG"": ""singular"", ""ART"": ""Article"", ""TM"": ""tense/modality""}"
teop1238a-text_20_chapter_27_turtle_net-35,"Eara kahi mosi kurus bata nom, beo meho sii aba vaanana vaaraka bata ni rori bari teo suraa,",e-ara	kahi	mosi	kurus	bata	nom	be=o	meho	sii	aba	vaa-nana	vaa-raka	bata	ni	rori	bari	te=o	suraa,H-1PL.IN.PRON	TM1	cut	cut.off	CONT	IPFV	while=ART2.PL	other2.PL	DIM	person	CAUS-warm	CAUS-dry	CONT	APPL	3PL.IPFV	4PL.PRON	PREP=ART3.SG	fire,"`We will do the cutting, while other people are warming and drying the pieces of wood over the fire,'",text_20_chapter_27_turtle_net,35,teop1238,teop1238a,WORD_ALIGNED,"{""PL"": ""plural"", ""IN"": ""inclusive"", ""PRON"": ""Pronoun"", ""TM"": ""tense/modality"", ""CONT"": ""Continuity"", ""IPFV"": ""Imperfective"", ""ART"": ""Article"", ""DIM"": ""Diminutive"", ""CAUS"": ""Causative"", ""APPL"": ""Applicative Particle"", ""PREP"": ""Preposition"", ""SG"": ""singular""}"
teop1238a-text_20_chapter_27_turtle_net-36,"Be kavara, eara repaa ibun mana riori tea kara kanono to dao raara bona roveana.",be	kavara	e-ara	re=paa	ibun	mana	ri=ori	te=a	kara	kanono	to	dao	ra=ara	bona	roveana,when	finished	H-1PL.IN.PRON	CONSEC=TM3	thread	eventually	3PL.OBJM=3PL.PRON	PREP=ART2.SG	string	string	REL	call	1PL.IN.IPFV=1PL.IN.PRON	OBJ.ART2.SG	seam,"`When (this is) finished, we thread them onto the string that we call the seam string.'",text_20_chapter_27_turtle_net,36,teop1238,teop1238a,WORD_ALIGNED,"{""PL"": ""plural"", ""IN"": ""inclusive"", ""PRON"": ""Pronoun"", ""CONSEC"": ""Consecutive"", ""TM"": ""tense/modality"", ""OBJM"": ""Object Marker"", ""PREP"": ""Preposition"", ""ART"": ""Article"", ""SG"": ""singular"", ""REL"": ""Relative"", ""IPFV"": ""Imperfective"", ""OBJ"": ""Object""}"
teop1238a-text_20_chapter_27_turtle_net-37,O kanono bona he na pakupaku raara bona roge.,o	kanono	bona	he	na	paku{$\sim$}paku	ra=ara	bona	roge,ART2.PL	string	ANA.SG	ADVERS	TM2	RED{$\sim$}make	1PL.IN.IPFV=1PL.IN.PRON	OBJ.ART2.SG	coastal.hibiscus,`This strings we make from the coastal hibiscus.',text_20_chapter_27_turtle_net,37,teop1238,teop1238a,WORD_ALIGNED,"{""ART"": ""Article"", ""PL"": ""plural"", ""ANA"": ""Anaphoric Demonstrative"", ""SG"": ""singular"", ""ADVERS"": ""Adversative Conjunction"", ""TM"": ""tense/modality"", ""RED"": ""reduplication"", ""IN"": ""inclusive"", ""IPFV"": ""Imperfective"", ""PRON"": ""Pronoun"", ""OBJ"": ""Object""}"
teop1238a-text_21_chapter_28_launching_the_turtle_net-1,A vaahoa kave goroto na tei me nana bona maa taatate nae.,a	vaa-hoa	kave	goroto	na	tei	me	nana	bona	maa	taatate	nae,ART3.SG	CAUS-push	net	turtle	TM2	be.there	with	3SG.IPFV	OBJ.ART2.SG	PLM	custom	3SG.POSS.PRON,`The launching of the turtle net is associated with certain customs.',text_21_chapter_28_launching_the_turtle_net,1,teop1238,teop1238a,WORD_ALIGNED,"{""ART"": ""Article"", ""SG"": ""singular"", ""CAUS"": ""Causative"", ""TM"": ""tense/modality"", ""IPFV"": ""Imperfective"", ""OBJ"": ""Object"", ""PLM"": ""Plural Marker"", ""POSS"": ""Possessive Marker"", ""PRON"": ""Pronoun""}"
teop1238a-text_21_chapter_28_launching_the_turtle_net-2,O taatate bona o vasisio na vavasisio kurusu ni raara.,o	taatate	bona	o	vasisio	na	va-vasisio	kurusu	ni	ra=ara,ART3.SG	tradition	ANA.SG	ART3.SG	respected	TM2	MULT-respect	very.much	APPL	1PL.IN.IPFV=1PL.IN.PRON,`These respected customs is very much respected by us.',text_21_chapter_28_launching_the_turtle_net,2,teop1238,teop1238a,WORD_ALIGNED,"{""ART"": ""Article"", ""SG"": ""singular"", ""ANA"": ""Anaphoric Demonstrative"", ""TM"": ""tense/modality"", ""MULT"": ""multiple situation"", ""APPL"": ""Applicative Particle"", ""PL"": ""plural"", ""IN"": ""inclusive"", ""IPFV"": ""Imperfective"", ""PRON"": ""Pronoun""}"
teop1238a-text_21_chapter_28_launching_the_turtle_net-3,"A otei vai a too aito toro viana ta buaku ge ta dorana ta otei, eove repaa mee ri bari rasuu tea aito.",a	otei	vai	a	too	aito	toro	viana	ta	buaku	ge	ta	dorana	ta	otei	eove	re=paa	mee	ri	bari	rasuu	tea	aito,ART2.SG	man	DEM6	ART2.SG	person	herbs	TM7	select	NSPEC2.SG	two	or	NSPEC2.SG	four	NSPEC2.SG	man	H.3SG.PRON	CONSEC=TM3	take	3PL.OBJM	4PL.PRON	jungle	COMPL1	collect.herbs,"`A man who is an expert on herbs selects two or four men, then he takes them into the jungle to collect herbs.'",text_21_chapter_28_launching_the_turtle_net,3,teop1238,teop1238a,WORD_ALIGNED,"{""ART"": ""Article"", ""SG"": ""singular"", ""DEM"": ""Demonstrative"", ""TM"": ""tense/modality"", ""NSPEC"": ""Non-Specific"", ""PRON"": ""Pronoun"", ""CONSEC"": ""Consecutive"", ""PL"": ""plural"", ""OBJM"": ""Object Marker"", ""COMPL"": ""Complementizer""}"
teop1238a-text_21_chapter_28_launching_the_turtle_net-4,"Beori aito vakavara maa, eori repaa ma hee ni bona aito tea peha moon to pasi ato ge kikira ni nom bona.",be=ori	aito	va-kavara	maa	e-ori	re=paa	ma	hee	ni	bona	aito	te=a	peha	moon	to	pasi	ato	ge	kikira	ni	nom	bona,when=3PL.PRON	collect.herbs	ADVR-complete	hither	H-3PL.PRON	CONSEC=TM3	come	give	APPL	OBJ.ART2.SG	herbs	PREP=ART2.SG	INDEF2.SG	woman	REL	TM4	hold	or	take.care	APPL	IPFV	4SG.PRON,"`When they have collected the herbs, they give them to a woman who will hold them or take care of them.'\footnote{lit. `When they finihed collecting herbs, then they give the collection of herbs to a woman ...'}",text_21_chapter_28_launching_the_turtle_net,4,teop1238,teop1238a,WORD_ALIGNED,"{""PL"": ""plural"", ""PRON"": ""Pronoun"", ""ADVR"": ""Adverbializer"", ""CONSEC"": ""Consecutive"", ""TM"": ""tense/modality"", ""APPL"": ""Applicative Particle"", ""OBJ"": ""Object"", ""ART"": ""Article"", ""SG"": ""singular"", ""PREP"": ""Preposition"", ""INDEF"": ""Indefinite"", ""REL"": ""Relative"", ""IPFV"": ""Imperfective""}"
teop1238a-text_21_chapter_28_launching_the_turtle_net-5,"A aito vai toro paku ara, beara vaasubunubu ni rara a vaahoa na kave goroto.",a	aito	vai	toro	paku	ara	be=ara	vaa-subunubu	ni	rara	a	vaa-hoa	n=a	kave	goroto,ART2.SG	collect.herbs	DEM6	TM7	do	1PL.IN.PRON	when=1PL.IN.PRON	CAUS-tomorrow	APPL	1PL.IN.IPFV	ART2.SG	CAUS-push	3SG.POSS=ART2.SG	net	turtle.,"`We must collect these herbs, when we plan the launching of the turtle net for the next day.'\footnote{lit. `This collecting herbs we must do ...'}",text_21_chapter_28_launching_the_turtle_net,5,teop1238,teop1238a,WORD_ALIGNED,"{""ART"": ""Article"", ""SG"": ""singular"", ""DEM"": ""Demonstrative"", ""TM"": ""tense/modality"", ""PL"": ""plural"", ""IN"": ""inclusive"", ""PRON"": ""Pronoun"", ""CAUS"": ""Causative"", ""APPL"": ""Applicative Particle"", ""IPFV"": ""Imperfective"", ""POSS"": ""Possessive Marker""}"
teop1238a-text_21_chapter_28_launching_the_turtle_net-6,A moon vai to kahi ato ni nana bona aito toro vaavavina nana bona too vaahito na kave goroto.,a	moon	vai	to	kahi	ato	ni	nana	bona	aito	toro	vaa-vavina	nana	bona	too	vaahito	n=a	kave	goroto,ART2.SG	woman	DEM6	REL	TM1	hold	APPL	3SG.IPFV	OBJ.ART2.SG	herbs	TM7	CAUS-sibling.of.different.sex	3SG.IPFV	OBJ.ART2.SG	person	own	3SG.POSS=ART2.SG	net	turtle.,`The woman who will hold the herbs must be the sister of the owner of the turtle net.',text_21_chapter_28_launching_the_turtle_net,6,teop1238,teop1238a,WORD_ALIGNED,"{""ART"": ""Article"", ""SG"": ""singular"", ""DEM"": ""Demonstrative"", ""REL"": ""Relative"", ""TM"": ""tense/modality"", ""APPL"": ""Applicative Particle"", ""IPFV"": ""Imperfective"", ""OBJ"": ""Object"", ""CAUS"": ""Causative"", ""POSS"": ""Possessive Marker""}"
teop1238a-text_21_chapter_28_launching_the_turtle_net-7,"Teo bon vaahoa na kave, eara repaa isuvu to buo koopu ruene,",te=o	bon	vaa-hoa	n=a	kave	e-ara	re=paa	isuvu	to	buo	koopu	ruene,"PREP=ART3.SG	day	CAUS-push	3SG.POSS=ART2.SG	net,	H-1PL.IN.PRON	CONSEC=TM3	fill	NSPEC3.SG	two3.SG	bamboo.container	water","`On the day of the net launch, we fill two bamboo water containers.'",text_21_chapter_28_launching_the_turtle_net,7,teop1238,teop1238a,WORD_ALIGNED,"{""PREP"": ""Preposition"", ""ART"": ""Article"", ""SG"": ""singular"", ""CAUS"": ""Causative"", ""POSS"": ""Possessive Marker"", ""PL"": ""plural"", ""IN"": ""inclusive"", ""PRON"": ""Pronoun"", ""CONSEC"": ""Consecutive"", ""TM"": ""tense/modality"", ""NSPEC"": ""Non-Specific""}"
teop1238a-text_21_chapter_28_launching_the_turtle_net-8,eara repaa vaatei a aito teebona.,e-ara	re=paa	vaa-tei	a	aito	tee=bona,H-1PL.IN.PRON	CONSEC=TM3	CAUS-be.there	ART2.SG	herbs	PREP=ANA.SG,`then we put the herbs into them.',text_21_chapter_28_launching_the_turtle_net,8,teop1238,teop1238a,WORD_ALIGNED,"{""PL"": ""plural"", ""IN"": ""inclusive"", ""PRON"": ""Pronoun"", ""CONSEC"": ""Consecutive"", ""TM"": ""tense/modality"", ""CAUS"": ""Causative"", ""ART"": ""Article"", ""SG"": ""singular"", ""PREP"": ""Preposition"", ""ANA"": ""Anaphoric Demonstrative""}"
teop1238a-text_21_chapter_28_launching_the_turtle_net-9,"Beara tau tahoa rakaha, eara repaa vaobete o buo ruene komano sinivi to vaa-hae batana bona kave.",be=ara	tau	ta-hoa	rakaha	e-ara	re=paa	va-obete	o	buo	ruene	koma-n=o	sinivi	to	vaahae	bata=na	bona	kave,when=1PL.IN.PRON	TM5	ACAUS-push	indeed	H-1PL.IN.PRON	CONSEC=TM3	CAUS-put	ART3.SG	two3.SG	water.container	inside-3SG.POSS=ART3.SG	canoe	REL	CAUS-board	CONT=3SG.IPFV	OBJ.ART2.SG	net.,"`Just when we are about to set off, we put the two water containers into the canoe which has the net on board.'",text_21_chapter_28_launching_the_turtle_net,9,teop1238,teop1238a,WORD_ALIGNED,"{""PL"": ""plural"", ""IN"": ""inclusive"", ""PRON"": ""Pronoun"", ""TM"": ""tense/modality"", ""ACAUS"": ""Anticausative"", ""CONSEC"": ""Consecutive"", ""CAUS"": ""Causative"", ""ART"": ""Article"", ""SG"": ""singular"", ""POSS"": ""Possessive Marker"", ""REL"": ""Relative"", ""CONT"": ""Continuity"", ""IPFV"": ""Imperfective"", ""OBJ"": ""Object""}"
teop1238a-text_21_chapter_28_launching_the_turtle_net-10,"Beara nao komana tahii, eara repaa sisi mana a kave teebona.",be=ara	nao	koma-n=a	tahii	e-ara	re=paa	sisi	mana	a	kave	tee=bona,"when=1PL.IN.PRON	go	inside-3SG.POSS=ART2.SG	sea,	H-1PL.IN.PRON	CONSEC=TM3	sprinkle	eventually	ART2.SG	net	PREP=ANA.SG","`When we put to sea, we sprinkle the net with them.'",text_21_chapter_28_launching_the_turtle_net,10,teop1238,teop1238a,WORD_ALIGNED,"{""PL"": ""plural"", ""IN"": ""inclusive"", ""PRON"": ""Pronoun"", ""SG"": ""singular"", ""POSS"": ""Possessive Marker"", ""ART"": ""Article"", ""CONSEC"": ""Consecutive"", ""TM"": ""tense/modality"", ""PREP"": ""Preposition"", ""ANA"": ""Anaphoric Demonstrative""}"
teop1238a-text_21_chapter_28_launching_the_turtle_net-11,O hum busubusu ge veo goroto na tei ge vanata komana ni raara ei saka tea irihi haana.,o	hum	busu{$\sim$}busu	ge	veo	goroto	na	va-nata	komana	ni	ra=ara	ei	saka	te=a	irihi	haa=na,ART3.SG	place	RED{$\sim$}throw	or	catch.with.net	turtle	TM2	MULT-know	self	APPL	1PL.IN.IPFV=1PL.IN.PRON	DEM2	NEG1	PREP=ART2.SG	edge.of.reef	NEG2=3SG.IPFV,"`The place where the net is thrown or where the turtle netting is done, we know, this is not at the edge of the reef.'",text_21_chapter_28_launching_the_turtle_net,11,teop1238,teop1238a,WORD_ALIGNED,"{""ART"": ""Article"", ""SG"": ""singular"", ""RED"": ""reduplication"", ""TM"": ""tense/modality"", ""MULT"": ""multiple situation"", ""APPL"": ""Applicative Particle"", ""PL"": ""plural"", ""IN"": ""inclusive"", ""IPFV"": ""Imperfective"", ""PRON"": ""Pronoun"", ""DEM"": ""Demonstrative"", ""NEG"": ""Negative"", ""PREP"": ""Preposition""}"
teop1238a-text_21_chapter_28_launching_the_turtle_net-12,"ahiki, amaa hum veo goroto toro kakaamuru to hiki nae o vasu.",ahiki	a=maa	hum	veo	goroto	toro	kakaamuru	to	hiki	nae	o	vasu,no	ART2.SG=PLM	place	catch.with.net	turtle	TM7	white.sand	REL	not.exist	3SG.IPFV	ART2.PL	stone,"`No, the places for turtle netting must be the white sand without stones.'",text_21_chapter_28_launching_the_turtle_net,12,teop1238,teop1238a,WORD_ALIGNED,"{""ART"": ""Article"", ""SG"": ""singular"", ""PLM"": ""Plural Marker"", ""TM"": ""tense/modality"", ""REL"": ""Relative"", ""IPFV"": ""Imperfective"", ""PL"": ""plural""}"
teop1238a-text_21_chapter_28_launching_the_turtle_net-13,"Beara busu gunaha nia kave en teo hum vasuvasu, a kave toro hana.",be=ara	busu	gunaha	ni=a	kave	en	te=o	hum	vasu{$\sim$}vasu	a	kave	toro	hana,when=1PL.IN.PRON	throw	go.down	APPL=ART2.SG	net	DEM3	PREP=ART3.SG	place	RED{$\sim$}stone	ART2.SG	net	TM7	hang,"`If we threw the net at a place full of stones, the net would get caught up there.'",text_21_chapter_28_launching_the_turtle_net,13,teop1238,teop1238a,WORD_ALIGNED,"{""PL"": ""plural"", ""IN"": ""inclusive"", ""PRON"": ""Pronoun"", ""APPL"": ""Applicative Particle"", ""ART"": ""Article"", ""SG"": ""singular"", ""DEM"": ""Demonstrative"", ""PREP"": ""Preposition"", ""RED"": ""reduplication"", ""TM"": ""tense/modality""}"
teop1238a-text_21_chapter_28_launching_the_turtle_net-14,"Mea maa hum veo goroto teara a ta Teapu ei Taenaruene, Teopasuna, Teanin.",me=a	maa	hum	veo	goroto	te=ara	a	ta	teapu	ei	taenaruene	teopasuna	teanin,"and4=ART2.SG	PLM	place	catch.with.net	turtle	PREP=1PL.IN.PRON	ART2.SG	people	Teapu	DEM2	Taenaruene,	Teopasuna,	Teanin.","`And the turtle netting places of us Teop people are Taenaruene, Teopasuna, Teanin.'",text_21_chapter_28_launching_the_turtle_net,14,teop1238,teop1238a,WORD_ALIGNED,"{""ART"": ""Article"", ""SG"": ""singular"", ""PLM"": ""Plural Marker"", ""PREP"": ""Preposition"", ""PL"": ""plural"", ""IN"": ""inclusive"", ""PRON"": ""Pronoun"", ""DEM"": ""Demonstrative""}"
teop1238a-text_21_chapter_28_launching_the_turtle_net-15,"Amaa hum bona kou na hiki nana to vasu, o kakaamuru koa.",a=maa	hum	bona	kou	na	hiki	nana	to	vasu	o	kakaamuru	koa,ART2.SG=PLM	place	ANA.SG	EMPH2	TM2	not.exist	3SG.IPFV	NSPEC2.PL	stone	ART3.SG	white.sand	only,"`These places do not have any stones, just white sand.'",text_21_chapter_28_launching_the_turtle_net,15,teop1238,teop1238a,WORD_ALIGNED,"{""ART"": ""Article"", ""SG"": ""singular"", ""PLM"": ""Plural Marker"", ""ANA"": ""Anaphoric Demonstrative"", ""EMPH"": ""Emphatic"", ""TM"": ""tense/modality"", ""IPFV"": ""Imperfective"", ""NSPEC"": ""Non-Specific"", ""PL"": ""plural""}"
teop1238a-text_22_chapter_29_bamboo_frame_net-1,A kakavei,a	kakavei,ART2.SG	kakavei.net,`The \textit{kakavei} net',text_22_chapter_29_bamboo_frame_net,1,teop1238,teop1238a,WORD_ALIGNED,"{""ART"": ""Article"", ""SG"": ""singular""}"
teop1238a-text_22_chapter_29_bamboo_frame_net-2,VAAMATATOPO NA MAA TABA,vaa-matatopo	n=a	maa	taba,CAUS-prepare	3SG.POSS=ART2.SG	PLM	thing,`THE PREPARATION OF THE THINGS (you need to make a pair of \textit{kakavei} nets):',text_22_chapter_29_bamboo_frame_net,2,teop1238,teop1238a,WORD_ALIGNED,"{""CAUS"": ""Causative"", ""SG"": ""singular"", ""POSS"": ""Possessive Marker"", ""ART"": ""Article"", ""PLM"": ""Plural Marker""}"
teop1238a-text_22_chapter_29_bamboo_frame_net-3,"Momohu kona nia kave tabae tau paku an, a kave a beera ge a rutaa.",momohu	kona	ni=a	kave	tabae	tau	paku	an	a	kave	a	beera	ge	a	rutaa,first	know	APPL=ART2.SG	net	what	TM5	make	2SG.PRON	ART2.SG	net	ART2.SG	big	or	ART2.SG	small,"`First think about what kind of net you are going to make, a large net or a small one.'",text_22_chapter_29_bamboo_frame_net,3,teop1238,teop1238a,WORD_ALIGNED,"{""APPL"": ""Applicative Particle"", ""ART"": ""Article"", ""SG"": ""singular"", ""TM"": ""tense/modality"", ""PRON"": ""Pronoun""}"
teop1238a-text_22_chapter_29_bamboo_frame_net-4,"Beo hum bona kavara, erau ean antee vai tea kaokao a maamihu taba na kakavei tean.",be=o	hum	bona	kavara	erau	e-an	antee	vai	tea	kao{$\sim$}kao	a	maamihu	taba	n=a	kakavei	te=an,when=ART3.SG	part	ANA.SG	finished	then	H-2SG.PRON	can	now	COMPL1	RED{$\sim$}go.ahead	ART2.SG	all.sorts.of	thing	3SG.POSS=ART2.SG	kakavei.net	PREP=2SG.PRON,"`When this part is finished, then you can go ahead with all the things of your \textit{kakavei} net.'",text_22_chapter_29_bamboo_frame_net,4,teop1238,teop1238a,WORD_ALIGNED,"{""ART"": ""Article"", ""SG"": ""singular"", ""ANA"": ""Anaphoric Demonstrative"", ""PRON"": ""Pronoun"", ""COMPL"": ""Complementizer"", ""RED"": ""reduplication"", ""POSS"": ""Possessive Marker"", ""PREP"": ""Preposition""}"
teop1238a-text_22_chapter_29_bamboo_frame_net-5,Kona ni amaa humhum na kakavei.,kona	ni	a=maa	hum{$\sim$}hum	n=a	kakavei,think	APPL	ART2.SG=PLM	RED{$\sim$}part	3SG.POSS=ART2.SG	kakavei.net,`Think of the parts of the \textit{kakavei} net.',text_22_chapter_29_bamboo_frame_net,5,teop1238,teop1238a,WORD_ALIGNED,"{""APPL"": ""Applicative Particle"", ""ART"": ""Article"", ""SG"": ""singular"", ""PLM"": ""Plural Marker"", ""RED"": ""reduplication"", ""POSS"": ""Possessive Marker""}"
teop1238a-text_22_chapter_29_bamboo_frame_net-6,A hena na maa taba paku na kakavei:,a	hena	n=a	maa	taba	paku	n=a	kakavei,ART2.SG	name	3SG.POSS=ART2.SG	PLM	thing	make	3SG.POSS=ART2.SG	kakavei:,`The names of the things for making a \textit{kakavei} net:',text_22_chapter_29_bamboo_frame_net,6,teop1238,teop1238a,WORD_ALIGNED,"{""ART"": ""Article"", ""SG"": ""singular"", ""POSS"": ""Possessive Marker"", ""PLM"": ""Plural Marker""}"
teop1238a-text_22_chapter_29_bamboo_frame_net-7,1. koverau (baoru) -- 2,1	koverau	(baoru)	-	2,1	koverau.bamboo	(bent)	-	2,`two bent \textit{koverau} bamboos',text_22_chapter_29_bamboo_frame_net,7,teop1238,teop1238a,WORD_ALIGNED,{}
teop1238a-text_22_chapter_29_bamboo_frame_net-8,2. kapikapis -- 8,2	kapi{$\sim$}kapis	-	8,2	RED{$\sim$}wedge	-	8,`eight wedges (made of wood)',text_22_chapter_29_bamboo_frame_net,8,teop1238,teop1238a,WORD_ALIGNED,"{""RED"": ""reduplication""}"
teop1238a-text_22_chapter_29_bamboo_frame_net-9,3. kara raviana -- 6,3	kara	raviana	-	6,3	string	raviana.vine	-	6,`six strings made of \textit{raviana} vines',text_22_chapter_29_bamboo_frame_net,9,teop1238,teop1238a,WORD_ALIGNED,{}
teop1238a-text_22_chapter_29_bamboo_frame_net-10,4. toorana (naono) -- 2,4	toorana	(naono)	-	2,4	short.pole	(wood)	-	2,`two \textit{torana} poles to which the bamboo is tied.',text_22_chapter_29_bamboo_frame_net,10,teop1238,teop1238a,WORD_ALIGNED,{}
teop1238a-text_22_chapter_29_bamboo_frame_net-11,5. sunsun (miimiana) -- 2,5	sunsun	(miimiana)	-	2,5	sunsun.pole	(miimiana)	-	2,"`two \textit{sunsun} poles of \textit{miimiana} palm wood,'",text_22_chapter_29_bamboo_frame_net,11,teop1238,teop1238a,WORD_ALIGNED,{}
teop1238a-text_22_chapter_29_bamboo_frame_net-12,6. kara baneo ge kave -- bero,6	kara	baneo	ge	kave	-	bero,6	string	breadfruit.tree	or	net.vine	-	many,`many strings made of fibres of the young breadfruit tree or the net vine',text_22_chapter_29_bamboo_frame_net,12,teop1238,teop1238a,WORD_ALIGNED,{}
teop1238a-text_22_chapter_29_bamboo_frame_net-13,7. tavara (kururu) -- 1,7	tavara	(kururu)	-	1,7	tavara	(kururu.bamboo)	-	1,`a small rectangular piece of \textit{kururu} bamboo (2 x 4 inches) that is used to measure the size of the meshes of the net',text_22_chapter_29_bamboo_frame_net,13,teop1238,teop1238a,WORD_ALIGNED,{}
teop1238a-text_22_chapter_29_bamboo_frame_net-14,8. hihiana (o koverau o rutaa),8	hihiana	o	koverau	o	rutaa,8	needle	ART3.SG	koverau	ART3.SG	small,`a net needle made of a small piece of \textit{koverau} bamboo',text_22_chapter_29_bamboo_frame_net,14,teop1238,teop1238a,WORD_ALIGNED,"{""ART"": ""Article"", ""SG"": ""singular""}"
teop1238a-text_22_chapter_29_bamboo_frame_net-15,"Bean tau paku a kakavei,",be=an	tau	paku	a	kakavei,when=2SG.PRON	TM5	make	ART2.SG	kakavei.net,"`When you are about to make a \textit{kakavei} net,'",text_22_chapter_29_bamboo_frame_net,15,teop1238,teop1238a,WORD_ALIGNED,"{""SG"": ""singular"", ""PRON"": ""Pronoun"", ""TM"": ""tense/modality"", ""ART"": ""Article""}"
teop1238a-text_22_chapter_29_bamboo_frame_net-16,evei amaa taba toro vaamatatopo an.,eve=i	a=maa	taba	toro	vaa-matatopo	an,3SG.PRON=DEM1	ART2.SG=PLM	thing	TM7	CAUS-prepared	2SG.PRON,`these are the things that you must prepare.',text_22_chapter_29_bamboo_frame_net,16,teop1238,teop1238a,WORD_ALIGNED,"{""SG"": ""singular"", ""PRON"": ""Pronoun"", ""DEM"": ""Demonstrative"", ""ART"": ""Article"", ""PLM"": ""Plural Marker"", ""TM"": ""tense/modality"", ""CAUS"": ""Causative""}"
teop1238a-text_22_chapter_29_bamboo_frame_net-17,(1) O buaku o koverau mene o buo baoru.,(1)	o	buaku	o	koverau	mene	o	buo	baoru,(1)	ART3.SG	two	ART3.SG	koverau	for	ART3.SG	two3.SG	bamboo.frame,`Two \textit{koverau} bamboos for two bamboo frames.',text_22_chapter_29_bamboo_frame_net,17,teop1238,teop1238a,WORD_ALIGNED,"{""ART"": ""Article"", ""SG"": ""singular""}"
teop1238a-text_22_chapter_29_bamboo_frame_net-18,Mosi amaa koverau vai amaa manoto vamataa.,mosi	a=maa	koverau	vai	a=maa	manoto	va-mataa,cut	ART2=PLM	koverau	DEM6	ART2=PLM	mature	ADVR-good,`Cut fully matured \textit{koverau} bamboos.',text_22_chapter_29_bamboo_frame_net,18,teop1238,teop1238a,WORD_ALIGNED,"{""ART"": ""Article"", ""PLM"": ""Plural Marker"", ""DEM"": ""Demonstrative"", ""ADVR"": ""Adverbializer""}"
teop1238a-text_22_chapter_29_bamboo_frame_net-19,Vaaraka vamatai tea roava.,vaa-raka	va-mataa=i	te=a	roava,CAUS-dry	ADVR-good=3SG.PRON	PREP=ART2.SG	sun,`Let them thoroughly dry in the sun.',text_22_chapter_29_bamboo_frame_net,19,teop1238,teop1238a,WORD_ALIGNED,"{""CAUS"": ""Causative"", ""ADVR"": ""Adverbializer"", ""SG"": ""singular"", ""PRON"": ""Pronoun"", ""PREP"": ""Preposition"", ""ART"": ""Article""}"
teop1238a-text_22_chapter_29_bamboo_frame_net-20,Taraha taatagi amaa koverau bona.,taraha	taatagi	a=maa	koverau	bona,level	carefully	ART2=PLM	koverau	ANA.SG,`Carefully level the outside of these \textit{koverau} bamboos (i.e. the knots).',text_22_chapter_29_bamboo_frame_net,20,teop1238,teop1238a,WORD_ALIGNED,"{""ART"": ""Article"", ""PLM"": ""Plural Marker"", ""ANA"": ""Anaphoric Demonstrative"", ""SG"": ""singular""}"
teop1238a-text_22_chapter_29_bamboo_frame_net-21,(2) O buaku o toorana toro mosi maa. Vaarakai tea roava.,(2)	o	buaku	o	toorana	toro	mosi	maa	vaa-raka=i	te=a	roava,(2)	ART3.SG	two	ART3.SG	toorana	TM7	cut	hither	CAUS-dry=3SG.PRON	PREP=ART2.SG	sun,`The two \textit{toorana} must be cut. Let them dry in the sun.',text_22_chapter_29_bamboo_frame_net,21,teop1238,teop1238a,WORD_ALIGNED,"{""ART"": ""Article"", ""SG"": ""singular"", ""TM"": ""tense/modality"", ""CAUS"": ""Causative"", ""PRON"": ""Pronoun"", ""PREP"": ""Preposition""}"
teop1238a-text_22_chapter_29_bamboo_frame_net-22,(3) Mosi maa o mimiana mene o buaku o sunsun.,(3)	mosi	maa	o	miimiana	mene	o	buaku	o	sunsun,(3)	cut	PLM	ART3.SG	miimiana.palm	for	ART3.SG	two	ART3.SG	sunsun.pole,`Cut a \textit{miimiana} palm for the two \textit{sunsun} poles.',text_22_chapter_29_bamboo_frame_net,22,teop1238,teop1238a,WORD_ALIGNED,"{""PLM"": ""Plural Marker"", ""ART"": ""Article"", ""SG"": ""singular""}"
teop1238a-text_22_chapter_29_bamboo_frame_net-23,Vaarakai mee tea roava.,vaa-raka=i	mee	te=a	roava,CAUS-dry=3SG.PRON	also	PREP=ART2.SG	sun,`Let it also dry in the sun.',text_22_chapter_29_bamboo_frame_net,23,teop1238,teop1238a,WORD_ALIGNED,"{""CAUS"": ""Causative"", ""SG"": ""singular"", ""PRON"": ""Pronoun"", ""PREP"": ""Preposition"", ""ART"": ""Article""}"
teop1238a-text_22_chapter_29_bamboo_frame_net-24,"(4) Mosi a vahara baneo, kahu a kapa nae, vaatei tea roava ore raka.",(4)	mosi	a	vahara	baneo	kahu	a	kapa	nae	vaa-tei	te=a	roava	o=re	raka,(4)	cut	ART3.PL	small.PL	breadfruit.tree	scrape	ART2.SG	bark	3SG.POSS.PRON	CAUS-be.there	PREP=ART2.SG	sun	3.PRON=CONSEC	dry,"`Cut young breadfruit trees, scrape off the bark, put them in the sun to dry.'",text_22_chapter_29_bamboo_frame_net,24,teop1238,teop1238a,WORD_ALIGNED,"{""ART"": ""Article"", ""PL"": ""plural"", ""SG"": ""singular"", ""POSS"": ""Possessive Marker"", ""PRON"": ""Pronoun"", ""CAUS"": ""Causative"", ""PREP"": ""Preposition"", ""CONSEC"": ""Consecutive""}"
teop1238a-text_22_chapter_29_bamboo_frame_net-25,"Be raka, hihi a kara nae mene paku bona kanono.",be	raka	hihi	a	kara	nae	mene	paku	bona	kanono,when	dry	pull.off	ART2.SG	fibres	3SG.POSS.PRON	for	make	OBJ.ART2.SG	string,"`When they are dry, pull their fibres off to make the string.'",text_22_chapter_29_bamboo_frame_net,25,teop1238,teop1238a,WORD_ALIGNED,"{""ART"": ""Article"", ""SG"": ""singular"", ""POSS"": ""Possessive Marker"", ""PRON"": ""Pronoun"", ""OBJ"": ""Object""}"
teop1238a-text_22_chapter_29_bamboo_frame_net-26,"Bean rake, ean repaa kurus kara kave maa rasuu.",be=an	rake	e-an	re=paa	kurus	kara	kave	maa	rasuu,if=2SG.PRON	want	H-2SG.PRON	CONSEC=TM3	cut.off	vine	net	hither	jungle,"`If you want, you cut net vines in the jungle.'",text_22_chapter_29_bamboo_frame_net,26,teop1238,teop1238a,WORD_ALIGNED,"{""SG"": ""singular"", ""PRON"": ""Pronoun"", ""CONSEC"": ""Consecutive"", ""TM"": ""tense/modality""}"
teop1238a-text_22_chapter_29_bamboo_frame_net-27,"Vaarakai tea roava, ean repaa kahue bona kehaa.",vaa-raka=i	te=a	roava	e-an	re=paa	kahu=e	bona	kehaa,CAUS-dry=3SG.PRON	PREP=ART2.SG	sun	H-2SG.PRON	CONSEC=TM3	scrape=3SG.PRON	OBJ.ART2.SG	shell,"`Let them dry in the sun, and then you scrape them with a shell.'",text_22_chapter_29_bamboo_frame_net,27,teop1238,teop1238a,WORD_ALIGNED,"{""CAUS"": ""Causative"", ""SG"": ""singular"", ""PRON"": ""Pronoun"", ""PREP"": ""Preposition"", ""ART"": ""Article"", ""CONSEC"": ""Consecutive"", ""TM"": ""tense/modality"", ""OBJ"": ""Object""}"
teop1238a-text_22_chapter_29_bamboo_frame_net-28,Ean repaa paku a kanono mene huha bona kakavei.,e-an	re=paa	paku	a	kanono	mene	huha	bona	kakavei,H-2SG.PRON	CONSEC=TM3	make	ART2.SG	string	for	tie	OBJ.ART2.SG	kakavei.net,`Then you make the string for tying the \textit{kakavei} net.',text_22_chapter_29_bamboo_frame_net,28,teop1238,teop1238a,WORD_ALIGNED,"{""SG"": ""singular"", ""PRON"": ""Pronoun"", ""CONSEC"": ""Consecutive"", ""TM"": ""tense/modality"", ""ART"": ""Article"", ""OBJ"": ""Object""}"
teop1238a-text_22_chapter_29_bamboo_frame_net-29,(5) Tasu varaba maa a raviana rasuu.,(5)	tasu	varaba	maa	a	raviana	rasuu,(5)	cut.vine	in.advance	hither	ART3.PL	raviana.vine	jungle,`Cut the \textit{raviana} vines in advance in the jungle.',text_22_chapter_29_bamboo_frame_net,29,teop1238,teop1238a,WORD_ALIGNED,"{""ART"": ""Article"", ""PL"": ""plural""}"
teop1238a-text_22_chapter_29_bamboo_frame_net-30,Vaarakai tea roava bean siri kopaa varaba batae.,vaa-raka=i	te=a	roava	be=an	siri	kopaa	varaba	bata=e,CAUS-dry=3SG.PRON	PREP=ART2.SG	sun	when=2SG.PRON	tear	cut.lengthwise	in.advance	CONT=3SG.PRON,`Let them dry in the sun after you have torn them (the fibres) lengthwise apart.',text_22_chapter_29_bamboo_frame_net,30,teop1238,teop1238a,WORD_ALIGNED,"{""CAUS"": ""Causative"", ""SG"": ""singular"", ""PRON"": ""Pronoun"", ""PREP"": ""Preposition"", ""ART"": ""Article"", ""CONT"": ""Continuity""}"
teop1238a-text_22_chapter_29_bamboo_frame_net-31,(6) O kapikapis: Amaa ta naono vaarii na taraha vakavara raara mene kapis bona maa pampam na kakavei.,(6)	o	kapikapis	a=maa	ta	naono	vaarii	na	taraha	va-kavara	ra=ara	mene	kapis	bona	maa	pam{$\sim$}pam	n=a	kakavei,(6)	ART2.PL	wedge	ART2=PLM	piece	wood	DEM6.PL	TM2	carve	ADVR-complete	1PL.IN.IPFV=1PL.IN.PRON	for	wedge	OBJ.ART2.PL	PLM	RED{$\sim$}lash	3SG.POSS=ART2.SG	kakavei.net,`The wedges: we carve all these pieces of wood to wedge them into the lashings of the \textit{kakavei} net.',text_22_chapter_29_bamboo_frame_net,31,teop1238,teop1238a,WORD_ALIGNED,"{""ART"": ""Article"", ""PL"": ""plural"", ""PLM"": ""Plural Marker"", ""DEM"": ""Demonstrative"", ""TM"": ""tense/modality"", ""ADVR"": ""Adverbializer"", ""IN"": ""inclusive"", ""IPFV"": ""Imperfective"", ""PRON"": ""Pronoun"", ""OBJ"": ""Object"", ""RED"": ""reduplication"", ""SG"": ""singular"", ""POSS"": ""Possessive Marker""}"
teop1238a-text_22_chapter_29_bamboo_frame_net-32,Taraha vaantee eta kukan totoka to antee nana bona a buaku a kakavei.,taraha	va-antee	e=ta	kukan	totoka	to	antee	nana	bona	buaku	a	kakavei,carve	ADVR-enough	ART1.SG=piece	three	on.top.of.five	REL	be.enough.for	3SG.IPFV	OBJ.ART2.SG	two	ART2.SG	kakavei.net,`Carve eight pieces which will be enough for the two \textit{kakavei} nets.',text_22_chapter_29_bamboo_frame_net,32,teop1238,teop1238a,WORD_ALIGNED,"{""ADVR"": ""Adverbializer"", ""ART"": ""Article"", ""SG"": ""singular"", ""REL"": ""Relative"", ""IPFV"": ""Imperfective"", ""OBJ"": ""Object""}"
teop1238a-text_22_chapter_29_bamboo_frame_net-33,(7) Vaamatatopo varaba a tavara.,(7)	vaa-matatopo	varaba	a	tavara,(7)	CAUS-be.prepared	in.advance	ART2.SG	tavara,`Prepare the \textit{tavara}.',text_22_chapter_29_bamboo_frame_net,33,teop1238,teop1238a,WORD_ALIGNED,"{""CAUS"": ""Causative"", ""ART"": ""Article"", ""SG"": ""singular""}"
teop1238a-text_22_chapter_29_bamboo_frame_net-34,(8) Vaamatatopo varaba o koverau o rutaa mene o hihiana.,(8)	vaa-matatopo	varaba	o	koverau	o	rutaa	mene	o	hihiana,(8)	CAUS-be.prepared	in.anvance	ART3.SG	koverau.bamboo	ART3.SG	small	for	ART3.SG	net.needle,`Prepare a small piece of \textit{koverau} bamboo for the net needle.',text_22_chapter_29_bamboo_frame_net,34,teop1238,teop1238a,WORD_ALIGNED,"{""CAUS"": ""Causative"", ""ART"": ""Article"", ""SG"": ""singular""}"
teop1238a-text_22_chapter_29_bamboo_frame_net-35,VAAMATATOPO A KANONO,vaa-matatopo	a	kanono,CAUS-be.prepared	ART2.SG	string,`PREPARE THE STRING.',text_22_chapter_29_bamboo_frame_net,35,teop1238,teop1238a,WORD_ALIGNED,"{""CAUS"": ""Causative"", ""ART"": ""Article"", ""SG"": ""singular""}"
teop1238a-text_22_chapter_29_bamboo_frame_net-36,O hum kiu vai na beera oha vareko nana.,o	hum	kiu	vai	na	beera	oha	vareko	nana,ART3.SG	part	work	DEM6	TM2	big	exceed	quite	3SG.IPFV,`This part of the work is quite labour intensive.',text_22_chapter_29_bamboo_frame_net,36,teop1238,teop1238a,WORD_ALIGNED,"{""ART"": ""Article"", ""SG"": ""singular"", ""DEM"": ""Demonstrative"", ""TM"": ""tense/modality"", ""IPFV"": ""Imperfective""}"
teop1238a-text_22_chapter_29_bamboo_frame_net-37,Ean kahi tagihu nom rasuu tea kurus kave.,e-an	kahi	tagihu	nom	rasuu	tea	kurus	kave,H-2SG.PRON	TM1	go.into.the.jungle	IPFV	jungle	COMPL1	cut.off	net.vine,`You go into the jungle to cut net-vines.',text_22_chapter_29_bamboo_frame_net,37,teop1238,teop1238a,WORD_ALIGNED,"{""SG"": ""singular"", ""PRON"": ""Pronoun"", ""TM"": ""tense/modality"", ""IPFV"": ""Imperfective"", ""COMPL"": ""Complementizer""}"
teop1238a-text_22_chapter_29_bamboo_frame_net-38,"O kave na abeabe batana tea naono, saka tei vananaoana vira haana me.",o	kave	na	abe{$\sim$}abe	bata-na	te=a	naono	saka	tei	va-nanaoana	vira	haa=na	mee,ART3.SG	net.vine	TM2	RED{$\sim$}creep	CONT-3SG.IPFV	PREP=ART3.PL	tree	NEG1	be.there	ADVR-far.away	very	NEG2=3SG.IPFV	also,"`The \textit{kave}-vine is creeping on the trees, it is also not very far away.'",text_22_chapter_29_bamboo_frame_net,38,teop1238,teop1238a,WORD_ALIGNED,"{""ART"": ""Article"", ""SG"": ""singular"", ""TM"": ""tense/modality"", ""RED"": ""reduplication"", ""CONT"": ""Continuity"", ""IPFV"": ""Imperfective"", ""PREP"": ""Preposition"", ""PL"": ""plural"", ""NEG"": ""Negative"", ""ADVR"": ""Adverbializer""}"
teop1238a-text_22_chapter_29_bamboo_frame_net-39,"Bean suguna koa to abe vaberobero riori,",be=an	suguna	koa	to	abe	va-bero{$\sim$}bero	ri=ori,when=2SG.PRON	arrive	just	REL	creep	MULT-RED{$\sim$}many	3PL.IPFV=3PL.PRON,"`When you have arrived where they are creeping in large quantities,'",text_22_chapter_29_bamboo_frame_net,39,teop1238,teop1238a,WORD_ALIGNED,"{""SG"": ""singular"", ""PRON"": ""Pronoun"", ""REL"": ""Relative"", ""MULT"": ""multiple situation"", ""RED"": ""reduplication"", ""PL"": ""plural"", ""IPFV"": ""Imperfective""}"
teop1238a-text_22_chapter_29_bamboo_frame_net-40,"ean repaa saku koa tea kurus, ean repaa voosu vahaa koa.",e-an	re=paa	saku	koa	tea	kurus	e-an	re=paa	voosu	vahaa	koa,H-2SG.PRON	CONSEC=TM3	be.quick	just	COMPL1	cut.off	H-2SG.PRON	CONSEC=TM3	go.home	again	just,`you just quickly cut them and then you go back home.',text_22_chapter_29_bamboo_frame_net,40,teop1238,teop1238a,WORD_ALIGNED,"{""SG"": ""singular"", ""PRON"": ""Pronoun"", ""CONSEC"": ""Consecutive"", ""TM"": ""tense/modality"", ""COMPL"": ""Complementizer""}"
teop1238a-text_22_chapter_29_bamboo_frame_net-41,"Bean voosu me amaa dee kave, pasi vaobete roho noman,",be=an	voosu	me	a=maa	dee	kave	pasi	va-obete	roho	nom=an,when=2SG.PRON	go.home	with	ART2=PLM	load	net.vine	TM4	CAUS-lie	before	IPFV=2SG.PRON,"`When you come home with loads of net-vines, you first lay them down,'",text_22_chapter_29_bamboo_frame_net,41,teop1238,teop1238a,WORD_ALIGNED,"{""SG"": ""singular"", ""PRON"": ""Pronoun"", ""ART"": ""Article"", ""PLM"": ""Plural Marker"", ""TM"": ""tense/modality"", ""CAUS"": ""Causative"", ""IPFV"": ""Imperfective""}"
teop1238a-text_22_chapter_29_bamboo_frame_net-42,eve re meapa roho.,eve	re	meapa	roho,3SG.PRON	CONSEC	flexible	before,`so that they become flexible.',text_22_chapter_29_bamboo_frame_net,42,teop1238,teop1238a,WORD_ALIGNED,"{""SG"": ""singular"", ""PRON"": ""Pronoun"", ""CONSEC"": ""Consecutive""}"
teop1238a-text_22_chapter_29_bamboo_frame_net-43,"Beve meapa, ean repaa hihi manae,",beve	meapa	e-an	re=paa	hihi	mana=e,when.3SG.PRON	flexible	H-2SG.PRON	CONSEC=TM3	pull.off.fibres	eventually=3SG.PRON,"`When they are flexible, you eventually remove the fibres from them,'",text_22_chapter_29_bamboo_frame_net,43,teop1238,teop1238a,WORD_ALIGNED,"{""SG"": ""singular"", ""PRON"": ""Pronoun"", ""CONSEC"": ""Consecutive"", ""TM"": ""tense/modality""}"
teop1238a-text_22_chapter_29_bamboo_frame_net-44,ean repaa kahu batae mee.,e-an	re=paa	kahu	bata=e	mee,H-2SG.PRON	CONSEC=TM3	scape	CONT=3SG.PRON	also,`then you also scrape them.',text_22_chapter_29_bamboo_frame_net,44,teop1238,teop1238a,WORD_ALIGNED,"{""SG"": ""singular"", ""PRON"": ""Pronoun"", ""CONSEC"": ""Consecutive"", ""TM"": ""tense/modality"", ""CONT"": ""Continuity""}"
teop1238a-text_22_chapter_29_bamboo_frame_net-45,"Bean kahu vakavarae,",be=an	kahu	va-kavara=e,when=2SG.PRON	scrape	ADVR-complete=3SG.PRON,"`When you have completely scraped them,'",text_22_chapter_29_bamboo_frame_net,45,teop1238,teop1238a,WORD_ALIGNED,"{""SG"": ""singular"", ""PRON"": ""Pronoun"", ""ADVR"": ""Adverbializer""}"
teop1238a-text_22_chapter_29_bamboo_frame_net-46,ean repaa varoava e ore raka.,e-an	re=paa	va-roava	e	o=re	raka,H-2SG.PRON	CONSEC=TM3	CAUS-be.in.the.sun	3SG.PRON	3.PRON=CONSEC	dry,`you put them into the sun to dry.',text_22_chapter_29_bamboo_frame_net,46,teop1238,teop1238a,WORD_ALIGNED,"{""SG"": ""singular"", ""PRON"": ""Pronoun"", ""CONSEC"": ""Consecutive"", ""TM"": ""tense/modality"", ""CAUS"": ""Causative""}"
teop1238a-text_22_chapter_29_bamboo_frame_net-47,"Be raka vamataa, ean repaa viru a kanono tean.",be	raka	va-mataa	e-an	re=paa	viru	a	kanono	te=an,when	dry	ADVR-good	H-2SG.PRON	CONSEC=TM3	twist	ART2.SG	string	PREP=2SG.PRON,"`When they have dried up well, you twist your string.'",text_22_chapter_29_bamboo_frame_net,47,teop1238,teop1238a,WORD_ALIGNED,"{""ADVR"": ""Adverbializer"", ""SG"": ""singular"", ""PRON"": ""Pronoun"", ""CONSEC"": ""Consecutive"", ""TM"": ""tense/modality"", ""ART"": ""Article"", ""PREP"": ""Preposition""}"
teop1238a-text_22_chapter_29_bamboo_frame_net-48,A kanono bona to kahi huha noman bona kakavei tean.,a	kanono	bona	to	kahi	huha	nom=an	bona	kakavei	te=an,ART2.SG	string	ANA.SG	REL	TM1	tie	IPFV=2SG.PRON	OBJ.ART2.SG	kakavei.net	PREP=2SG.PRON,`This string (is the one) that you are going to tie your \textit{kakavei} net with.',text_22_chapter_29_bamboo_frame_net,48,teop1238,teop1238a,WORD_ALIGNED,"{""ART"": ""Article"", ""SG"": ""singular"", ""ANA"": ""Anaphoric Demonstrative"", ""REL"": ""Relative"", ""TM"": ""tense/modality"", ""IPFV"": ""Imperfective"", ""PRON"": ""Pronoun"", ""OBJ"": ""Object"", ""PREP"": ""Preposition""}"
teop1238a-text_22_chapter_29_bamboo_frame_net-49,A kanono toro antee bona buaku a kakavei a bua vapara.,a	kanono	toro	antee	bona	buaku	a	kakavei	a	bua	vapara,ART2.SG	string	TM7	enough.for	OBJ.ART2.SG	two	ART2.SG	kakavei.net	ART2.SG	two2.SG	partner,"`The string must be (long) enough for the pair of \textit{kakavei}-nets.'\footnote{lit. `two \textit{kakavei}-nets, two partners'}",text_22_chapter_29_bamboo_frame_net,49,teop1238,teop1238a,WORD_ALIGNED,"{""ART"": ""Article"", ""SG"": ""singular"", ""TM"": ""tense/modality"", ""OBJ"": ""Object""}"
teop1238a-text_22_chapter_29_bamboo_frame_net-50,HUHA KAKAVEI,huha	kakavei,tie	kakavei.net,`TIE KAKAVEI NETS',text_22_chapter_29_bamboo_frame_net,50,teop1238,teop1238a,WORD_ALIGNED,{}
teop1238a-text_22_chapter_29_bamboo_frame_net-51,"Bea maa taba vai matatopo, ean antee vai tea huha a kave.",be=a	maa	taba	vai	matatopo	e-an	antee	vai	tea	huha	a	kave,when=ART2.SG	PLM	thing	DEM6	be.prepared	H-2SG.PRON	can	now	COMPL1	tie	ART2.SG	net,"`When these things are prepared, you can now tie the net.'",text_22_chapter_29_bamboo_frame_net,51,teop1238,teop1238a,WORD_ALIGNED,"{""ART"": ""Article"", ""SG"": ""singular"", ""PLM"": ""Plural Marker"", ""DEM"": ""Demonstrative"", ""PRON"": ""Pronoun"", ""COMPL"": ""Complementizer""}"
teop1238a-text_22_chapter_29_bamboo_frame_net-52,"A taba to pasi paku noman, ei a kanono vai to kahi huha noman bona buaku a kave.",a	taba	to	pasi	paku	nom=an	ei	a	kanono	vai	to	kahi	huha	nom=an	bona	buaku	a	kave,ART2.SG	thing	REL	TM4	make	IPFV=2SG.PRON	DEM2	ART2.SG	string	DEM6	REL	TM1	tie	IPFV=2SG.PRON	OBJ.ART2.SG	two	ART2.SG	net,"`The thing that you will make, this is the string that you use for tying the two nets.'",text_22_chapter_29_bamboo_frame_net,52,teop1238,teop1238a,WORD_ALIGNED,"{""ART"": ""Article"", ""SG"": ""singular"", ""REL"": ""Relative"", ""TM"": ""tense/modality"", ""IPFV"": ""Imperfective"", ""PRON"": ""Pronoun"", ""DEM"": ""Demonstrative"", ""OBJ"": ""Object""}"
teop1238a-text_22_chapter_29_bamboo_frame_net-53,A kanono bona pasi vaabebeahu kurus noman ore antee bona buaku a kave.,a	kanono	bona	pasi	vaa-bebeahu	kurus	nom=an	o=re	antee	bona	buaku	a	kave,ART2.SG	string	ANA.SG	TM4	CAUS-long	very	IPFV=2SG.PRON	3.PRON=CONSEC	enough.for	OBJ.ART2.SG	two	ART2.SG	net,`You will make this string very long so that it is long enough for the two nets.',text_22_chapter_29_bamboo_frame_net,53,teop1238,teop1238a,WORD_ALIGNED,"{""ART"": ""Article"", ""SG"": ""singular"", ""ANA"": ""Anaphoric Demonstrative"", ""TM"": ""tense/modality"", ""CAUS"": ""Causative"", ""IPFV"": ""Imperfective"", ""PRON"": ""Pronoun"", ""CONSEC"": ""Consecutive"", ""OBJ"": ""Object""}"
teop1238a-text_22_chapter_29_bamboo_frame_net-54,"A meha kanono to kahi paku noman, ei a roveana.",a	meha	kanono	to	kahi	paku	nom=an	ei	a	roveana,ART2.SG	other2.SG	string	REL	TM1	make	IPFV=2SG.PRON	DEM2	ART2.SG	roveana,`Another string that you'll make is the \textit{roveana}.',text_22_chapter_29_bamboo_frame_net,54,teop1238,teop1238a,WORD_ALIGNED,"{""ART"": ""Article"", ""SG"": ""singular"", ""REL"": ""Relative"", ""TM"": ""tense/modality"", ""IPFV"": ""Imperfective"", ""PRON"": ""Pronoun"", ""DEM"": ""Demonstrative""}"
teop1238a-text_22_chapter_29_bamboo_frame_net-55,A roveana eve a kanono to taviri vakavara nana bona kave.,a	roveana	eve	a	kanono	to	taviri	va-kavara	nana	bona	kave,ART2.SG	roveana	3SG.PRON	ART2.SG	string	REL	surround	ADVR-complete	3SG.IPFV	OBJ.ART2.SG	net,`The \textit{roveana} is the string that surrounds the whole net (as a seam).',text_22_chapter_29_bamboo_frame_net,55,teop1238,teop1238a,WORD_ALIGNED,"{""ART"": ""Article"", ""SG"": ""singular"", ""PRON"": ""Pronoun"", ""REL"": ""Relative"", ""ADVR"": ""Adverbializer"", ""IPFV"": ""Imperfective"", ""OBJ"": ""Object""}"
teop1238a-text_22_chapter_29_bamboo_frame_net-56,A kanono bona ge a roveana to rahi parata nana bona kave teo vuri to nove noman a kakavei.,a	kanono	bona	ge	a	roveana	to	rahi	parata	nana	bona	kave	te=o	vuri	to	nove	nom=an	a	kakavei,ART2.SG	string	ANA.SG	or	ART2.SG	roveana	REL	pull	open	3SG.IPFV	OBJ.ART2.SG	net	PREP=ART3.SG	time	REL	tie.to.the.frame	IPFV=2SG.PRON	ART2.SG	kakavei.net,`This string or \textit{roveana} pulls the net open when you tie the \textit{kakavei} net to the frame.',text_22_chapter_29_bamboo_frame_net,56,teop1238,teop1238a,WORD_ALIGNED,"{""ART"": ""Article"", ""SG"": ""singular"", ""ANA"": ""Anaphoric Demonstrative"", ""REL"": ""Relative"", ""IPFV"": ""Imperfective"", ""OBJ"": ""Object"", ""PREP"": ""Preposition"", ""PRON"": ""Pronoun""}"
teop1238a-text_22_chapter_29_bamboo_frame_net-57,"Bea bua kanono vai kavara, ean matatopo vai tea paku a sinoo na kave.",be=a	bua	kanono	vai	kavara	e-an	matatopo	vai	tea	paku	a	sinoo	n=a	kave,when=ART2.SG	two2.SG	string	DEM6	finished	H-2SG.PRON	be.prepared	now	COMPL1	make	ART2.SG	frame	3SG.POSS=ART2.SG	net,"`When the two strings are finished, you are prepared to make the frame of the net.'",text_22_chapter_29_bamboo_frame_net,57,teop1238,teop1238a,WORD_ALIGNED,"{""ART"": ""Article"", ""SG"": ""singular"", ""DEM"": ""Demonstrative"", ""PRON"": ""Pronoun"", ""COMPL"": ""Complementizer"", ""POSS"": ""Possessive Marker""}"
teop1238a-text_22_chapter_29_bamboo_frame_net-58,"A kanono tean a matatopo,",a	kanono	te=an	a	matatopo,ART2.SG	string	PREP=2SG.PRON	ART2.SG	be.prepared,"`Your string is prepared,'",text_22_chapter_29_bamboo_frame_net,58,teop1238,teop1238a,WORD_ALIGNED,"{""ART"": ""Article"", ""SG"": ""singular"", ""PREP"": ""Preposition"", ""PRON"": ""Pronoun""}"
teop1238a-text_22_chapter_29_bamboo_frame_net-59,ean viru vai a kanono tea hihiana.,e-an	viru	vai	a	kanono	te=a	hihiana,H-2SG.PRON	wind.around	now	ART2.SG	string	PREP=ART2.SG	net.needle,`you wind the string now around the net needle.',text_22_chapter_29_bamboo_frame_net,59,teop1238,teop1238a,WORD_ALIGNED,"{""SG"": ""singular"", ""PRON"": ""Pronoun"", ""ART"": ""Article"", ""PREP"": ""Preposition""}"
teop1238a-text_22_chapter_29_bamboo_frame_net-60,Ean gono vai a tavara.,e-an	gono	vai	a	tavara,H-2SG.PRON	get	now	ART2.SG	tavara,`You get the \textit{tavara} (to measure the size of the meshes).',text_22_chapter_29_bamboo_frame_net,60,teop1238,teop1238a,WORD_ALIGNED,"{""SG"": ""singular"", ""PRON"": ""Pronoun"", ""ART"": ""Article""}"
teop1238a-text_22_chapter_29_bamboo_frame_net-61,A SINOO NA KAVE: vatotomo na maa humhum na kakavei,a	sinoo	n=a	kave	vatotomo	n=a	maa	hum{$\sim$}hum	n=a	kakavei,ART2.SG	frame	3SG.POSS=ART2.SG	net	put.together	3SG.POSS=ART2.SG	PLM	RED{$\sim$}part	3SG.POSS=ART2.SG	kakavei.net,`THE FRAME OF THE NET: putting the parts of the \textit{kakavei} net together',text_22_chapter_29_bamboo_frame_net,61,teop1238,teop1238a,WORD_ALIGNED,"{""ART"": ""Article"", ""SG"": ""singular"", ""POSS"": ""Possessive Marker"", ""PLM"": ""Plural Marker"", ""RED"": ""reduplication""}"
teop1238a-text_22_chapter_29_bamboo_frame_net-62,"A maamihu taba paa vaamatatopo vaevuru, a kakavei kahi vatotomo raarai.",a	maamihu	taba	paa	vaa-matatopo	vaevuru	a	kakavei	kahi	vatotomo	ra=ara=i,ART2.SG	all.sorts.of	thing	TM3	CAUS-be.preapred	already	ART2.SG	kakavei.net	TM1	put.together	1PL.IN.IPFV=1PL.IN.PRON=now,"`Everything is aready prepared, we will put the \textit{kakavei} net together now.'",text_22_chapter_29_bamboo_frame_net,62,teop1238,teop1238a,WORD_ALIGNED,"{""ART"": ""Article"", ""SG"": ""singular"", ""TM"": ""tense/modality"", ""CAUS"": ""Causative"", ""PL"": ""plural"", ""IN"": ""inclusive"", ""IPFV"": ""Imperfective"", ""PRON"": ""Pronoun""}"
teop1238a-text_22_chapter_29_bamboo_frame_net-63,"(1) Gono o toorana bara o sunsun, pampam vabuaku ri bona kara raviana.",(1)	gono	o	toorana	bara	o	sunsun	pam{$\sim$}pam	va-buaku	ri	bona	kara	raviana,(1)	get	ART3.SG	toorana.pole	and2	ART3.SG	sunsun.pole	RED{$\sim$}tie.with.lashings	ADVR-two	3PL.OBJM	OBJ.ART3.PL	string	raviana,"`(1) Get the \textit{toorana} pole and the \textit{sunsun} pole, tie them together with two lashings of the \textit{raviana} strings.'",text_22_chapter_29_bamboo_frame_net,63,teop1238,teop1238a,WORD_ALIGNED,"{""ART"": ""Article"", ""SG"": ""singular"", ""RED"": ""reduplication"", ""ADVR"": ""Adverbializer"", ""PL"": ""plural"", ""OBJM"": ""Object Marker"", ""OBJ"": ""Object""}"
teop1238a-text_22_chapter_29_bamboo_frame_net-64,"(2) Gono o baoru, pam mi nai bono pasu no toorana.",(2)	gono	o	baoru	pam	mi	na=i	bono	pasu	n=o	toorana,(2)	get	ART3.SG	bamboo.pole	lash	with	thither=3SG.PRON	OBJ.ART3.SG	end	3SG.POSS=ART3.SG	toorana.pole,"`(2) Get a bamboo pole, lash it together with the end of the \textit{torana} pole.'",text_22_chapter_29_bamboo_frame_net,64,teop1238,teop1238a,WORD_ALIGNED,"{""ART"": ""Article"", ""SG"": ""singular"", ""PRON"": ""Pronoun"", ""OBJ"": ""Object"", ""POSS"": ""Possessive Marker""}"
teop1238a-text_22_chapter_29_bamboo_frame_net-65,Pam i bona kara raviana (a buaku a pam).,pam	i	bona	kara	raviana	(a	buaku	a	pam),Lash	3SG.PRON	OBJ.ART2.SG	string	raviana	ART2.SG	two	ART2.SG	lash,`Lash them together with the \textit{raviana} strings (two lashings).',text_22_chapter_29_bamboo_frame_net,65,teop1238,teop1238a,WORD_ALIGNED,"{""SG"": ""singular"", ""PRON"": ""Pronoun"", ""OBJ"": ""Object"", ""ART"": ""Article""}"
teop1238a-text_22_chapter_29_bamboo_frame_net-66,(3) Tasu vakikis amaa pampam bona maa kapikapis.,(3)	tasu	va-kikis	a=maa	pampam	bona	maa	kapi{$\sim$}kapis,(3)	tighten	ADVR-strong	ART2=PLM	lashing	OBJ.ART2.SG	PLM	RED{$\sim$}wedge,`Firmly tighten the lashings with the wedges.',text_22_chapter_29_bamboo_frame_net,66,teop1238,teop1238a,WORD_ALIGNED,"{""ADVR"": ""Adverbializer"", ""ART"": ""Article"", ""PLM"": ""Plural Marker"", ""OBJ"": ""Object"", ""SG"": ""singular"", ""RED"": ""reduplication""}"
teop1238a-text_22_chapter_29_bamboo_frame_net-67,Teo peho sinoo tapa ni o dorana o hum.,te=o	peho	sinoo	tapa	ni	o	dorana	o	hum,PREP=ART3.SG	one3.SG	frame	drive.into	APPL	ART3.SG	four	ART3.SG	piece,`Drive four pieces (i.e. wedges) into the lashings of one frame.',text_22_chapter_29_bamboo_frame_net,67,teop1238,teop1238a,WORD_ALIGNED,"{""PREP"": ""Preposition"", ""ART"": ""Article"", ""SG"": ""singular"", ""APPL"": ""Applicative Particle""}"
teop1238a-text_22_chapter_29_bamboo_frame_net-68,"Be kavara, o sinoo paa matatopo vaevuru.",be	kavara	o	sinoo	paa	matatopo	vaevuru,when	finished	ART3.SG	frame	TM3	be.prepared	already,"`When it is finished, the frame is already prepared.'",text_22_chapter_29_bamboo_frame_net,68,teop1238,teop1238a,WORD_ALIGNED,"{""ART"": ""Article"", ""SG"": ""singular"", ""TM"": ""tense/modality""}"
teop1238a-text_22_chapter_29_bamboo_frame_net-69,(4) Nove a kakavei.,(4)	nove	a	kakavei,(4)	tie.to.the.frame	ART2.SG	kakavei.net,`Tie the \textit{kakavei} net to the frame.',text_22_chapter_29_bamboo_frame_net,69,teop1238,teop1238a,WORD_ALIGNED,"{""ART"": ""Article"", ""SG"": ""singular""}"
teop1238a-text_22_chapter_29_bamboo_frame_net-70,VURI NOVE NA KAKAVEI,vuri	nove	n=a	kakavei,time	tie.to.the.frame	3SG.POSS=ART2.SG	kakavei.net,`Steps of tying the \textit{kakavei} net to its frame',text_22_chapter_29_bamboo_frame_net,70,teop1238,teop1238a,WORD_ALIGNED,"{""SG"": ""singular"", ""POSS"": ""Possessive Marker"", ""ART"": ""Article""}"
teop1238a-text_22_chapter_29_bamboo_frame_net-71,(1) Vakisi nio pasu kave teo pasu no baoru.,(1)	va-kisi	ni=o	pasu	kave	te=o	pasu	n=o	baoru,(1)	MULT-tie	APPL=ART3.SG	edge	net	PREP=ART3.SG	end	3SG.POSS=ART3.SG	bamboo.pole,`(1) Tie an edge of the net to the end of the bamboo pole.',text_22_chapter_29_bamboo_frame_net,71,teop1238,teop1238a,WORD_ALIGNED,"{""MULT"": ""multiple situation"", ""APPL"": ""Applicative Particle"", ""ART"": ""Article"", ""SG"": ""singular"", ""PREP"": ""Preposition"", ""POSS"": ""Possessive Marker""}"
teop1238a-text_22_chapter_29_bamboo_frame_net-72,(2) Vakisi nio meho teo sunsun.,(2)	va-kisi	ni=o	meho	te=o	sunsun,(2)	MULT-tie	APPL=ART3.SG	other3.SG	PREP=ART3.SG	sunsun.pole,`(2) Tie another (edge) to the \textit{sunsun} pole.',text_22_chapter_29_bamboo_frame_net,72,teop1238,teop1238a,WORD_ALIGNED,"{""MULT"": ""multiple situation"", ""APPL"": ""Applicative Particle"", ""ART"": ""Article"", ""SG"": ""singular"", ""PREP"": ""Preposition""}"
teop1238a-text_22_chapter_29_bamboo_frame_net-73,(3) Vakisi nio meho pasu kave romuno baoru.,(3)	va-kisi	ni=o	meho	pasu	kave	romu-n=o	baoru,(3)	MULT-tie	APPL=ART3.SG	other3.SG	edge	net	middle-3SG.POSS=ART3.SG	bamboo.pole,`(3) Tie the third edge of the net to the middle of the bamboo pole.',text_22_chapter_29_bamboo_frame_net,73,teop1238,teop1238a,WORD_ALIGNED,"{""MULT"": ""multiple situation"", ""APPL"": ""Applicative Particle"", ""ART"": ""Article"", ""SG"": ""singular"", ""POSS"": ""Possessive Marker""}"
teop1238a-text_22_chapter_29_bamboo_frame_net-74,(4) Vakisi nio vakosina teo toorana.,(4)	va-kisi	ni=o	vakosina	te=o	toorana,(4)	MULT-tie	APPL=ART3.SG	end.of.the.net	PREP=ART3.SG	toorana.pole,`(4) Tie the end of net to the \textit{toorana} pole.',text_22_chapter_29_bamboo_frame_net,74,teop1238,teop1238a,WORD_ALIGNED,"{""MULT"": ""multiple situation"", ""APPL"": ""Applicative Particle"", ""ART"": ""Article"", ""SG"": ""singular"", ""PREP"": ""Preposition""}"
teop1238a-text_22_chapter_29_bamboo_frame_net-75,A kakavei paa taparata vamataa vaevuru.,a	kakavei	paa	ta-parata	va-mataa	vaevuru,ART2.SG	kakavei.net	TM3	ACAUS-open	ADVR-good	already,`The \textit{kakavei} net has now already properly unfolded.',text_22_chapter_29_bamboo_frame_net,75,teop1238,teop1238a,WORD_ALIGNED,"{""ART"": ""Article"", ""SG"": ""singular"", ""TM"": ""tense/modality"", ""ACAUS"": ""Anticausative"", ""ADVR"": ""Adverbializer""}"
teop1238a-text_22_chapter_29_bamboo_frame_net-76,"Bean toku, tara teo vaa'abeabe na kakavei gina.",be=an	toku	tara	te=o	vaabeabe	n=a	kakavei	gina,if=2SG.PRON	not.understand	look	PREP=ART3.SG	picture	3SG.POSS=ART2.SG	kakavei.net	above,"`If you do not understand it, look at the picture of the \textit{kakavei} net above.'",text_22_chapter_29_bamboo_frame_net,76,teop1238,teop1238a,WORD_ALIGNED,"{""SG"": ""singular"", ""PRON"": ""Pronoun"", ""PREP"": ""Preposition"", ""ART"": ""Article"", ""POSS"": ""Possessive Marker""}"
teop1238a-text_23_chapter_30_varigomo_fishing-1,A varigomo eove o peho kaku vagana vaa Teapu to paku raara bona kave.,a	varigomo	eove	o	peho	kaku	vagana	vaa	teapu	to	paku	ra=ara	bona	kave,A	varigomo	H.3SG.PRON	ART3.SG	INDEF3.SG	kind	fish	LNK	Teapu	REL	do	1PL.IN.IPFV=1PL.IN.PRON	OBJ.ART2.SG	net,`Varigomo is a kind of fishing in the Teop area that we do with a net.',text_23_chapter_30_varigomo_fishing,1,teop1238,teop1238a,WORD_ALIGNED,"{""SG"": ""singular"", ""PRON"": ""Pronoun"", ""ART"": ""Article"", ""INDEF"": ""Indefinite"", ""LNK"": ""Linker"", ""REL"": ""Relative"", ""PL"": ""plural"", ""IN"": ""inclusive"", ""IPFV"": ""Imperfective"", ""OBJ"": ""Object""}"
teop1238a-text_23_chapter_30_varigomo_fishing-2,A kave nae he a bebeahu ae a mata rutaa.,a	kave	nae	he	a	bebeahu	ae	a	mata	rutaa,ART2.SG	net	3SG.POSS.PRON	ADVERS	ART2.SG	long	and1	ART2.SG	mesh	small,`The net used for it is long and has small meshes.',text_23_chapter_30_varigomo_fishing,2,teop1238,teop1238a,WORD_ALIGNED,"{""ART"": ""Article"", ""SG"": ""singular"", ""POSS"": ""Possessive Marker"", ""PRON"": ""Pronoun"", ""ADVERS"": ""Adversative Conjunction""}"
teop1238a-text_23_chapter_30_varigomo_fishing-3,"O kaku vagana bona na pakupaku raara teo gohoho ge teo tarahi, ei tea maa hana taataana sa ei haana namana.",o	kaku	vagana	bona	na	paku{$\sim$}paku	ra=ara	te=o	gohoho	ge	te=o	tarahi	ei	te=a	maa	hana	taa{$\sim$}taana	sa	ei	haa=na	namana,ART3.SG	kind	fish	ANA.SG	TM2	RED{$\sim$}do	1PL.IN.IPFV=1PL.IN.PRON	PREP=ART3.SG	incoming.tide	or	PREP=ART3.SG	ebbing.tide	DEM2	PREP=ART2.SG	PLM	path	RED{$\sim$}walk.on.the.reef	NEG1	DEM2	NEG2=3SG.IPFV	ocean,"`We do this kind of fishing during the incoming tide or the ebbing tide, this means at places where we can walk, this is not in the deep ocean.'\footnote{lit. `This kind of fishing we do ...'}",text_23_chapter_30_varigomo_fishing,3,teop1238,teop1238a,WORD_ALIGNED,"{""ART"": ""Article"", ""SG"": ""singular"", ""ANA"": ""Anaphoric Demonstrative"", ""TM"": ""tense/modality"", ""RED"": ""reduplication"", ""PL"": ""plural"", ""IN"": ""inclusive"", ""IPFV"": ""Imperfective"", ""PRON"": ""Pronoun"", ""PREP"": ""Preposition"", ""DEM"": ""Demonstrative"", ""PLM"": ""Plural Marker"", ""NEG"": ""Negative""}"
teop1238a-text_23_chapter_30_varigomo_fishing-4,"O kaku vagana bona sa vaapenapena haana, beo aba o bero nao, evehee a bero amaa vuri, o kukan koa o sinivi to tahoa rori.",o	kaku	vagana	bona	sa	vaa-penapena	haa=na	be=o	aba	o	bero	nao	evehee	a	bero	a=maa	vuri	o	kukan	koa	o	sinivi	to	ta-hoa	rori,ART3.SG	kind	fish	ANA.SG	NEG1	CAUS-be.forbidden	NEG2=3SG.IPFV	COMPL2=ART2.PL	person	ART2.PL	many	go	but	ART2.SG	many	ART2.SG=PLM	time	ART3.SG	three	only	ART3.SG	canoe	REL	ACAUS-push	3PL.IPFV,"`This kind of fishing does not forbid that many people go, but most of the time it is only three canoes that set off.'",text_23_chapter_30_varigomo_fishing,4,teop1238,teop1238a,WORD_ALIGNED,"{""ART"": ""Article"", ""SG"": ""singular"", ""ANA"": ""Anaphoric Demonstrative"", ""NEG"": ""Negative"", ""CAUS"": ""Causative"", ""IPFV"": ""Imperfective"", ""COMPL"": ""Complementizer"", ""PL"": ""plural"", ""PLM"": ""Plural Marker"", ""REL"": ""Relative"", ""ACAUS"": ""Anticausative""}"
teop1238a-text_23_chapter_30_varigomo_fishing-5,"O peho sinivi to vaahae nana bona kave mi bona kukan a aba, a buaku vaa tea vavaagunaha kave, a peha he a too horohoro.",o	peho	sinivi	to	vaa-hae	nana	bona	kave	mi	bona	kukan	a	aba	a	buaku	vaa	tea	va{$\sim$}vaa-gunaha	kave	a	peha	he	a	too	horo{$\sim$}horo,ART3.SG	one3	canoe	REL	CAUS-board	3SG.IPFV	OBJ.ART2.SG	net	with	OBJ.ART2.SG	three	ART2.SG	person	ART2.SG	two	LNK	COMPL1	RED{$\sim$}CAUS-go.down	net	ART2.SG	one2.SG	ADVERS	ART2.SG	person	RED{$\sim$}punt,"`One canoe takes the net with three people on board, two for letting the net down, and one person is the punter.'\footnote{lit. `One canoe that takes the net with three people on board, ...'}",text_23_chapter_30_varigomo_fishing,5,teop1238,teop1238a,WORD_ALIGNED,"{""ART"": ""Article"", ""SG"": ""singular"", ""REL"": ""Relative"", ""CAUS"": ""Causative"", ""IPFV"": ""Imperfective"", ""OBJ"": ""Object"", ""LNK"": ""Linker"", ""COMPL"": ""Complementizer"", ""RED"": ""reduplication"", ""ADVERS"": ""Adversative Conjunction""}"
teop1238a-text_23_chapter_30_varigomo_fishing-6,O meho buo sinivi he mene vahakaa.,o	meho	buo	sinivi	he	mene	vahakaa,ART3.SG	other3.SG	two3.SG	canoe	ADVERS	for	beat.water,"`But the other two canoes have to beat the water (to chase the fish into the net).'\footnote{lit. `The other two canoes, however, (are) for beating (the) water.'}",text_23_chapter_30_varigomo_fishing,6,teop1238,teop1238a,WORD_ALIGNED,"{""ART"": ""Article"", ""SG"": ""singular"", ""ADVERS"": ""Adversative Conjunction""}"
teop1238a-text_23_chapter_30_varigomo_fishing-7,O kaku vagana nae he na paku vonaen:,o	kaku	vagana	nae	he	na	paku	vo=na=en,ART3.SG	kind	fish	3SG.POSS.PRON	ADVERS	TM2	do	like=3SG.IPFV=DEM3,`The fishing with it is done as follows:',text_23_chapter_30_varigomo_fishing,7,teop1238,teop1238a,WORD_ALIGNED,"{""ART"": ""Article"", ""SG"": ""singular"", ""POSS"": ""Possessive Marker"", ""PRON"": ""Pronoun"", ""ADVERS"": ""Adversative Conjunction"", ""TM"": ""tense/modality"", ""IPFV"": ""Imperfective"", ""DEM"": ""Demonstrative""}"
teop1238a-text_23_chapter_30_varigomo_fishing-8,"Beara hua batara, eara toro tara bata naora beo iana an rori.",be=ara	hua	bata=ra	e-ara	toro	tara	bata	nao=ra	be=o	iana	an	rori,when=1PL.IN.PRON	paddle	CONT=1PL.IN.IPFV	H-1PL.IN.PRON	TM7	see	CONT	thither=1PL.IN.IPFV	COMPL2=ART2.PL	fish	eat	3PL.IPFV,"`While we are paddling along, we must look where the fish are eating.'",text_23_chapter_30_varigomo_fishing,8,teop1238,teop1238a,WORD_ALIGNED,"{""PL"": ""plural"", ""IN"": ""inclusive"", ""PRON"": ""Pronoun"", ""CONT"": ""Continuity"", ""IPFV"": ""Imperfective"", ""TM"": ""tense/modality"", ""COMPL"": ""Complementizer"", ""ART"": ""Article""}"
teop1238a-text_23_chapter_30_varigomo_fishing-9,"Bea too horohoro sue voen, na mataa nana, eara repaa hua vahuus o pata iana bari.",be=a	too	horo{$\sim$}horo	sue	vo=en	na	mataa	nana	e-ara	re=paa	hua	vahuus	o	pata	iana	bari,when=ART2.SG	person	RED{$\sim$}punt	say	like=DEM3	TM2	good	3SG.IPFV	H-1PL.IN.PRON	CONSEC=TM3	paddle	come.close.to	ART3.SG	school	fish	ANA.PL,"`When the punter says it is good, we paddle close to that school of fish.'",text_23_chapter_30_varigomo_fishing,9,teop1238,teop1238a,WORD_ALIGNED,"{""ART"": ""Article"", ""SG"": ""singular"", ""RED"": ""reduplication"", ""DEM"": ""Demonstrative"", ""TM"": ""tense/modality"", ""IPFV"": ""Imperfective"", ""PL"": ""plural"", ""IN"": ""inclusive"", ""PRON"": ""Pronoun"", ""CONSEC"": ""Consecutive"", ""ANA"": ""Anaphoric Demonstrative""}"
teop1238a-text_23_chapter_30_varigomo_fishing-10,A peha aba repaa gunaha me bono peho punete kave.,a	peha	aba	re=paa	gunaha	me	bono	peho	punete	kave,ART2.SG	one2.SG	person	CONSEC=TM3	go.down	with	OBJ.ART3.SG	one3.SG	edge	net,`Then one person goes down with one edge of the net.',text_23_chapter_30_varigomo_fishing,10,teop1238,teop1238a,WORD_ALIGNED,"{""ART"": ""Article"", ""SG"": ""singular"", ""CONSEC"": ""Consecutive"", ""TM"": ""tense/modality"", ""OBJ"": ""Object""}"
teop1238a-text_23_chapter_30_varigomo_fishing-11,"O sinivi repaa hua taviri bono pata iana, bea meha aba rurun gunaha bata ni nana bona kave.",o	sinivi	re=paa	hua	taviri	bono	pata	iana	be=a	meha	aba	rurun	gunaha	bata	ni	nana	bona	kave,ART3.SG	canoe	CONSEC=TM3	paddle	go.around	OBJ.ART3.SG	school	fish	when=ART2.SG	other2.SG	person	drop	go.down	CONT	APPL	3SG.IPFV	OBJ.ART2.SG	net,"`The canoe then paddles around the school of fish, while the other man is dropping the net along the way.'",text_23_chapter_30_varigomo_fishing,11,teop1238,teop1238a,WORD_ALIGNED,"{""ART"": ""Article"", ""SG"": ""singular"", ""CONSEC"": ""Consecutive"", ""TM"": ""tense/modality"", ""OBJ"": ""Object"", ""CONT"": ""Continuity"", ""APPL"": ""Applicative Particle"", ""IPFV"": ""Imperfective""}"
teop1238a-text_23_chapter_30_varigomo_fishing-12,"O meho buo sinivi he paa taneo vaevuru tea vahakaa, o meho tea papa matau, o meho he tea papa keruka.",o	meho	buo	sinivi	he	paa	taneo	vaevuru	tea	vahakaa	o	meho	te=a	papa	matau	o	meho	he	te=a	papa	keruka,ART3.SG	other3.SG	two3.SG	canoe	ADVERS	TM3	start	already	COMPL1	beat.water	ART3.SG	other3.SG	PREP=ART2.SG	side	right	ART3.SG	other3.SG	ADVERS	PREP=ART2.SG	side	left,"`The other two canoes have already started to beat the water, one on the right side, the other one on the left side.'",text_23_chapter_30_varigomo_fishing,12,teop1238,teop1238a,WORD_ALIGNED,"{""ART"": ""Article"", ""SG"": ""singular"", ""ADVERS"": ""Adversative Conjunction"", ""TM"": ""tense/modality"", ""COMPL"": ""Complementizer"", ""PREP"": ""Preposition""}"
teop1238a-text_23_chapter_30_varigomo_fishing-13,"Pasi vatete maari bono pata iana, ore vatete hovo komana kave.",pasi	vatete	maa=ri	bono	pata	iana	o=re	vatete	hovo	koma-n=a	kave,TM4	chase	hither=3PL.IPFV	OBJ.ART3.SG	school	fish	3PL.PRON=CONSEC	chase	enter	inside-3SG.POSS=ART2.SG	net,"`They will chase the school of fish, and then chase them into the net,'",text_23_chapter_30_varigomo_fishing,13,teop1238,teop1238a,WORD_ALIGNED,"{""TM"": ""tense/modality"", ""PL"": ""plural"", ""IPFV"": ""Imperfective"", ""OBJ"": ""Object"", ""ART"": ""Article"", ""SG"": ""singular"", ""PRON"": ""Pronoun"", ""CONSEC"": ""Consecutive"", ""POSS"": ""Possessive Marker""}"
teop1238a-text_23_chapter_30_varigomo_fishing-14,"Bea bua too vavaagunaha kave rahi vatatana bata ni rori bono buo punete kave, eori repaa asun bona iana en komana kave.",be=a	bua	too	va{$\sim$}vaa-gunaha	kave	rahi	vatatana	bata	ni	rori	bono	buo	punete	kave	e-ori	re=paa	asun	bona	iana	en	koma-n=a	kave,when=ART2.SG	two2.SG	person	RED{$\sim$}CAUS-go.down	net	pull	meet	CONT	APPL	3PL.IPFV	OBJ.ART3.SG	two3.SG	edge	net	H-3PL.PRON	CONSEC=TM3	kill	OBJ.ART2.SG	fish	DEM3	inside-3SG.POSS=ART2.SG	net,"`When the two net-droppers pull the two edges of the net together, they kill the fish inside the net.'",text_23_chapter_30_varigomo_fishing,14,teop1238,teop1238a,WORD_ALIGNED,"{""ART"": ""Article"", ""SG"": ""singular"", ""RED"": ""reduplication"", ""CAUS"": ""Causative"", ""CONT"": ""Continuity"", ""APPL"": ""Applicative Particle"", ""PL"": ""plural"", ""IPFV"": ""Imperfective"", ""OBJ"": ""Object"", ""PRON"": ""Pronoun"", ""CONSEC"": ""Consecutive"", ""TM"": ""tense/modality"", ""DEM"": ""Demonstrative"", ""POSS"": ""Possessive Marker""}"
teop1238a-text_23_chapter_30_varigomo_fishing-15,"Amaa aba vai to sa paa hana hau tea maa mata kave, kahi tahitahi ri vuara bona makaree.",a=maa	aba	vai	to	sa	paa	hana	ha=u	te=a	maa	mata	kave	kahi	tahi{$\sim$}tahi	ri	vu=ara	bona	makaree,ART2.SG=PLM	one	DEM6	REL	NEG1	TM3	hang	NEG2=PFV	PREP=ART2.SG	PLM	mesh	net	TM1	RED{$\sim$}spear	3PL.OBJM	PFV=1PL.IN.PRON	OBJ.ART2.SG	fishing.spear,"`Those that have not been caught in the meshes of the net, we would spear with the fishing spear.'",text_23_chapter_30_varigomo_fishing,15,teop1238,teop1238a,WORD_ALIGNED,"{""ART"": ""Article"", ""SG"": ""singular"", ""PLM"": ""Plural Marker"", ""DEM"": ""Demonstrative"", ""REL"": ""Relative"", ""NEG"": ""Negative"", ""TM"": ""tense/modality"", ""PFV"": ""Perfective"", ""PREP"": ""Preposition"", ""RED"": ""reduplication"", ""PL"": ""plural"", ""OBJM"": ""Object Marker"", ""IN"": ""inclusive"", ""PRON"": ""Pronoun"", ""OBJ"": ""Object""}"
teop1238a-text_23_chapter_30_varigomo_fishing-16,Amaa aba vai to paa hanau teo mata kave na asun ri raara bono popoura.,a=maa	aba	vai	to	paa	hana=u	te=o	mata	kave	na	asun	ri	ra=ara	bono	popoura,ART2.SG=PLM	one	DEM6	REL	TM3	hang=PFV	PREP=ART2.PL	mesh	net	TM2	kill	3PL.OBJM	1PL.IN.IPFV=1PL.IN.PRON	OBJ.ART3.SG	baton,"`Those that have been caught in the meshes of the net, we kill them with the baton.'",text_23_chapter_30_varigomo_fishing,16,teop1238,teop1238a,WORD_ALIGNED,"{""ART"": ""Article"", ""SG"": ""singular"", ""PLM"": ""Plural Marker"", ""DEM"": ""Demonstrative"", ""REL"": ""Relative"", ""TM"": ""tense/modality"", ""PFV"": ""Perfective"", ""PREP"": ""Preposition"", ""PL"": ""plural"", ""OBJM"": ""Object Marker"", ""IN"": ""inclusive"", ""IPFV"": ""Imperfective"", ""PRON"": ""Pronoun"", ""OBJ"": ""Object""}"
teop1238a-text_23_chapter_30_varigomo_fishing-17,"Be kavara, eara repaa vaahae vahabana a kave, eara repaa nao pete teo meho hum vai to anan bata rio iana.",be	kavara	e-ara	re=paa	vaa-hae	vahabana	a	kave	e-ara	re=paa	nao	pete	te=o	meho	hum	vai	to	an{$\sim$}an	bata	ri=o	iana,when	finished	H-1PL.IN.PRON	CONSEC=TM3	CAUS-board	again	ART2.SG	net	H-1PL.IN.PRON	CONSEC=TM3	go	subsequently	PREP=ART3.SG	other3.SG	place	DEM6	REL	RED{$\sim$}eat	CONT	3PL.IPFV=ART2.PL	fish,"`After that we take the net again on board and go on to another place where the fish eat.'\footnote{lit. `When finished, then we take the net again on board, then we subsequently go to another place ...'}",text_23_chapter_30_varigomo_fishing,17,teop1238,teop1238a,WORD_ALIGNED,"{""PL"": ""plural"", ""IN"": ""inclusive"", ""PRON"": ""Pronoun"", ""CONSEC"": ""Consecutive"", ""TM"": ""tense/modality"", ""CAUS"": ""Causative"", ""ART"": ""Article"", ""SG"": ""singular"", ""PREP"": ""Preposition"", ""DEM"": ""Demonstrative"", ""REL"": ""Relative"", ""RED"": ""reduplication"", ""CONT"": ""Continuity"", ""IPFV"": ""Imperfective""}"
teop1238a-text_23_chapter_30_varigomo_fishing-18,"A vaakavara vagana na tei bata koana tea masi ge beo gohoho beera oha maa, eara repaa voosu vaha vaan.",a	vaa-kavara	vagana	na	tei	bata	koa=na	te=a	masi	ge	be=o	gohoho	beera	oha	maa	e-ara	re=paa	voosu	vaha	vaan,ART2.SG	CAUS-finished	fish	TM2	be.there	CONT	just=3SG.IPFV	PREP=ART2.SG	low.tide	or	when=ART3.SG	incoming.tide	big	exceed	hither	H-1PL.IN.PRON	CONSEC=TM3	go.home	back	village,"`The end of the fishing trip is at low tide, and when the incoming tide is too big, then we go home, back to the village.'",text_23_chapter_30_varigomo_fishing,18,teop1238,teop1238a,WORD_ALIGNED,"{""ART"": ""Article"", ""SG"": ""singular"", ""CAUS"": ""Causative"", ""TM"": ""tense/modality"", ""CONT"": ""Continuity"", ""IPFV"": ""Imperfective"", ""PREP"": ""Preposition"", ""PL"": ""plural"", ""IN"": ""inclusive"", ""PRON"": ""Pronoun"", ""CONSEC"": ""Consecutive""}"
teop1238a-text_24_chapter_31_seige_fishing-1,"O meho kaku vagana vaa tea kave en teara, a ta Teapu, na dao raara bono seige.",o	meho	kaku	vagana	vaa	te=a	kave	en	te=ara	a	ta	teapu	na	dao	ra=ara	bono	seige,ART3.SG	other3.SG	kind	fish	LNK	PREP=ART2.SG	net	DEM3	PREP=1PL.IN.PRON	ART2.SG	people	Teop	TM2	call	1PL.IN.IPFV=1PL.IN.PRON	OBJ.ART3.SG	seige,"`Another kind of fishing with a net here with us, the Teop people, is called \textit{seige}.'\footnote{lit. `... is called \textit{seige} by us.'}",text_24_chapter_31_seige_fishing,1,teop1238,teop1238a,WORD_ALIGNED,"{""ART"": ""Article"", ""SG"": ""singular"", ""LNK"": ""Linker"", ""PREP"": ""Preposition"", ""DEM"": ""Demonstrative"", ""PL"": ""plural"", ""IN"": ""inclusive"", ""PRON"": ""Pronoun"", ""TM"": ""tense/modality"", ""IPFV"": ""Imperfective"", ""OBJ"": ""Object""}"
teop1238a-text_24_chapter_31_seige_fishing-2,A vagana bona saka vaapenapena haana bea peha gea buaku ge bero aba nao tea nao vagana.,a	vagana	bona	saka	va-penapena	haa=na	be=a	peha	ge=a	buaku	ge	bero	aba	nao	tea	nao	vagana,ART2.SG	fish	ANA.SG	NEG1	CAUS-be.forbidden	NEG2=3SG.IPFV	COMPL2=ART2.SG	one2.SG	or=ART2.SG	two	or	many	person	go	COMPL1	go	fish,`This kind of fishing allows one or two or many people to go fishing.'\footnote{lit. `... does not forbid that ...'},text_24_chapter_31_seige_fishing,2,teop1238,teop1238a,WORD_ALIGNED,"{""ART"": ""Article"", ""SG"": ""singular"", ""ANA"": ""Anaphoric Demonstrative"", ""NEG"": ""Negative"", ""CAUS"": ""Causative"", ""IPFV"": ""Imperfective"", ""COMPL"": ""Complementizer""}"
teop1238a-text_24_chapter_31_seige_fishing-3,O kaku vagana bona he na paku vonaen:,o	kaku	vagana	bona	he	na	paku	vo=na=en,ART3.SG	kind	fish	ANA.SG	ADVERS	TM2	do	like=3SG.IPFV=DEM3,`This kind of fishing is done as follows:',text_24_chapter_31_seige_fishing,3,teop1238,teop1238a,WORD_ALIGNED,"{""ART"": ""Article"", ""SG"": ""singular"", ""ANA"": ""Anaphoric Demonstrative"", ""ADVERS"": ""Adversative Conjunction"", ""TM"": ""tense/modality"", ""IPFV"": ""Imperfective"", ""DEM"": ""Demonstrative""}"
teop1238a-text_24_chapter_31_seige_fishing-4,"Eara na vaahae rara a kave, eara repaa hua vo tea maa hum to vavaasun kave komana raara.",e-ara	na	vaa-hae	rara	a	kave	e-ara	re=paa	hua	vo	te=a	maa	hum	to	va{$\sim$}vaa-sun	kave	komana	ra=ara,H-1PL.IN.PRON	TM2	CAUS-board	1PL.IN.IPFV	ART2.SG	net	H-1PL.IN.PRON	CONSEC=TM3	paddle	GOAL	PREP=ART2.SG	PLM	place	REL	RED{$\sim$}CAUS-stand	net	self	1PL.IN.IPFV=1PL.IN.PRON,"`We take the net on board, then we paddle to the places where we put up nets.'",text_24_chapter_31_seige_fishing,4,teop1238,teop1238a,WORD_ALIGNED,"{""PL"": ""plural"", ""IN"": ""inclusive"", ""PRON"": ""Pronoun"", ""TM"": ""tense/modality"", ""CAUS"": ""Causative"", ""IPFV"": ""Imperfective"", ""ART"": ""Article"", ""SG"": ""singular"", ""CONSEC"": ""Consecutive"", ""GOAL"": ""goal"", ""PREP"": ""Preposition"", ""PLM"": ""Plural Marker"", ""REL"": ""Relative"", ""RED"": ""reduplication""}"
teop1238a-text_24_chapter_31_seige_fishing-5,Amaa hum bona he toro hum vai to gunagunaha kaakoo rio iana beve tarahi batana.,a=maa	hum	bona	he	toro	hum	vai	to	guna{$\sim$}gunaha	kaakoo	ri=o	iana	beve	ta-rahi	bata=na,ART2.SG=PLM	place	ANA.SG	ADVERS	TM7	place	DEM6	REL	RED{$\sim$}go.down	move.to	3PL.IPFV=ART2.PL	fish	when.3SG.PRON	ACAUS-pull	CONT=3SG.IPFV,`These places must be places where the fish go when the tide is ebbing.'\footnote{lit. `... when it is being pulled out'},text_24_chapter_31_seige_fishing,5,teop1238,teop1238a,WORD_ALIGNED,"{""ART"": ""Article"", ""SG"": ""singular"", ""PLM"": ""Plural Marker"", ""ANA"": ""Anaphoric Demonstrative"", ""ADVERS"": ""Adversative Conjunction"", ""TM"": ""tense/modality"", ""DEM"": ""Demonstrative"", ""REL"": ""Relative"", ""RED"": ""reduplication"", ""PL"": ""plural"", ""IPFV"": ""Imperfective"", ""PRON"": ""Pronoun"", ""ACAUS"": ""Anticausative"", ""CONT"": ""Continuity""}"
teop1238a-text_24_chapter_31_seige_fishing-6,O kaku hum bona he eiei tea maa hoa.,o	kaku	hum	bona	he	ei{$\sim$}ei	te=a	maa	hoa,ART3.SG	kind	place	ANA.SG	ADVERS	RED{$\sim$}DEM2	PREP=ART2.SG	PLM	passage,`This kind of place is in the passages.',text_24_chapter_31_seige_fishing,6,teop1238,teop1238a,WORD_ALIGNED,"{""ART"": ""Article"", ""SG"": ""singular"", ""ANA"": ""Anaphoric Demonstrative"", ""ADVERS"": ""Adversative Conjunction"", ""RED"": ""reduplication"", ""DEM"": ""Demonstrative"", ""PREP"": ""Preposition"", ""PLM"": ""Plural Marker""}"
teop1238a-text_24_chapter_31_seige_fishing-7,"Beara suguna, eara repaa busu nia kave, eara repaa rahi ge vaasun pina nie bona hanana teo iana.",be=ara	suguna	e-ara	re=paa	busu	ni=a	kave	e-ara	re=paa	rahi	ge	vaa-sun	pina	ni=e	bona	hanana	te=o	iana,when=1PL.IN.PRON	arrive	H-1PL.IN.PRON	CONSEC=TM3	throw	APPL=ART2.SG	net	H-1PL.IN.PRON	CONSEC=TM3	pull	or	CAUS-stand	block	APPL=3SG.PRON	OBJ.ART2.SG	way	PREP=ART2.PL	fish,"`When we arrive, we throw the net, then we pull it or put it up so that it blocks the way of the fish.'",text_24_chapter_31_seige_fishing,7,teop1238,teop1238a,WORD_ALIGNED,"{""PL"": ""plural"", ""IN"": ""inclusive"", ""PRON"": ""Pronoun"", ""CONSEC"": ""Consecutive"", ""TM"": ""tense/modality"", ""APPL"": ""Applicative Particle"", ""ART"": ""Article"", ""SG"": ""singular"", ""CAUS"": ""Causative"", ""OBJ"": ""Object"", ""PREP"": ""Preposition""}"
teop1238a-text_24_chapter_31_seige_fishing-8,"Eara repaa pam nio buo punete na kave teo buo boon to paa vaasun vuara, eara he tea mei tea vaagunaha a kave.",e-ara	re=paa	pam	ni=o	buo	punete	n=a	kave	te=o	buo	boon	to	paa	vaa-sun	vu=ara	e-ara	he	tea	mei	tea	vaa-gunaha	a	kave,H-1PL.IN.PRON	CONSEC=TM3	tie	APPL=ART3.SG	two3.SG	edge	3SG.POSS=ART2.SG	net	PREP=ART3.SG	two3.SG	mangrove	REL	TM3	CAUS-stand	PFV=1PL.IN.PRON	H-1PL.IN.PRON	ADVERS	COMPL1	do.not.yet	COMPL1	CAUS-go.down	ART2.SG	net,"`Then we tie the two ends of the net to two mangrove poles that we have erected, before we let the net go down.'\footnote{lit. `... that we have erected, when we were not yet letting the net go down.'}",text_24_chapter_31_seige_fishing,8,teop1238,teop1238a,WORD_ALIGNED,"{""PL"": ""plural"", ""IN"": ""inclusive"", ""PRON"": ""Pronoun"", ""CONSEC"": ""Consecutive"", ""TM"": ""tense/modality"", ""APPL"": ""Applicative Particle"", ""ART"": ""Article"", ""SG"": ""singular"", ""POSS"": ""Possessive Marker"", ""PREP"": ""Preposition"", ""REL"": ""Relative"", ""CAUS"": ""Causative"", ""PFV"": ""Perfective"", ""ADVERS"": ""Adversative Conjunction"", ""COMPL"": ""Complementizer""}"
teop1238a-text_24_chapter_31_seige_fishing-9,"Beve kavara, eara repaa vahakaa pina koa maara o iana to mene gunaha kaakoo teo meho hum.",beve	kavara	e-ara	re=paa	vahakaa	pina	koa	maa=ra	o	iana	to	mene	gunaha	kaakoo	te=o	meho	hum,when.3SG.PRON	finished	H-1PL.IN.PRON	CONSEC=TM3	beat.water	block	just	hither=1PL.IN.IPFV	ART2.PL	fish	REL	TM6	go.down	move.to	PREP=ART3.SG	other3.SG	place,"`After that, we beat the water to prevent the fish from going down to another place.'\footnote{lit. `When it is finished, we beat the water (and) just block the fish that otherwise would move down to another place.'}",text_24_chapter_31_seige_fishing,9,teop1238,teop1238a,WORD_ALIGNED,"{""SG"": ""singular"", ""PRON"": ""Pronoun"", ""PL"": ""plural"", ""IN"": ""inclusive"", ""CONSEC"": ""Consecutive"", ""TM"": ""tense/modality"", ""IPFV"": ""Imperfective"", ""ART"": ""Article"", ""REL"": ""Relative"", ""PREP"": ""Preposition""}"
teop1238a-text_24_chapter_31_seige_fishing-10,"Bea tahii taneo bata mana tea tarahi, eove o vuri to kahi taneo hana rio iana.",be=a	tahii	taneo	bata	mana	tea	ta-rahi	eove	o	vuri	to	kahi	taneo	hana	ri=o	iana,when=ART2.SG	sea	start	CONT	eventually	COMPL1	ACAUS-pull	H.3SG.PRON	ART3.SG	time	REL	TM1	start	hang	3PL.IPFV=ART2.PL	fish,"`When the sea eventually starts ebbing, this is the time when the fish start hanging (in the net).'",text_24_chapter_31_seige_fishing,10,teop1238,teop1238a,WORD_ALIGNED,"{""ART"": ""Article"", ""SG"": ""singular"", ""CONT"": ""Continuity"", ""COMPL"": ""Complementizer"", ""ACAUS"": ""Anticausative"", ""PRON"": ""Pronoun"", ""REL"": ""Relative"", ""TM"": ""tense/modality"", ""PL"": ""plural"", ""IPFV"": ""Imperfective""}"
teop1238a-text_24_chapter_31_seige_fishing-11,"Beori hana rori, eara na antee batara tea no ropusu kahi riori bona kave, ge be hiki, ei mana, beve tarahi vakavara.",be=ori	hana	rori	e-ara	na	antee	bata=ra	tea	no	ropusu	kahi	ri=ori	bona	kave	ge	be	hiki	ei	mana	beve	ta-rahi	va-kavara,when=3PL.PRON	hang	3PL.IPFV	H-1PL.IN.PRON	TM2	can	CONT=1PL.IN.IPFV	COMPL1	go	pull.out	from	3PL.OBJM=3PL.PRON	OBJ.ART2.SG	net	or	if	not.exist	DEM2	eventually	COMPL2.3SG.PRON	ACAUS-pull	ADVR-complete,"`When they are hanging (there), we can go (and) pull them out of the net, or if (they) don't, this eventually means that it is low tide.'",text_24_chapter_31_seige_fishing,11,teop1238,teop1238a,WORD_ALIGNED,"{""PL"": ""plural"", ""PRON"": ""Pronoun"", ""IPFV"": ""Imperfective"", ""IN"": ""inclusive"", ""TM"": ""tense/modality"", ""CONT"": ""Continuity"", ""COMPL"": ""Complementizer"", ""OBJM"": ""Object Marker"", ""OBJ"": ""Object"", ""ART"": ""Article"", ""SG"": ""singular"", ""DEM"": ""Demonstrative"", ""ACAUS"": ""Anticausative"", ""ADVR"": ""Adverbializer""}"
teop1238a-text_24_chapter_31_seige_fishing-12,"Evehee, eara toro usu bata koa ni rara o iana vai o bebeera to mene buno kurukurus bona kave, a kave repaa taparata.",evehee	e-ara	toro	usu	bata	koa	ni	rara	o	iana	vai	o	be{$\sim$}beera	to	mene	buno	kuru{$\sim$}kurus	bona	kave	a	kave	re=paa	ta-parata,But	H-1PL.IN.PRON	TM7	watch	CONT	just	APPL	1PL.IN.IPFV	ART2.PL	fish	DEM6	ART2.PL	RED{$\sim$}big	REL	TM6	move	RED{$\sim$}much	OBJ.ART2.SG	net	ART2.SG	net	CONSEC=TM3	ACAUS-open,"`But we must watch the big fish that they do not move so much that the net gets opened.'\footnote{lit. `...that they do not move the net so much, that the net gets opened.'}",text_24_chapter_31_seige_fishing,12,teop1238,teop1238a,WORD_ALIGNED,"{""PL"": ""plural"", ""IN"": ""inclusive"", ""PRON"": ""Pronoun"", ""TM"": ""tense/modality"", ""CONT"": ""Continuity"", ""APPL"": ""Applicative Particle"", ""IPFV"": ""Imperfective"", ""ART"": ""Article"", ""DEM"": ""Demonstrative"", ""RED"": ""reduplication"", ""REL"": ""Relative"", ""OBJ"": ""Object"", ""SG"": ""singular"", ""CONSEC"": ""Consecutive"", ""ACAUS"": ""Anticausative""}"
teop1238a-text_24_chapter_31_seige_fishing-13,O kaku vagana vai o mataa tabae eara sa hua binubinu haara tea rake ge vatevatete a iana.,o	kaku	vagana	vai	o	mataa	tabae	e-ara	sa	hua	binubinu	haa=ra	tea	rake	ge	vate{$\sim$}vatete	a	iana,ART3.SG	kind	fish	DEM6	ART3.SG	good	because	H-1PL.IN.PRON	NEG1	paddle	around	NEG2=1PL.IN.IPFV	COMPL1	search.for	or	RED{$\sim$}chase	ART2.SG	fish,"`It is a good kind of fishing, because we do not paddle around to search for or chase the fish.'",text_24_chapter_31_seige_fishing,13,teop1238,teop1238a,WORD_ALIGNED,"{""ART"": ""Article"", ""SG"": ""singular"", ""DEM"": ""Demonstrative"", ""PL"": ""plural"", ""IN"": ""inclusive"", ""PRON"": ""Pronoun"", ""NEG"": ""Negative"", ""IPFV"": ""Imperfective"", ""COMPL"": ""Complementizer"", ""RED"": ""reduplication""}"
teop1238a-text_24_chapter_31_seige_fishing-14,Eara kahi sun ihuana koa nom beori hana rori tea kave.,e-ara	kahi	sun	ihuana	koa	nom	be=ori	hana	rori	te=a	kave,H-1PL.IN.PRON	TM1	stand	wait	just	IPFV	COMPL2=3PL.PRON	hang	3PL.IPFV	PREP=ART2.SG	net,`We would just stand still waiting for them to hang in the net.',text_24_chapter_31_seige_fishing,14,teop1238,teop1238a,WORD_ALIGNED,"{""PL"": ""plural"", ""IN"": ""inclusive"", ""PRON"": ""Pronoun"", ""TM"": ""tense/modality"", ""IPFV"": ""Imperfective"", ""COMPL"": ""Complementizer"", ""PREP"": ""Preposition"", ""ART"": ""Article"", ""SG"": ""singular""}"
teop1238a-text_24_chapter_31_seige_fishing-15,"Bea tahii masi vakavara, eara repaa voosu vahaa vaan.",be=a	tahii	masi	va-kavara	e-ara	re=paa	voosu	vahaa	vaan,when=ART2.SG	sea	be.at.low.tide	ADVR-complete	H-1PL.IN.PRON	CONSEC=TM3	go.home	back	village,"`When the sea is at low tide, we go home back to the village.'",text_24_chapter_31_seige_fishing,15,teop1238,teop1238a,WORD_ALIGNED,"{""ART"": ""Article"", ""SG"": ""singular"", ""ADVR"": ""Adverbializer"", ""PL"": ""plural"", ""IN"": ""inclusive"", ""PRON"": ""Pronoun"", ""CONSEC"": ""Consecutive"", ""TM"": ""tense/modality""}"
teop1238a-text_25_chapter_32_tanaa_fishing-1,Enaa kahi vahutate ni nom a vagana vai to dao raara a ta Teapu bona tanaa.,e-naa	kahi	vahutate	ni	nom	a	vagana	vai	to	dao	ra=ara	a	ta	teapu	bona	tanaa,H-1SG.PRON	TM1	tell.story	APPL	IPFV	ART2.SG	fishing	DEM6	REL	call	1PL.IN.IPFV=1PL.IN.PRON	ART2.SG	people	Teop	OBJ.ART2.SG	tanaa,`I am going to tell you a story about the fishing that we Teop people call \textit{tanaa}.',text_25_chapter_32_tanaa_fishing,1,teop1238,teop1238a,WORD_ALIGNED,"{""SG"": ""singular"", ""PRON"": ""Pronoun"", ""TM"": ""tense/modality"", ""APPL"": ""Applicative Particle"", ""IPFV"": ""Imperfective"", ""ART"": ""Article"", ""DEM"": ""Demonstrative"", ""REL"": ""Relative"", ""PL"": ""plural"", ""IN"": ""inclusive"", ""OBJ"": ""Object""}"
teop1238a-text_25_chapter_32_tanaa_fishing-2,"Bea ta Teapu tau nao tea tanaa, eori repaa dee bona maa kave teori tea masi vai to dao raara bono pasu masi.",be=a	ta	teapu	tau	nao	tea	tanaa	e-ori	re=paa	dee	bona	maa	kave	te=ori	te=a	masi	vai	to	dao	ra=ara	bono	pasu	masi,when=ART2.SG	people	Teop	TM5	go	COMPL1	tanaa	H-3PL.PRON	CONSEC=TM3	carry	OBJ.ART2.SG	PLM	net	PREP=3PL.PRON	PREP=ART2.SG	reef.at.low.tide	DEM6	REL	call	1PL.IN.IPFV=1PL.IN.PRON	ART3.SG	very.early	low.tide,"`When the Teop people are about to do the \textit{tanaa}, they take their nets to the reef during the low tide that we call \textit{pasu} \textit{masi} ``first low tide in the morning''.'",text_25_chapter_32_tanaa_fishing,2,teop1238,teop1238a,WORD_ALIGNED,"{""ART"": ""Article"", ""SG"": ""singular"", ""TM"": ""tense/modality"", ""COMPL"": ""Complementizer"", ""PL"": ""plural"", ""PRON"": ""Pronoun"", ""CONSEC"": ""Consecutive"", ""OBJ"": ""Object"", ""PLM"": ""Plural Marker"", ""PREP"": ""Preposition"", ""DEM"": ""Demonstrative"", ""REL"": ""Relative"", ""IN"": ""inclusive"", ""IPFV"": ""Imperfective""}"
teop1238a-text_25_chapter_32_tanaa_fishing-3,A masi bona na tavutavusu nana teo pasu nubunubu be boobon vakisi nana.,a	masi	bona	na	tavu{$\sim$}tavusu	nana	te=o	pasu	nubunubu	be	boo{$\sim$}bon	vakisi	nana,ART2.SG	low.tide	ANA.SG	TM2	RED{$\sim$}appear	3SG.IPFV	PREP=ART3.SG	very.early	morning	when	RED{$\sim$}dark	still	3SG.IPFV,`This low tide appears in the very early morning when it is still dark.',text_25_chapter_32_tanaa_fishing,3,teop1238,teop1238a,WORD_ALIGNED,"{""ART"": ""Article"", ""SG"": ""singular"", ""ANA"": ""Anaphoric Demonstrative"", ""TM"": ""tense/modality"", ""RED"": ""reduplication"", ""IPFV"": ""Imperfective"", ""PREP"": ""Preposition""}"
teop1238a-text_25_chapter_32_tanaa_fishing-4,"Tea matana takaha, a ta vaan repaa vaon bona maa kave teori tea maa sinivi,",te=a	mata-n=a	takaha	a	ta	vaan	re=paa	vaon	bona	maa	kave	te=ori	te=a	maa	sinivi,PREP=ART2.SG	beginning-3SG.POSS=ART2.SG	dawn	ART2.SG	people	village	CONSEC=TM3	load	OBJ.ART2.SG	PLM	net	PREP=3PL.PRON	PREP=ART2.SG	PLM	canoe,"`At the beginning of dawn, the people load their nets into the canoes,'",text_25_chapter_32_tanaa_fishing,4,teop1238,teop1238a,WORD_ALIGNED,"{""PREP"": ""Preposition"", ""ART"": ""Article"", ""SG"": ""singular"", ""POSS"": ""Possessive Marker"", ""CONSEC"": ""Consecutive"", ""TM"": ""tense/modality"", ""OBJ"": ""Object"", ""PLM"": ""Plural Marker"", ""PL"": ""plural"", ""PRON"": ""Pronoun""}"
teop1238a-text_25_chapter_32_tanaa_fishing-5,"eori repaa hua vo tea hoa, ei beo puhana mei batana tea masi gunaha.",e-ori	re=paa	hua	vo	te=a	hoa	ei	be=o	puhana	mei	bata=na	tea	masi	gunaha,H-3PL.PRON	CONSEC=TM3	paddle	GOAL	PREP=ART2.SG	passage	DEM2	when=ART3.SG	tide	do.not.yet	CONT=3SG.IPFV	COMPL1	ebb	go.down,`and then they will paddle to the passage before the tide has ebbed down.',text_25_chapter_32_tanaa_fishing,5,teop1238,teop1238a,WORD_ALIGNED,"{""PL"": ""plural"", ""PRON"": ""Pronoun"", ""CONSEC"": ""Consecutive"", ""TM"": ""tense/modality"", ""GOAL"": ""goal"", ""PREP"": ""Preposition"", ""ART"": ""Article"", ""SG"": ""singular"", ""DEM"": ""Demonstrative"", ""CONT"": ""Continuity"", ""IPFV"": ""Imperfective"", ""COMPL"": ""Complementizer""}"
teop1238a-text_25_chapter_32_tanaa_fishing-6,"Beori suguna, eori repaa nao busu vatanaa pina ni bona hoa.",be=ori	suguna	e-ori	re=paa	nao	busu	va-tanaa	pina	ni	bona	hoa,when=3PL.PRON	arrive	H-3PL.PRON	CONSEC=TM3	go	throw	MULT-put.nets.in.a.row	block	APPL	OBJ.ART2.SG	passage,"`When they have arrived, they will go (and) throw their nets in a row, thus blocking the passage.'",text_25_chapter_32_tanaa_fishing,6,teop1238,teop1238a,WORD_ALIGNED,"{""PL"": ""plural"", ""PRON"": ""Pronoun"", ""CONSEC"": ""Consecutive"", ""TM"": ""tense/modality"", ""MULT"": ""multiple situation"", ""APPL"": ""Applicative Particle"", ""OBJ"": ""Object"", ""ART"": ""Article"", ""SG"": ""singular""}"
teop1238a-text_25_chapter_32_tanaa_fishing-7,"ei vira vakavara ni rori bono kave, eori repaa sun teebona.",ei	vira	va-kavara	ni	rori	bono	kave	e-ori	re=paa	sun	tee=bona,DEM2	drop.fishing.net	ADVR-complete	APPL	3PL.IPFV	OBJ.ART2.PL	net	H-3PL.PRON	CONSEC=TM3	stand	PREP=ANA.SG,"`Now, (when) having dropped all the nets, they stand there.'",text_25_chapter_32_tanaa_fishing,7,teop1238,teop1238a,WORD_ALIGNED,"{""DEM"": ""Demonstrative"", ""ADVR"": ""Adverbializer"", ""APPL"": ""Applicative Particle"", ""PL"": ""plural"", ""IPFV"": ""Imperfective"", ""OBJ"": ""Object"", ""ART"": ""Article"", ""PRON"": ""Pronoun"", ""CONSEC"": ""Consecutive"", ""TM"": ""tense/modality"", ""PREP"": ""Preposition"", ""ANA"": ""Anaphoric Demonstrative"", ""SG"": ""singular""}"
teop1238a-text_25_chapter_32_tanaa_fishing-8,Eori repaa vararana pina naori murina maa kave beori vahakaa pina batari.,e-ori	re=paa	vararana	pina	nao	ri	muri-n=a	maa	kave	be=ori	vahakaa	pina	bata=ri,H-3PL.PRON	CONSEC=TM3	line.up	block	thither	3PL.IPFV	back-3SG.POSS=ART2.SG	PLM	net	when=3PL.PRON	beat.water	block	CONT=3PL.IPFV,"`They will line up making a blockade behind the nets, while beating the water (and) blocking (the passage).'",text_25_chapter_32_tanaa_fishing,8,teop1238,teop1238a,WORD_ALIGNED,"{""PL"": ""plural"", ""PRON"": ""Pronoun"", ""CONSEC"": ""Consecutive"", ""TM"": ""tense/modality"", ""IPFV"": ""Imperfective"", ""SG"": ""singular"", ""POSS"": ""Possessive Marker"", ""ART"": ""Article"", ""PLM"": ""Plural Marker"", ""CONT"": ""Continuity""}"
teop1238a-text_25_chapter_32_tanaa_fishing-9,"Vahakaa rori bea iana nomaa nana, ei kou na gunaha maari tea hoa ore paa ma ona rori tea kave.",vahakaa	rori	be=a	iana	nomaa	nana	ei	kou	na	gunaha	maa=ri	te=a	hoa	o=re	paa	ma	ona	rori	te=a	kave,beat.water	3PL.IPFV	while=ART2.SG	fish	come	3SG.IPFV	DEM2	EMPH2	TM2	go.down	hither=3PL.IPFV	PREP=ART2.SG	passage	3.PRON=CONSEC	TM3	come	be.trapped	3PL.IPFV	PREP=ART2.SG	net,"`They are beating the water, while the fish are coming, now they are coming down the passage, and then get trapped in the nets.'\footnote{lit. `... and then get trapped in the net.'}",text_25_chapter_32_tanaa_fishing,9,teop1238,teop1238a,WORD_ALIGNED,"{""PL"": ""plural"", ""IPFV"": ""Imperfective"", ""ART"": ""Article"", ""SG"": ""singular"", ""DEM"": ""Demonstrative"", ""EMPH"": ""Emphatic"", ""TM"": ""tense/modality"", ""PREP"": ""Preposition"", ""PRON"": ""Pronoun"", ""CONSEC"": ""Consecutive""}"
teop1238a-text_25_chapter_32_tanaa_fishing-10,"Ei be ona, sa antee vaha haari tea nao, pasi topo koa nom komana kave.",ei	be	ona	sa	antee	vaha	haa=ri	tea	nao	pasi	topo	koa	nom	koma-n=a	kave,DEM2	when	be.trapped	NEG1	can	again	NEG2=3PL.IPFV	COMPL1	go	TM4	be.stuck	just	IPFV	inside-3SG.POSS=ART2.SG	net,"`Now when they are trapped, they cannot go away, but will just be stuck in a net.'",text_25_chapter_32_tanaa_fishing,10,teop1238,teop1238a,WORD_ALIGNED,"{""DEM"": ""Demonstrative"", ""NEG"": ""Negative"", ""PL"": ""plural"", ""IPFV"": ""Imperfective"", ""COMPL"": ""Complementizer"", ""TM"": ""tense/modality"", ""SG"": ""singular"", ""POSS"": ""Possessive Marker"", ""ART"": ""Article""}"
teop1238a-text_25_chapter_32_tanaa_fishing-11,"Bea masi masi maa, ei be gunaha rakaha,",be=a	masi	masi	maa	ei	be	gunaha	rakaha,when=ART2.SG	reef	be.low.tide	hither	DEM2	when	go.down	very,"`When the sea is at low tide, when it has completely gone down,'",text_25_chapter_32_tanaa_fishing,11,teop1238,teop1238a,WORD_ALIGNED,"{""ART"": ""Article"", ""SG"": ""singular"", ""DEM"": ""Demonstrative""}"
teop1238a-text_25_chapter_32_tanaa_fishing-12,a tavaan repaa taneo tea pute bona iana komana kave,a	ta-vaan	re=paa	taneo	tea	pute	bona	iana	koma-n=a	kave,ART2.SG	people-village	CONSEC=TM3	start	COMPL1	pull.out	OBJ.ART2.SG	fish	inside-3SG.POSS=ART2.SG	net,`the people start pulling the fish out of the nets'\footnote{lit. `... out of the net'},text_25_chapter_32_tanaa_fishing,12,teop1238,teop1238a,WORD_ALIGNED,"{""ART"": ""Article"", ""SG"": ""singular"", ""CONSEC"": ""Consecutive"", ""TM"": ""tense/modality"", ""COMPL"": ""Complementizer"", ""OBJ"": ""Object"", ""POSS"": ""Possessive Marker""}"
teop1238a-text_25_chapter_32_tanaa_fishing-13,to paa hapusu vaevuru.,to	paa	hapusu	vaevuru,REL	TM3	be.full	already,`that are already full.',text_25_chapter_32_tanaa_fishing,13,teop1238,teop1238a,WORD_ALIGNED,"{""REL"": ""Relative"", ""TM"": ""tense/modality""}"
teop1238a-text_25_chapter_32_tanaa_fishing-14,"Beori pute vakavara bona iana vai to tei nana komana kave,",be=ori	pute	va-kavara	bona	iana	vai	to	tei	nana	koma-n=a	kave,when=3PL.PRON	pull.out	ADVR-complete	OBJ.ART2.SG	fish	DEM6	REL	be.there	3SG.IPFV	inside-3SG.POSS=ART2.SG	net,"`When they have finished pulling out the fish that are in the nets,'\footnote{lit. `... in the net'}",text_25_chapter_32_tanaa_fishing,14,teop1238,teop1238a,WORD_ALIGNED,"{""PL"": ""plural"", ""PRON"": ""Pronoun"", ""ADVR"": ""Adverbializer"", ""OBJ"": ""Object"", ""ART"": ""Article"", ""SG"": ""singular"", ""DEM"": ""Demonstrative"", ""REL"": ""Relative"", ""IPFV"": ""Imperfective"", ""POSS"": ""Possessive Marker""}"
teop1238a-text_25_chapter_32_tanaa_fishing-15,"eori repaa kao hovo pete komana kopua, eori repaa tahi bona iana vai to paa pinou ei komana kopua bona.",e-ori	re=paa	kao	hovo	pete	koma-n=a	kopua	e-ori	re=paa	tahi	bona	iana	vai	to	paa	pino=u	ei	koma-n=a	kopua	bona,H-3PL.PRON	CONSEC=TM3	go	enter	subsequently	inside-3SG.POSS=ART2.SG	lagoon	H-3PL.PRON	CONSEC=TM3	spear	OBJ.ART2.SG	fish	DEM6	REL	TM3	trapped=PFV	DEM2	inside-3SG.POSS=ART2.SG	lagoon	ANA.SG,`they will also wade through the pools in the lagoon and spear the fish that have been trapped in this lagoon.'\footnote{lit. `... the fish that has been trapped ...'},text_25_chapter_32_tanaa_fishing,15,teop1238,teop1238a,WORD_ALIGNED,"{""PL"": ""plural"", ""PRON"": ""Pronoun"", ""CONSEC"": ""Consecutive"", ""TM"": ""tense/modality"", ""SG"": ""singular"", ""POSS"": ""Possessive Marker"", ""ART"": ""Article"", ""OBJ"": ""Object"", ""DEM"": ""Demonstrative"", ""REL"": ""Relative"", ""PFV"": ""Perfective"", ""ANA"": ""Anaphoric Demonstrative""}"
teop1238a-text_25_chapter_32_tanaa_fishing-16,"Beori vagana vamatamataa rakaha bari, be kavara rakaha,",be=ori	vagana	va-mata{$\sim$}mataa	rakaha	bari	be	kavara	rakaha,when=3PL.PRON	fish	ADVR-RED{$\sim$}good	indeed	4PL.PRON	when	finished	indeed,"`When they have indeed fished every fish,'\footnote{lit. `When they have fished them very well indeed, when it is indeed finished, ...'}",text_25_chapter_32_tanaa_fishing,16,teop1238,teop1238a,WORD_ALIGNED,"{""PL"": ""plural"", ""PRON"": ""Pronoun"", ""ADVR"": ""Adverbializer"", ""RED"": ""reduplication""}"
teop1238a-text_25_chapter_32_tanaa_fishing-17,"eori repaa vaahae vahaa bona maa kave vo teo sinivi,",e-ori	re=paa	vaa-hae	vahaa	bona	maa	kave	vo	te=o	sinivi,H-3PL.PRON	CONSEC=TM3	CAUS-board	again	OBJ.ART2.SG	PLM	net	GOAL	PREP=ART3.SG	canoe,"`they will load the nets into the canoes again,'\footnote{lit. `into the canoe again'}",text_25_chapter_32_tanaa_fishing,17,teop1238,teop1238a,WORD_ALIGNED,"{""PL"": ""plural"", ""PRON"": ""Pronoun"", ""CONSEC"": ""Consecutive"", ""TM"": ""tense/modality"", ""CAUS"": ""Causative"", ""OBJ"": ""Object"", ""ART"": ""Article"", ""SG"": ""singular"", ""PLM"": ""Plural Marker"", ""GOAL"": ""goal"", ""PREP"": ""Preposition""}"
teop1238a-text_25_chapter_32_tanaa_fishing-18,eori repaa voosu vahaa vo vaan mi bono sinivi iana.,e-ori	re=paa	voosu	vahaa	vo	vaan	mi	bono	sinivi	iana,H-3PL.PRON	CONSEC=TM3	go.home	again	GOAL	village	with	OBJ.ART3.SG	canoe	fish,`and return home to the village with the canoes full of fish.'\footnote{lit. `... with the canoe ...'},text_25_chapter_32_tanaa_fishing,18,teop1238,teop1238a,WORD_ALIGNED,"{""PL"": ""plural"", ""PRON"": ""Pronoun"", ""CONSEC"": ""Consecutive"", ""TM"": ""tense/modality"", ""GOAL"": ""goal"", ""OBJ"": ""Object"", ""ART"": ""Article"", ""SG"": ""singular""}"
teop1238a-text_25_chapter_32_tanaa_fishing-19,Meha papana rahi batari bona ibun iana to paa tahi vori tea maa makaree teori.,meha	papana	rahi	bata=ri	bona	ibun	iana	to	paa	tahi	v=ori	te=a	maa	makaree	te=ori,other2.SG	group	pull	CONT=3PL.IPFV	ART3.PL	strings	fish	REL	TM3	spear	PFV=3PL.PRON	PREP=ART2.SG	PLM	fishing.spear	PREP=3PL.PRON,`Others thread the fish that they have speared with their fishing spears on strings.',text_25_chapter_32_tanaa_fishing,19,teop1238,teop1238a,WORD_ALIGNED,"{""SG"": ""singular"", ""CONT"": ""Continuity"", ""PL"": ""plural"", ""IPFV"": ""Imperfective"", ""ART"": ""Article"", ""REL"": ""Relative"", ""TM"": ""tense/modality"", ""PFV"": ""Perfective"", ""PRON"": ""Pronoun"", ""PREP"": ""Preposition"", ""PLM"": ""Plural Marker""}"
teop1238a-text_25_chapter_32_tanaa_fishing-20,Eve o sii vahutate no matapaku vaa tea tanaa ei teo kaku vagana vaa Teapu.,eve	o	sii	vahutate	n=o	matapaku	vaa	te=a	tanaa	ei	teo	kaku	vagana	vaa	teapu,3SG.PRON	ART3.SG	DIM	story	3SG.POSS=ART3.SG	practice	LNK	PREP=ART2.SG	tanaa	DEM2	PREP=ART3.SG	type	fish	LNK	Teapu,"`This is the little story of the practice of \textit{tanaa}, this is a type of fishing in the Teop area.'",text_25_chapter_32_tanaa_fishing,20,teop1238,teop1238a,WORD_ALIGNED,"{""SG"": ""singular"", ""PRON"": ""Pronoun"", ""ART"": ""Article"", ""DIM"": ""Diminutive"", ""POSS"": ""Possessive Marker"", ""LNK"": ""Linker"", ""PREP"": ""Preposition"", ""DEM"": ""Demonstrative""}"
teop1238a-text_26_chapter_33_angling-1,O kaku vagana to dao raara bona vavaaiku na pakupaku raara namana beara hae batara teo sinivi.,o	kaku	vagana	to	dao	ra=ara	bona	va-vaa-iku	na	paku{$\sim$}paku	ra=ara	namana	be=ara	hae	bata=ra	te=o	sinivi,ART3.SG	kind	fish	REL	call	1PL.IN.IPFV=1PL.IN.PRON	OBJ.ART2.SG	MULT-CAUS-swing	TM2	RED{$\sim$}do	1PL.IN.IPFV=1PL.IN.PRON	ocean	when=1PL.IN.PRON	board	CONT=1PL.IN.IPFV	PREP=ART3.SG	canoe,"`The kind of fishing that we call \textit{vavaaiku} `letting it swing', we do (it) in the ocean while we are sitting in the canoe.'",text_26_chapter_33_angling,1,teop1238,teop1238a,WORD_ALIGNED,"{""ART"": ""Article"", ""SG"": ""singular"", ""REL"": ""Relative"", ""PL"": ""plural"", ""IN"": ""inclusive"", ""IPFV"": ""Imperfective"", ""PRON"": ""Pronoun"", ""OBJ"": ""Object"", ""MULT"": ""multiple situation"", ""CAUS"": ""Causative"", ""TM"": ""tense/modality"", ""RED"": ""reduplication"", ""CONT"": ""Continuity"", ""PREP"": ""Preposition""}"
teop1238a-text_26_chapter_33_angling-2,Na pakupaku raara bona kanono ae a iri ae sa taba sa ponisi mene dee gunaha bona kanono.,na	paku{$\sim$}paku	ra=ara	bona	kanono	ae	a	iri	ae	sa	taba	sa	ponisi	mene	dee	gunaha	bona	kanono,TM2	RED{$\sim$}do	1PL.IN.IPFV=1PL.IN.PRON	OBJ.ART2.SG	string	and1	ART2.SG	hook	and1	PART.ART	thing	PART.ART	heavy	for	carry	go.down	OBJ.ART2.SG	string,`We do it with a string and a hook and something heavy to get the string down.',text_26_chapter_33_angling,2,teop1238,teop1238a,WORD_ALIGNED,"{""TM"": ""tense/modality"", ""RED"": ""reduplication"", ""PL"": ""plural"", ""IN"": ""inclusive"", ""IPFV"": ""Imperfective"", ""PRON"": ""Pronoun"", ""OBJ"": ""Object"", ""ART"": ""Article"", ""SG"": ""singular"", ""PART"": ""Partitive article""}"
teop1238a-text_26_chapter_33_angling-3,"Beara mei rara tea tahoa, amaa taba vaarii toro vaamatatopo.",be=ara	mei	rara	tea	ta-hoa	a=maa	taba	vaarii	toro	vaa-matatopo,when=1PL.IN.PRON	do.not.yet	1PL.IN.IPFV	COMPL1	ACAUS-push	ART2.SG=PLM	thing	DEM6.PL	TM7	CAUS-be.prepared,"`Before we set off, these things must be prepared.'\footnote{lit. `When we have not set off yet, ...'}",text_26_chapter_33_angling,3,teop1238,teop1238a,WORD_ALIGNED,"{""PL"": ""plural"", ""IN"": ""inclusive"", ""PRON"": ""Pronoun"", ""IPFV"": ""Imperfective"", ""COMPL"": ""Complementizer"", ""ACAUS"": ""Anticausative"", ""ART"": ""Article"", ""SG"": ""singular"", ""PLM"": ""Plural Marker"", ""DEM"": ""Demonstrative"", ""TM"": ""tense/modality"", ""CAUS"": ""Causative""}"
teop1238a-text_26_chapter_33_angling-4,A kanono to vavaaiku ni raara na paku vonaen:,a	kanono	to	va-vaa-iku	ni	ra=ara	na	paku	vo=na=en,ART2.SG	string	REL	MULT-CAUS-swing	APPL	1PL.IN.IPFV=1PL.IN.PRON	TM2	make	like=3SG.IPFV=DEM3,`The string that we let swing to and fro is made as follows:',text_26_chapter_33_angling,4,teop1238,teop1238a,WORD_ALIGNED,"{""ART"": ""Article"", ""SG"": ""singular"", ""REL"": ""Relative"", ""MULT"": ""multiple situation"", ""CAUS"": ""Causative"", ""APPL"": ""Applicative Particle"", ""PL"": ""plural"", ""IN"": ""inclusive"", ""IPFV"": ""Imperfective"", ""PRON"": ""Pronoun"", ""TM"": ""tense/modality"", ""DEM"": ""Demonstrative""}"
teop1238a-text_26_chapter_33_angling-5,"Eara na kisi ni roho rara a ta booru tea kanono, eara repaa kisi mana nia iri putaa.",e-ara	na	kisi	ni	roho	rara	a	ta	booru	te=a	kanono	e-ara	re=paa	kisi	mana	ni=a	iri	putaa,H-1PL.IN.PRON	TM2	tie	APPL	before	1PL.IN.IPFV	ART2.SG	piece	lead	PREP=ART2.SG	string	H-1PL.IN.PRON	CONSEC=TM3	tie	eventually	APPL=ART2.SG	hook	below,`We first tie a piece of lead to the string and then we tie the hook below (it).',text_26_chapter_33_angling,5,teop1238,teop1238a,WORD_ALIGNED,"{""PL"": ""plural"", ""IN"": ""inclusive"", ""PRON"": ""Pronoun"", ""TM"": ""tense/modality"", ""APPL"": ""Applicative Particle"", ""IPFV"": ""Imperfective"", ""ART"": ""Article"", ""SG"": ""singular"", ""PREP"": ""Preposition"", ""CONSEC"": ""Consecutive""}"
teop1238a-text_26_chapter_33_angling-6,"Ge beara rake, eara repaa kisi nia iri gina bea ta booru en putaa.",ge	be=ara	rake	e-ara	re=paa	kisi	ni=a	iri	gina	be=a	ta	booru	en	putaa,or	when=1PL.IN.PRON	want	H-1PL.IN.PRON	CONSEC=TM3	tie	APPL=ART2.SG	hook	on.top	when=ART2.SG	piece	lead	DEM3	below,"`Or if we want, we tie the hook on top while the piece of lead is below (the hook)'",text_26_chapter_33_angling,6,teop1238,teop1238a,WORD_ALIGNED,"{""PL"": ""plural"", ""IN"": ""inclusive"", ""PRON"": ""Pronoun"", ""CONSEC"": ""Consecutive"", ""TM"": ""tense/modality"", ""APPL"": ""Applicative Particle"", ""ART"": ""Article"", ""SG"": ""singular"", ""DEM"": ""Demonstrative""}"
teop1238a-text_26_chapter_33_angling-7,"Teo kaku vagana vai, eara na beana rarai.",te=o	kaku	vagana	vai	e-ara	na	beana	rara=i,PREP=ART3.SG	kind	fish	DEM	H-1PL.IN.PRON	TM2	put.bait.on	1PL.IN.IPFV=DEM1,"`For this kind of fishing, we bait it (the hook).'",text_26_chapter_33_angling,7,teop1238,teop1238a,WORD_ALIGNED,"{""PREP"": ""Preposition"", ""ART"": ""Article"", ""SG"": ""singular"", ""DEM"": ""Demonstrative"", ""PL"": ""plural"", ""IN"": ""inclusive"", ""PRON"": ""Pronoun"", ""TM"": ""tense/modality"", ""IPFV"": ""Imperfective""}"
teop1238a-text_26_chapter_33_angling-8,"Eara he toro beana nio evo, urita, iobo ge a iana komana vahaa, beara peepee varutarutaa e.",e-ara	he	toro	beana	ni=o	urita	iobo	ge	a	iana	komana	vahaa	be=ara	pee{$\sim$}pee	va-ruta{$\sim$}rutaa	e,H-1PL.IN.PRON	ADVERS	TM7	bait	APPL=ART3.SG	octopus	sea.sausage	or	ART2.SG	fish	even	again	when=1PL.IN.PRON	RED{$\sim$}cut	CAUS-RED{$\sim$}small	3SG.PRON,"`We must bait it with an octopus, a sea-saussage, or even a fish when we have cut them up into little pieces.'",text_26_chapter_33_angling,8,teop1238,teop1238a,WORD_ALIGNED,"{""PL"": ""plural"", ""IN"": ""inclusive"", ""PRON"": ""Pronoun"", ""ADVERS"": ""Adversative Conjunction"", ""TM"": ""tense/modality"", ""APPL"": ""Applicative Particle"", ""ART"": ""Article"", ""SG"": ""singular"", ""RED"": ""reduplication"", ""CAUS"": ""Causative""}"
teop1238a-text_26_chapter_33_angling-9,"Bea maamihu taba vai matatopo, eara repaa hua hiava namana.",be=a	maamihu	taba	vai	matatopo	e-ara	re=paa	hua	hiava	namana,when=ART2.SG	all.sorts.of	thing	DEM6	be.prepared	H-1PL.IN.PRON	CONSEC=TM3	paddle	go.up	ocean,"`When everything is prepared, we paddle up to the deep sea.'",text_26_chapter_33_angling,9,teop1238,teop1238a,WORD_ALIGNED,"{""ART"": ""Article"", ""SG"": ""singular"", ""DEM"": ""Demonstrative"", ""PL"": ""plural"", ""IN"": ""inclusive"", ""PRON"": ""Pronoun"", ""CONSEC"": ""Consecutive"", ""TM"": ""tense/modality""}"
teop1238a-text_26_chapter_33_angling-10,"Eara repaa vaagunaha a kanono, vaantee koa tobina, eara repaa vaabunobuno koa ni rae, a beana re potee voen na vavaaiku nana.",e-ara	re=paa	vaa-gunaha	a	kanono	va-antee	koa	tobina	e-ara	re=paa	vaa-buno{$\sim$}buno	koa	ni	ra=e	a	beana	re	potee	vo=en	na	va{$\sim$}vaa-iku	nana,H-1PL.IN.PRON	CONSEC=TM3	CAUS-go.down	ART2.SG	string	CAUS-stop	only	middle	H-1PL.IN.PRON	CONSEC=TM3	CAUS-RED{$\sim$}move	just	APPL	1PL.IN.IPFV=3SG.PRON	ART2.SG	bait	CONSEC	be.like	like=DEM3	TM2	RED{$\sim$}CAUS-swing	3SG.IPFV,"`Then we let the string down, but only half way, and then move it to and fro so that the bait looks like swinging.'",text_26_chapter_33_angling,10,teop1238,teop1238a,WORD_ALIGNED,"{""PL"": ""plural"", ""IN"": ""inclusive"", ""PRON"": ""Pronoun"", ""CONSEC"": ""Consecutive"", ""TM"": ""tense/modality"", ""CAUS"": ""Causative"", ""ART"": ""Article"", ""SG"": ""singular"", ""RED"": ""reduplication"", ""APPL"": ""Applicative Particle"", ""IPFV"": ""Imperfective"", ""DEM"": ""Demonstrative""}"
teop1238a-text_26_chapter_33_angling-11,"Teebona to kahi avuhu ae tara mau o iana bona, eori repaa maa agomo bona beana.",tee-bona	to	kahi	avuhu	ae	tara	ma=u	o	iana	bona	e-ori	re=paa	ma	agomo	bona	beana,PREP-ANA.SG	REL	TM1	smell	and1	see	hither=PFV	ART2.PL	fish	4SG.PRON	H-3PL.PRON	CONSEC=TM3	come	swallow	OBJ.ART2.SG	bait,"`So the fish will smell and see it, and then they come and swallow the bait.'",text_26_chapter_33_angling,11,teop1238,teop1238a,WORD_ALIGNED,"{""PREP"": ""Preposition"", ""ANA"": ""Anaphoric Demonstrative"", ""SG"": ""singular"", ""REL"": ""Relative"", ""TM"": ""tense/modality"", ""PFV"": ""Perfective"", ""ART"": ""Article"", ""PL"": ""plural"", ""PRON"": ""Pronoun"", ""CONSEC"": ""Consecutive"", ""OBJ"": ""Object""}"
teop1238a-text_26_chapter_33_angling-12,"Beara haraa voen na rahi batana bona kanono, eara repaa vaatasu hiava nia kanono,",be=ara	haraa	vo=en	na	rahi	bata=na	bona	kanono	e-ara	re=paa	vaatasu	hiava	ni=a	kanono,when=1PL.IN.PRON	feel	like=DEM3	TM2	pull	CONT=3SG.IPFV	OBJ.ART2.SG	string	H-1PL.IN.PRON	CONSEC=TM3	fling	go.up	APPL=ART2.SG	string,"`When we feel that (a fish) is pulling the string, we fling the string upwards,'",text_26_chapter_33_angling,12,teop1238,teop1238a,WORD_ALIGNED,"{""PL"": ""plural"", ""IN"": ""inclusive"", ""PRON"": ""Pronoun"", ""DEM"": ""Demonstrative"", ""TM"": ""tense/modality"", ""CONT"": ""Continuity"", ""SG"": ""singular"", ""IPFV"": ""Imperfective"", ""OBJ"": ""Object"", ""ART"": ""Article"", ""CONSEC"": ""Consecutive"", ""APPL"": ""Applicative Particle""}"
teop1238a-text_26_chapter_33_angling-13,"a iri repaa kao hopo rivona iana, eara repaa rahi hiava e kou.",a	iri	re=paa	kao	hopo	rivo-n=a	iana	e-ara	re=paa	rahi	hiava	e	kou,ART2.SG	hook	CONSEC=TM3	move	enter	mouth-3SG.POSS=ART2.SG	fish	H-1PL.IN.PRON	CONSEC=TM3	pull	go.up	3SG.PRON	EMPH2,"`so that the hook moves into the mouth of the fish, and then we pull it up.'",text_26_chapter_33_angling,13,teop1238,teop1238a,WORD_ALIGNED,"{""ART"": ""Article"", ""SG"": ""singular"", ""CONSEC"": ""Consecutive"", ""TM"": ""tense/modality"", ""POSS"": ""Possessive Marker"", ""PL"": ""plural"", ""IN"": ""inclusive"", ""PRON"": ""Pronoun"", ""EMPH"": ""Emphatic""}"
teop1238a-text_26_chapter_33_angling-14,"Eara na antee rara tea paku o kaku vagana vai tea bon, tea roava, teo tarahi ge teo puhana.",e-ara	na	antee	rara	tea	paku	o	kaku	vagana	vai	te=a	bon	te=a	roava	te=a	tarahi	ge	te=a	puhana,H-1PL.IN.PRON	TM2	can	1PL.IN.IPFV	COMPL1	do	ART3.SG	kind	fish	DEM6	PREP=ART2.SG	night	PREP=ART2.SG	daytime	PREP=ART2.SG	ebbing	or	PREP=ART2.SG	high.tide,"`We can do this kind of fishing at night, during the day, when the tide is ebbing or at high tide.'",text_26_chapter_33_angling,14,teop1238,teop1238a,WORD_ALIGNED,"{""PL"": ""plural"", ""IN"": ""inclusive"", ""PRON"": ""Pronoun"", ""TM"": ""tense/modality"", ""IPFV"": ""Imperfective"", ""COMPL"": ""Complementizer"", ""ART"": ""Article"", ""SG"": ""singular"", ""DEM"": ""Demonstrative"", ""PREP"": ""Preposition""}"
teop1238a-text_27_chapter_34_kite_fishing-1,Vagana vaa tea vavaatoa,vagana	vaa	te=a	vavaatoa,fish	LNK	PREP=ART2.SG	kite,`Fishing with the kite',text_27_chapter_34_kite_fishing,1,teop1238,teop1238a,WORD_ALIGNED,"{""LNK"": ""Linker"", ""PREP"": ""Preposition"", ""ART"": ""Article"", ""SG"": ""singular""}"
teop1238a-text_27_chapter_34_kite_fishing-2,A vavaatoa na vavaanaovo riori tea iravata.,a	vavaatoa	na	va-vaa-naovo	ri=ori	te=a	iravata,ART2.SG	kite	TM2	MULT-CAUS-fly	3PL.IPFV=3PL.PRON	PREP=ART2.SG	wind,"`They let the kite fly in the wind.'\footnote{lit. `The kite, they let fly in the wind.'}",text_27_chapter_34_kite_fishing,2,teop1238,teop1238a,WORD_ALIGNED,"{""ART"": ""Article"", ""SG"": ""singular"", ""TM"": ""tense/modality"", ""MULT"": ""multiple situation"", ""CAUS"": ""Causative"", ""PL"": ""plural"", ""IPFV"": ""Imperfective"", ""PRON"": ""Pronoun"", ""PREP"": ""Preposition""}"
teop1238a-text_27_chapter_34_kite_fishing-3,"Evehee, saka ei haana komana vaan. Ahiki.",evehee	saka	ei	haa=na	koma-n=a	vaan	ahiki,but	NEG1	DEM2	NEG2=3SG.IPFV	inside-3SG.POSS=ART2.SG	village	no,`But this is not in the village. No.',text_27_chapter_34_kite_fishing,3,teop1238,teop1238a,WORD_ALIGNED,"{""NEG"": ""Negative"", ""DEM"": ""Demonstrative"", ""SG"": ""singular"", ""IPFV"": ""Imperfective"", ""POSS"": ""Possessive Marker"", ""ART"": ""Article""}"
teop1238a-text_27_chapter_34_kite_fishing-4,Na dee riori tahii.,na	dee	ri=ori	tahii,TM2	carry	3PL.IPFV=3PL.PRON	sea,`They take (it) to the sea.',text_27_chapter_34_kite_fishing,4,teop1238,teop1238a,WORD_ALIGNED,"{""TM"": ""tense/modality"", ""PL"": ""plural"", ""IPFV"": ""Imperfective"", ""PRON"": ""Pronoun""}"
teop1238a-text_27_chapter_34_kite_fishing-5,A iravata to vavaanaovo vavaatoa suku riori saka hoa vabeera haana.,a	iravata	to	va-vaa-naovo	vavaatoa	suku	ri=ori	saka	hoa	va-beera	haa=na,ART2.SG	wind	REL	MULT-CAUS-fly	kite	follow	3PL.IPFV=3PL.PRON	NEG1	blow	ADVR-big	NEG2=3SG.IPFV,`The wind in which they let kites fly does not blow strongly.',text_27_chapter_34_kite_fishing,5,teop1238,teop1238a,WORD_ALIGNED,"{""ART"": ""Article"", ""SG"": ""singular"", ""REL"": ""Relative"", ""MULT"": ""multiple situation"", ""CAUS"": ""Causative"", ""PL"": ""plural"", ""IPFV"": ""Imperfective"", ""PRON"": ""Pronoun"", ""NEG"": ""Negative"", ""ADVR"": ""Adverbializer""}"
teop1238a-text_27_chapter_34_kite_fishing-6,Bara o puhana to paku riori bona vagana bona saka beera haana mee.,bara	o	puhana	to	paku	ri=ori	bona	vagana	bona	saka	beera	haa=na	mee,and2	ART3.SG	high.tide	REL	do	3PL.IPFV=3PL.PRON	OBJ.ART2.SG	fish	ANA.SG	NEG1	big	NEG2=3SG.IPFV	also,`And the high tide during which they do this fishing is not strong either.',text_27_chapter_34_kite_fishing,6,teop1238,teop1238a,WORD_ALIGNED,"{""ART"": ""Article"", ""SG"": ""singular"", ""REL"": ""Relative"", ""PL"": ""plural"", ""IPFV"": ""Imperfective"", ""PRON"": ""Pronoun"", ""OBJ"": ""Object"", ""ANA"": ""Anaphoric Demonstrative"", ""NEG"": ""Negative""}"
teop1238a-text_27_chapter_34_kite_fishing-7,A tahii toro ato koa bono takatakaku mooman.,a	tahii	toro	ato	koa	bono	takatakaku	moo-man,ART2.SG	sea.water	TM7	touch	only	ART2.PL	ankles	leg-2SG.POSS.PRON,`The sea water only needs to touch your ankles.',text_27_chapter_34_kite_fishing,7,teop1238,teop1238a,WORD_ALIGNED,"{""ART"": ""Article"", ""SG"": ""singular"", ""TM"": ""tense/modality"", ""PL"": ""plural"", ""POSS"": ""Possessive Marker"", ""PRON"": ""Pronoun""}"
teop1238a-text_27_chapter_34_kite_fishing-8,A vavaatoa na vakis ni riori bona buaku a kanono ariono.,a	vavaatoa	na	vakis	ni	ri=ori	bona	buaku	a	kanono	ariono,ART2.SG	kite	TM2	be.tied	APPL	3PL.IPFV=3PL.PRON	OBJ.ART2.SG	two	ART2.SG	string	ariono.vine,`They tie two \textit{ariono} strings to the kite.'\footnote{lit. `The kite they tie two \textit{ariono} strings.'},text_27_chapter_34_kite_fishing,8,teop1238,teop1238a,WORD_ALIGNED,"{""ART"": ""Article"", ""SG"": ""singular"", ""TM"": ""tense/modality"", ""APPL"": ""Applicative Particle"", ""PL"": ""plural"", ""IPFV"": ""Imperfective"", ""PRON"": ""Pronoun"", ""OBJ"": ""Object""}"
teop1238a-text_27_chapter_34_kite_fishing-9,"A peha ariono na vakis nana matana vavaatoa, a vaabuaku na vakis nana murinae.",a	peha	ariono	na	vakis	nana	mata-n=a	vavaatoa	a	vaa-buaku	na	vakis	nana	muri-nae,ART2.SG	one2.SG	ariono.string	TM	be.tied	3SG.IPFV	front-3SG.POSS=ART2.SG	kite	ART2.SG	ORD-two	TM2	be.tied	3SG.IPFV	back-3SG.POSS.PRON,"`One \textit{ariono} string is tied to the front of the kite, the second one is tied behind.'\footnote{lit. `... to its back''}",text_27_chapter_34_kite_fishing,9,teop1238,teop1238a,WORD_ALIGNED,"{""ART"": ""Article"", ""SG"": ""singular"", ""TM"": ""tense/modality"", ""IPFV"": ""Imperfective"", ""POSS"": ""Possessive Marker"", ""ORD"": ""Ordinal"", ""PRON"": ""Pronoun""}"
teop1238a-text_27_chapter_34_kite_fishing-10,A too vagana na ato kaakoo batana tea ariono vaa matanae.,a	too	vagana	na	ato	kaakoo	bata=na	te=a	ariono	vaa	mata-nae,ART2.SG	person	fish	TM2	hold	move.somewhere	CONT=3SG.IPFV	PREP=ART2.SG	ariono.string	LNK	front-3SG.POSS.PRON,`The fisherman holds the string that is tied to its front.',text_27_chapter_34_kite_fishing,10,teop1238,teop1238a,WORD_ALIGNED,"{""ART"": ""Article"", ""SG"": ""singular"", ""TM"": ""tense/modality"", ""CONT"": ""Continuity"", ""IPFV"": ""Imperfective"", ""PREP"": ""Preposition"", ""LNK"": ""Linker"", ""POSS"": ""Possessive Marker"", ""PRON"": ""Pronoun""}"
teop1238a-text_27_chapter_34_kite_fishing-11,A matanima he na hana batana tea ariono vaa teo vamurina.,a	matanima	he	na	hana	bata=na	te=a	ariono	vaa	te=o	vamurina,ART2.SG	hook.of.kite	ADVERS	TM2	hang	CONT=3SG.PRON	PREP=ART2.SG	ariono.string	LNK	PREP=ART3.SG	in.the.back,"`The \textit{matanima}, the hook of the kite, hangs on the \textit{ariono} string behind it.'",text_27_chapter_34_kite_fishing,11,teop1238,teop1238a,WORD_ALIGNED,"{""ART"": ""Article"", ""SG"": ""singular"", ""ADVERS"": ""Adversative Conjunction"", ""TM"": ""tense/modality"", ""CONT"": ""Continuity"", ""PRON"": ""Pronoun"", ""PREP"": ""Preposition"", ""LNK"": ""Linker""}"
teop1238a-text_27_chapter_34_kite_fishing-12,"Beori vaanaovo bono vavaatoa, saka vaanaovo pinopino haa riori.",be=ori	vaa-naovo	bono	vavaatoa	saka	vaa-naovo	pinopino	haa	ri=ori,when=3PL.PRON	CAUS-fly	OBJ.ART2.PL	kite	NEG1	CAUS-fly	carelessly	NEG2	3PL.IPFV=3PL.PRON,"`When they let the kites fly, they do not let (them) fly carelessly around.'",text_27_chapter_34_kite_fishing,12,teop1238,teop1238a,WORD_ALIGNED,"{""PL"": ""plural"", ""PRON"": ""Pronoun"", ""CAUS"": ""Causative"", ""OBJ"": ""Object"", ""ART"": ""Article"", ""NEG"": ""Negative"", ""IPFV"": ""Imperfective""}"
teop1238a-text_27_chapter_34_kite_fishing-13,Na tara rori bona matanima be tei koa toonuna tahii.,na	tara	rori	bona	matanima	be	tei	koa	toonu-n=a	tahii,TM2	see	3PL.IPFV	OBJ.ART2.SG	hook.of.fishing.kite	COMPL2	stay	just	surface-3SG.POSS=ART2.SG	sea,`(They) see that the \textit{matanima} (`hook of the fishing kite') just stays on the surface of the sea.',text_27_chapter_34_kite_fishing,13,teop1238,teop1238a,WORD_ALIGNED,"{""TM"": ""tense/modality"", ""PL"": ""plural"", ""IPFV"": ""Imperfective"", ""OBJ"": ""Object"", ""ART"": ""Article"", ""SG"": ""singular"", ""COMPL"": ""Complementizer"", ""POSS"": ""Possessive Marker""}"
teop1238a-text_27_chapter_34_kite_fishing-14,ore paa vaantee koa bari teebona.,o=re	paa	va-antee	koa	bari	tee=bona,3.PRON=CONSEC	TM3	CAUS-stop	just	4PL.PRON	PREP=ANA.SG,`and then they just let it stop there.',text_27_chapter_34_kite_fishing,14,teop1238,teop1238a,WORD_ALIGNED,"{""PRON"": ""Pronoun"", ""CONSEC"": ""Consecutive"", ""TM"": ""tense/modality"", ""CAUS"": ""Causative"", ""PL"": ""plural"", ""PREP"": ""Preposition"", ""ANA"": ""Anaphoric Demonstrative"", ""SG"": ""singular""}"
teop1238a-text_27_chapter_34_kite_fishing-15,"A too vagana be pita mi bona vavaatoa, a matanima ore paa tereree bata koana toon na tahii.",a	too	vagana	be	pita	mi	bona	vavaatoa	a	matanima	o=re	paa	tereree	bata	koa=na	toon	n=a	tahii,ART2.SG	person	fish	when	walk	with	OBJ.ART2.SG	kite	ART2.SG	hook.of.kite	3.PRON=CONSEC	TM3	hover	CONT	just=3SG.IPFV	surface	3SG.PRON=ART2.SG	sea,"`When the fisherman walks with the kite, the \textit{matanima} hook only hovers over the surface of the sea.'\footnote{lit. `The fisherman, when walks with the kite, ...'}",text_27_chapter_34_kite_fishing,15,teop1238,teop1238a,WORD_ALIGNED,"{""ART"": ""Article"", ""SG"": ""singular"", ""OBJ"": ""Object"", ""PRON"": ""Pronoun"", ""CONSEC"": ""Consecutive"", ""TM"": ""tense/modality"", ""CONT"": ""Continuity"", ""IPFV"": ""Imperfective""}"
teop1238a-text_27_chapter_34_kite_fishing-16,"O iana toro tara bari be tereree batana,",o	iana	toro	tara	bari	be	tereree	bata=na,ART2.PL	fish	TM7	see	4PL.PRON	when	hover	CONT=3SG.IPFV,"`The fish must see it, when it is hovering over the surface,'",text_27_chapter_34_kite_fishing,16,teop1238,teop1238a,WORD_ALIGNED,"{""ART"": ""Article"", ""PL"": ""plural"", ""TM"": ""tense/modality"", ""PRON"": ""Pronoun"", ""CONT"": ""Continuity"", ""SG"": ""singular"", ""IPFV"": ""Imperfective""}"
teop1238a-text_27_chapter_34_kite_fishing-17,ore paa kao bari ore paa no koto bari.,o=re	paa	kao	bari	o=re	paa	no	koto	bari,3.PRON=CONSEC	TM3	move	4PL.PRON	3.PRON=CONSEC	TM3	go	bite	4PL.PRON,`then they approach them and bite them.',text_27_chapter_34_kite_fishing,17,teop1238,teop1238a,WORD_ALIGNED,"{""PRON"": ""Pronoun"", ""CONSEC"": ""Consecutive"", ""TM"": ""tense/modality"", ""PL"": ""plural""}"
teop1238a-text_27_chapter_34_kite_fishing-18,"Pasi koto bata nom, beori hana rori.",pasi	koto	bata	nom	be=ori	hana	rori,TM4	bite	CONT	IPFV	when=3PL.PRON	hang	3PL.IPFV,`They will bite them while they are hanging (there).',text_27_chapter_34_kite_fishing,18,teop1238,teop1238a,WORD_ALIGNED,"{""TM"": ""tense/modality"", ""CONT"": ""Continuity"", ""IPFV"": ""Imperfective"", ""PL"": ""plural"", ""PRON"": ""Pronoun""}"
teop1238a-text_27_chapter_34_kite_fishing-19,"A vavaatoa na ponisi nana, ore paa rahi gunaha bari,",a	vavaatoa	na	ponisi	nana	o=re	paa	rahi	gunaha	bari,ART2.SG	kite	TM2	heavy	3SG.IPFV	3.PRON=CONSEC	TM3	pull	go.down	4PL.PRON,"`The kite is heavy, then they pull it down.'",text_27_chapter_34_kite_fishing,19,teop1238,teop1238a,WORD_ALIGNED,"{""ART"": ""Article"", ""SG"": ""singular"", ""TM"": ""tense/modality"", ""IPFV"": ""Imperfective"", ""PRON"": ""Pronoun"", ""CONSEC"": ""Consecutive"", ""PL"": ""plural""}"
teop1238a-text_27_chapter_34_kite_fishing-20,ore paa ato bona iana.,o=re	paa	ato	bona	iana,3.PRON=CONSEC	TM3	grab	ART2.SG	fish,`(and) then they grab the fish.',text_27_chapter_34_kite_fishing,20,teop1238,teop1238a,WORD_ALIGNED,"{""PRON"": ""Pronoun"", ""CONSEC"": ""Consecutive"", ""TM"": ""tense/modality"", ""ART"": ""Article"", ""SG"": ""singular""}"
teop1238a-text_27_chapter_34_kite_fishing-21,Eve koa to paku bata vo riori ore suguna komana,eve	koa	to	paku	bata	vo	ri=ori	o=re	suguna	komana,3SG.PRON	just	REL	go	CONT	like	3PL.IPFV=3PL.PRON	3.PRON=CONSEC	arrive	indeed,"`That's how they do it until'\footnote{It (is) just what they do (it) like, then it arrives indeed}",text_27_chapter_34_kite_fishing,21,teop1238,teop1238a,WORD_ALIGNED,"{""SG"": ""singular"", ""PRON"": ""Pronoun"", ""REL"": ""Relative"", ""CONT"": ""Continuity"", ""PL"": ""plural"", ""IPFV"": ""Imperfective"", ""CONSEC"": ""Consecutive""}"
teop1238a-text_27_chapter_34_kite_fishing-22,"beo iana bero vaantee bono rake teori, ore paa voosu vahaa.",be=o	iana	bero	va-antee	bono	rake	te=ori	o=re	paa	voosu	vahaa,when=ART2.PL	fish	many	CAUS-stop	OBJ.ART3.SG	want	PREP=3PL.PRON	3.PRON=CONSEC	TM3	go.home	back,"`they have as many fish as they wanted, then they return home.'\footnote{lit. `when many fish make stop their want ...'}",text_27_chapter_34_kite_fishing,22,teop1238,teop1238a,WORD_ALIGNED,"{""ART"": ""Article"", ""PL"": ""plural"", ""CAUS"": ""Causative"", ""OBJ"": ""Object"", ""SG"": ""singular"", ""PREP"": ""Preposition"", ""PRON"": ""Pronoun"", ""CONSEC"": ""Consecutive"", ""TM"": ""tense/modality""}"
teop1238a-text_27_chapter_34_kite_fishing-23,"Evei o iana to rahirahi maa riori tea vavaatoa,",eve=i	o	iana	to	rahi{$\sim$}rahi	maa	ri=ori	te=a	vavaatoa,3SG.PRON=DEM1	ART2.PL	fish	REL	RED{$\sim$}pull	hither	3PL.IPFV=3PL.PRON	PREP=ART2.SG	kite,"`These fish that they catch with the kite,'",text_27_chapter_34_kite_fishing,23,teop1238,teop1238a,WORD_ALIGNED,"{""SG"": ""singular"", ""PRON"": ""Pronoun"", ""DEM"": ""Demonstrative"", ""ART"": ""Article"", ""PL"": ""plural"", ""REL"": ""Relative"", ""RED"": ""reduplication"", ""IPFV"": ""Imperfective"", ""PREP"": ""Preposition""}"
teop1238a-text_27_chapter_34_kite_fishing-24,"saka kavara rio iana haana, ahiki.",saka	kavara	ri=o	iana	haa=na	ahiki,NEG1	all	3PL.POSS=ART2.PL	fish	NEG2=3SG.IPFV	no,"`it is not all fishes, no.'\footnote{lit. `not all of the fishes, no'}",text_27_chapter_34_kite_fishing,24,teop1238,teop1238a,WORD_ALIGNED,"{""NEG"": ""Negative"", ""PL"": ""plural"", ""POSS"": ""Possessive Marker"", ""ART"": ""Article"", ""SG"": ""singular"", ""IPFV"": ""Imperfective""}"
teop1238a-text_27_chapter_34_kite_fishing-25,"O iana vai koa (1) hori, (2) hoohoa, (3) pasuaromo, (4) ponpon.",o	iana	vai	koa	(1)	hori	(2)	hoohoa	(3)	pasuaromo	(4)	ponpon,ART2.PL	fish	DEM6	only	(1)	squirrel.fish	(2)	needle.fish	(3)	emperor.sp	(4)	needle.fish.sp,"`It is only the following fishes: (1) squirrel.fish, (2) needlefish, (3) \textit{pasuaromo} emperor, (4) \textit{ponpon} needlefish.'",text_27_chapter_34_kite_fishing,25,teop1238,teop1238a,WORD_ALIGNED,"{""ART"": ""Article"", ""PL"": ""plural"", ""DEM"": ""Demonstrative""}"
teop1238a-text_27_chapter_34_kite_fishing-26,Bea tahii masi ore paa vakavara vagana.,be=a	tahii	masi	o=re	paa	va-kavara	vagana,when=ART2.SG	sea	low.tide	3.PRON=CONSEC	TM3	CAUS-finished	fish,"`When the tide goes down, they finish fishing.'",text_27_chapter_34_kite_fishing,26,teop1238,teop1238a,WORD_ALIGNED,"{""ART"": ""Article"", ""SG"": ""singular"", ""PRON"": ""Pronoun"", ""CONSEC"": ""Consecutive"", ""TM"": ""tense/modality"", ""CAUS"": ""Causative""}"
teop1238a-text_28_chapter_35_catching_wrasses-1,O haopi a hena na iana vai to teitei batana paano kasuana.,o	haopi	a	hena	n=a	iana	vai	to	tei{$\sim$}tei	bata=na	paa-n=o	kasuana,ART3.SG	wrasse	ART2.SG	name	3SG.POSS=ART2.SG	fish	DEM6	REL	RED{$\sim$}stay	CONT=3SG.IPFV	under-3SG.POSS=ART3.SG	ground,`\textit{Haopi} (Wrasse) is the name of a fish that stays underground.',text_28_chapter_35_catching_wrasses,1,teop1238,teop1238a,WORD_ALIGNED,"{""ART"": ""Article"", ""SG"": ""singular"", ""POSS"": ""Possessive Marker"", ""DEM"": ""Demonstrative"", ""REL"": ""Relative"", ""RED"": ""reduplication"", ""CONT"": ""Continuity"", ""IPFV"": ""Imperfective""}"
teop1238a-text_28_chapter_35_catching_wrasses-2,Na tei me nana bono buaku o kaku haopi.,na	tei	me	nana	bono	buaku	o	kaku	haopi,TM2	stay	with	3SG.IPFV	OBJ.ART3.SG	two	ART3.SG	kind	wrasse,`There are two kinds of wrasse.'\footnote{lit. `(It) is there with two kinds of wrasse.'},text_28_chapter_35_catching_wrasses,2,teop1238,teop1238a,WORD_ALIGNED,"{""TM"": ""tense/modality"", ""SG"": ""singular"", ""IPFV"": ""Imperfective"", ""OBJ"": ""Object"", ""ART"": ""Article""}"
teop1238a-text_28_chapter_35_catching_wrasses-3,O vuaba vai o beera na dao raara bono mataberam.,o	vuaba	vai	o	beera	na	dao	ra=ara	bono	mataberam,ART3.SG	one	DEM6	ART3.SG	big	TM2	call	1PL.IN.IPFV=1PL.IN.PRON	OBJ.ART3.SG	Rockmover.Wrasse,`The big one is called \textit{mataberam} (Rockmover Wrasse).',text_28_chapter_35_catching_wrasses,3,teop1238,teop1238a,WORD_ALIGNED,"{""ART"": ""Article"", ""SG"": ""singular"", ""DEM"": ""Demonstrative"", ""TM"": ""tense/modality"", ""PL"": ""plural"", ""IN"": ""inclusive"", ""IPFV"": ""Imperfective"", ""PRON"": ""Pronoun"", ""OBJ"": ""Object""}"
teop1238a-text_28_chapter_35_catching_wrasses-4,O vuaba vai o varutaa na dao raara bono haopi suuna.,o	vuaba	vai	o	va-rutaa	na	dao	ra=ara	bono	haopi	suuna,ART3.SG	one	DEM6	ART3.SG	CAUS-small	TM2	call	1PL.IN.IPFV=1PL.IN.PRON	OBJ.ART3.SG	wrasse	genuine,`The smaller one is called \textit{haopi} \textit{suuna} (genuine wrasse).',text_28_chapter_35_catching_wrasses,4,teop1238,teop1238a,WORD_ALIGNED,"{""ART"": ""Article"", ""SG"": ""singular"", ""DEM"": ""Demonstrative"", ""CAUS"": ""Causative"", ""TM"": ""tense/modality"", ""PL"": ""plural"", ""IN"": ""inclusive"", ""IPFV"": ""Imperfective"", ""PRON"": ""Pronoun"", ""OBJ"": ""Object""}"
teop1238a-text_28_chapter_35_catching_wrasses-5,Evehee o hena beera o haopi.,evehee	o	hena	beera	o	haopi,but	ART3.SG	name	general	ART3.SG	wrasse,`But the general name is wrasse.',text_28_chapter_35_catching_wrasses,5,teop1238,teop1238a,WORD_ALIGNED,"{""ART"": ""Article"", ""SG"": ""singular""}"
teop1238a-text_28_chapter_35_catching_wrasses-6,"Beara tau vagana haopi, eara repaa tara rakerake bata o sii vahara vasu beori ravun vaa tea vaakororovi rori.",be=ara	tau	vagana	haopi	e-ara	re=paa	tara	rake{$\sim$}rake	bata	o	sii	vahara	vasu	be=ori	ravun	vaa	te=a	vaakororovi	rori,when=1PL.IN.PRON	TM5	fish	wrasse	H-1PL.IN.PRON	CONSEC=TM3	see	RED{$\sim$}search	CONT	ART2.PL	DIM	small.PL	stone	when=3PL.PRON	be.heaped.up	LNK	PREP=ART2.SG	circle	3PL.IPFV,"`When we are about to catch wrasses, we search for little stones being heaped up in a circle.'",text_28_chapter_35_catching_wrasses,6,teop1238,teop1238a,WORD_ALIGNED,"{""PL"": ""plural"", ""IN"": ""inclusive"", ""PRON"": ""Pronoun"", ""TM"": ""tense/modality"", ""CONSEC"": ""Consecutive"", ""RED"": ""reduplication"", ""CONT"": ""Continuity"", ""ART"": ""Article"", ""DIM"": ""Diminutive"", ""LNK"": ""Linker"", ""PREP"": ""Preposition"", ""SG"": ""singular"", ""IPFV"": ""Imperfective""}"
teop1238a-text_28_chapter_35_catching_wrasses-7,"Beara tara ahe eve, eara toro huu hopo ni nao a sinaka,",be=ara	tara	ahe	eve	e-ara	toro	huu	hopo	ni	nao	a	sinaka,when=1PL.IN.PRON	see	recognize	3SG.PRON	H-1PL.IN.PRON	TM7	push	enter	APPL	thither	ART2.SG	fishing.stick,"`When we spot it, we must push the fishing-stick into it,'",text_28_chapter_35_catching_wrasses,7,teop1238,teop1238a,WORD_ALIGNED,"{""PL"": ""plural"", ""IN"": ""inclusive"", ""PRON"": ""Pronoun"", ""SG"": ""singular"", ""TM"": ""tense/modality"", ""APPL"": ""Applicative Particle"", ""ART"": ""Article""}"
teop1238a-text_28_chapter_35_catching_wrasses-8,ei pasi pahin tahi ahe koa vuara.,ei	pasi	pahin	tahi	ahe	koa	vu-ara,DEM2	TM4	immediately	spear	recognize	just	PFV-1PL.IN.PRON,`this (means) we will immediately spear it.',text_28_chapter_35_catching_wrasses,8,teop1238,teop1238a,WORD_ALIGNED,"{""DEM"": ""Demonstrative"", ""TM"": ""tense/modality"", ""PFV"": ""Perfective"", ""PL"": ""plural"", ""IN"": ""inclusive"", ""PRON"": ""Pronoun""}"
teop1238a-text_28_chapter_35_catching_wrasses-9,"Eara repaa kasi, are kasi antee beara kasi ahe komana e.",e-ara	re=paa	kasi	a=re	kasi	antee	be=ara	kasi	ahe	komana	e,H-1PL.IN.PRON	CONSEC=TM3	dig	1PL.IN.PRON=CONSEC	dig	stop	when=1PL.IN.PRON	dig	recognize	self	3SG.PRON,"`Then we will dig and dig until we recognize it.'\footnote{lit. `Then we dig, then we dig (and) stop, when dig (and) recognize ...'}",text_28_chapter_35_catching_wrasses,9,teop1238,teop1238a,WORD_ALIGNED,"{""PL"": ""plural"", ""IN"": ""inclusive"", ""PRON"": ""Pronoun"", ""CONSEC"": ""Consecutive"", ""TM"": ""tense/modality"", ""SG"": ""singular""}"
teop1238a-text_28_chapter_35_catching_wrasses-10,"Ato nie teo buo ketaa nae, eara repaa rahi tavusu e.",ato	ni=e	te=o	buo	ketaa	nae	e-ara	re=paa	rahi	tavusu	e,hold	APPL=3SG.PRON	PREP=ART3.SG	two3.SG	gill	3SG.POSS.PRON	H-1PL.IN.PRON	CONSEC=TM3	pull	come.out	3SG.PRON,"`(We) hold it on its two gills, and then we pull it out.'",text_28_chapter_35_catching_wrasses,10,teop1238,teop1238a,WORD_ALIGNED,"{""APPL"": ""Applicative Particle"", ""SG"": ""singular"", ""PRON"": ""Pronoun"", ""PREP"": ""Preposition"", ""ART"": ""Article"", ""POSS"": ""Possessive Marker"", ""PL"": ""plural"", ""IN"": ""inclusive"", ""CONSEC"": ""Consecutive"", ""TM"": ""tense/modality""}"
teop1238a-text_28_chapter_35_catching_wrasses-11,Ei asun vamate vai ara.,ei	asun	va-mate	vai	ara,DEM2	hit	ADVR-dead	now	1PL.IN.PRON,`Now we kill it.',text_28_chapter_35_catching_wrasses,11,teop1238,teop1238a,WORD_ALIGNED,"{""DEM"": ""Demonstrative"", ""ADVR"": ""Adverbializer"", ""PL"": ""plural"", ""IN"": ""inclusive"", ""PRON"": ""Pronoun""}"
teop1238a-text_28_chapter_35_catching_wrasses-12,Evehee na teitei batana a sii vapara nae.,evehee	na	tei{$\sim$}tei	bata=na	a	sii	vapara	nae,but	TM2	RED{$\sim$}be.there	CONT=3SG.IPFV	ART2.SG	DIM	partner	3SG.POSS.PRON,`But usually there is also its partner.',text_28_chapter_35_catching_wrasses,12,teop1238,teop1238a,WORD_ALIGNED,"{""TM"": ""tense/modality"", ""RED"": ""reduplication"", ""CONT"": ""Continuity"", ""SG"": ""singular"", ""IPFV"": ""Imperfective"", ""ART"": ""Article"", ""DIM"": ""Diminutive"", ""POSS"": ""Possessive Marker"", ""PRON"": ""Pronoun""}"
teop1238a-text_28_chapter_35_catching_wrasses-13,Goe tea nao vananaoana vira bean asun vakavara o peho.,goe	tea	nao	va-nanaoana	vira	be=an	asun	va-kavara	o	peho,don't	COMPL1	go	ADVR-far.away	too	when=2SG.PRON	hit	ADVR-complete	ART3.SG	one,`Don't go too far away when you have killed one.',text_28_chapter_35_catching_wrasses,13,teop1238,teop1238a,WORD_ALIGNED,"{""COMPL"": ""Complementizer"", ""ADVR"": ""Adverbializer"", ""SG"": ""singular"", ""PRON"": ""Pronoun"", ""ART"": ""Article""}"
teop1238a-text_28_chapter_35_catching_wrasses-14,Tara rakerake vaha koa o meho rihinae.,tara	rake{$\sim$}rake	vaha	koa	o	meho	rihi-nae,see	RED{$\sim$}search	again	just	ART3.SG	other3.SG	proximity-3SG.POSS.PRON,`Just search for the other one nearby.'\footnote{lit. `... the other one in its proximity'},text_28_chapter_35_catching_wrasses,14,teop1238,teop1238a,WORD_ALIGNED,"{""RED"": ""reduplication"", ""ART"": ""Article"", ""SG"": ""singular"", ""POSS"": ""Possessive Marker"", ""PRON"": ""Pronoun""}"
teop1238a-text_28_chapter_35_catching_wrasses-15,Ean paa kasi e.,e-an	paa	kasi	e,H-2SG.PRON	TM3	dig	3SG.PRON,`You dig it out.',text_28_chapter_35_catching_wrasses,15,teop1238,teop1238a,WORD_ALIGNED,"{""SG"": ""singular"", ""PRON"": ""Pronoun"", ""TM"": ""tense/modality""}"
teop1238a-text_28_chapter_35_catching_wrasses-16,"Eara samin doana haara, na pahin kasi ona bata koa raara.",e-ara	sa-min	doana	haa=ra	na	pahin	kasi	ona	bata	koa	ra=ara,H-1PL.IN.PRON	NEG1-ever	fail	NEG2=1PL.IN.IPFV	TM2	immediately	dig	not.miss	CONT	just	1PL.IN.IPFV=1PL.IN.PRON,"`We never fail, we immediately dig (and) catch (it).'",text_28_chapter_35_catching_wrasses,16,teop1238,teop1238a,WORD_ALIGNED,"{""PL"": ""plural"", ""IN"": ""inclusive"", ""PRON"": ""Pronoun"", ""NEG"": ""Negative"", ""IPFV"": ""Imperfective"", ""TM"": ""tense/modality"", ""CONT"": ""Continuity""}"
teop1238a-text_28_chapter_35_catching_wrasses-17,Eara toro matatopo bata koara to mene rosin tavusu maa.,e-ara	toro	matatopo	bata	koa=ra	to	mene	rosin	tavusu	maa,H-1PL.IN.PRON	TM7	be.prepared.for	CONT	just=1PL.IN.IPFV	REL	TM6	escape	come.out	hither,`We must be prepared that it might come out and escape.',text_28_chapter_35_catching_wrasses,17,teop1238,teop1238a,WORD_ALIGNED,"{""PL"": ""plural"", ""IN"": ""inclusive"", ""PRON"": ""Pronoun"", ""TM"": ""tense/modality"", ""CONT"": ""Continuity"", ""IPFV"": ""Imperfective"", ""REL"": ""Relative""}"
teop1238a-text_28_chapter_35_catching_wrasses-18,Kikira vakikis bata koa ni nom eve.,kiikira	va-kikis	bata	koa	ni	nom	eve,watch	ADVR-strong	CONT	just	APPL	IPFV	3SG.PRON,`Just keep carefully watching it .',text_28_chapter_35_catching_wrasses,18,teop1238,teop1238a,WORD_ALIGNED,"{""ADVR"": ""Adverbializer"", ""CONT"": ""Continuity"", ""APPL"": ""Applicative Particle"", ""IPFV"": ""Imperfective"", ""SG"": ""singular"", ""PRON"": ""Pronoun""}"
teop1238a-text_28_chapter_35_catching_wrasses-19,Eara mee toro goe tea ato o haopi en vihi nae ei kou to mene dohi ore paa rosin.,e-ara	mee	toro	goe	tea	ato	o	haopi	en	vihi	nae	ei~kou	to	mene	dohi	o=re=paa	rosin,H-1PL.IN.PRON	also	TM7	do.not	COMPL1	hold	ART3.SG	wrasse	DEM3	tail	3SG.POSS.PRON	because	REL	TM6	slip	3.PRON=CONSEC=TM3	escape,"`Also, we must not hold the wrasse on its tail because it might slip (out of your hands) and escape.'\footnote{lit. `... because (it might be one) that otherwise slips and then escapes'}",text_28_chapter_35_catching_wrasses,19,teop1238,teop1238a,WORD_ALIGNED,"{""PL"": ""plural"", ""IN"": ""inclusive"", ""PRON"": ""Pronoun"", ""TM"": ""tense/modality"", ""COMPL"": ""Complementizer"", ""ART"": ""Article"", ""SG"": ""singular"", ""DEM"": ""Demonstrative"", ""POSS"": ""Possessive Marker"", ""REL"": ""Relative"", ""CONSEC"": ""Consecutive""}"
teop1238a-text_28_chapter_35_catching_wrasses-20,Evei o sii vahutate vaa tea vagana haopi.,eve=i	o	sii	vahutate	vaa	tea	vagana	haopi,3SG.PRON=DEM1	ART3.SG	DIM	description	LNK	COMPL1	fish	wrasse,`This is the little description of fishing wrasses.',text_28_chapter_35_catching_wrasses,20,teop1238,teop1238a,WORD_ALIGNED,"{""SG"": ""singular"", ""PRON"": ""Pronoun"", ""DEM"": ""Demonstrative"", ""ART"": ""Article"", ""DIM"": ""Diminutive"", ""LNK"": ""Linker"", ""COMPL"": ""Complementizer""}"
teop1238a-text_29_chapter_36_fish_poisoning_leaves-1,"Enaa kahi vahutate ni nom havee to suvasuva vaavaha mi raara a paka suva, eara a ta Teapu.",e-naa	kahi	vahutate	ni	nom	havee	to	suva{$\sim$}suva	vaavaha	mi	ra=ara	a	paka	suva	e-ara	a	ta	teapu,H-1SG.PRON	TM1	describe	APPL	IPFV	what	REL	RED{$\sim$}poison.fish	different	with	1PL.IN.IPFV=1PL.IN.PRON	ART3.PL	leaf	poison.fish	H-1PL.IN.PRON	ART2.SG	people	Teapu,"`I am going to describe how we poison fish with \textit{suva} leaves, we the Teop people.'\footnote{lit. `... what (it is) that we poison fish differently with \textit{suva} leaves, we Teop people.'}",text_29_chapter_36_fish_poisoning_leaves,1,teop1238,teop1238a,WORD_ALIGNED,"{""SG"": ""singular"", ""PRON"": ""Pronoun"", ""TM"": ""tense/modality"", ""APPL"": ""Applicative Particle"", ""IPFV"": ""Imperfective"", ""REL"": ""Relative"", ""RED"": ""reduplication"", ""PL"": ""plural"", ""IN"": ""inclusive"", ""ART"": ""Article""}"
teop1238a-text_29_chapter_36_fish_poisoning_leaves-2,"Beara mei rara tea nao tea suvasuva tea masi,",be=ara	mei	rara	tea	nao	tea	suva{$\sim$}suva	te=a	masi,when=1PL.IN.PRON	do.not.yet	1PL.IN.IPFV	COMPL1	go	COMPL1	RED{$\sim$}poison.fish	PREP=ART2.SG	low.tide,"`Before we go to poison fish on the reef at low tide,'\footnote{lit. `When we have not yet gone to poison fish on the reef at low tide'}",text_29_chapter_36_fish_poisoning_leaves,2,teop1238,teop1238a,WORD_ALIGNED,"{""PL"": ""plural"", ""IN"": ""inclusive"", ""PRON"": ""Pronoun"", ""IPFV"": ""Imperfective"", ""COMPL"": ""Complementizer"", ""RED"": ""reduplication"", ""PREP"": ""Preposition"", ""ART"": ""Article"", ""SG"": ""singular""}"
teop1238a-text_29_chapter_36_fish_poisoning_leaves-3,eara toro matatopo roho amaa taba to pasi dee raara tea suvasuva.,e-ara	toro	matatopo	roho	a=maa	taba	to	pasi	dee	ra=ara	tea	suva{$\sim$}suva,H-1PL.IN.PRON	TM7	prepare	before	ART2.SG=PLM	thing	REL	TM4	take	1PL.IN.IPFV=1PL.IN.PRON	COMPL1	RED{$\sim$}poison.fish,`we must prepare the things that we take with us to poison fish.',text_29_chapter_36_fish_poisoning_leaves,3,teop1238,teop1238a,WORD_ALIGNED,"{""PL"": ""plural"", ""IN"": ""inclusive"", ""PRON"": ""Pronoun"", ""TM"": ""tense/modality"", ""ART"": ""Article"", ""SG"": ""singular"", ""PLM"": ""Plural Marker"", ""REL"": ""Relative"", ""IPFV"": ""Imperfective"", ""COMPL"": ""Complementizer"", ""RED"": ""reduplication""}"
teop1238a-text_29_chapter_36_fish_poisoning_leaves-4,Momohu eara toro nao rasuu tea osi paka suva teo hum to neba komana raara eve.,momohu	e-ara	toro	nao	rasuu	tea	osi	paka	suva	te=o	hum	to	neba	komana	ra=ara	eve,first	H-1PL.IN.PRON	TM7	go	jungle	COMPL1	pick	leaf	poison.fish	PREP=ART3.SG	place	REL	plant	self	1PL.IN.IPFV=1PL.IN.PRON	3SG.PRON,`First we must go to the jungle to pick the \textit{suva} leaves at the place where we plant them.',text_29_chapter_36_fish_poisoning_leaves,4,teop1238,teop1238a,WORD_ALIGNED,"{""PL"": ""plural"", ""IN"": ""inclusive"", ""PRON"": ""Pronoun"", ""TM"": ""tense/modality"", ""COMPL"": ""Complementizer"", ""PREP"": ""Preposition"", ""ART"": ""Article"", ""SG"": ""singular"", ""REL"": ""Relative"", ""IPFV"": ""Imperfective""}"
teop1238a-text_29_chapter_36_fish_poisoning_leaves-5,"Beara osi, eara toro osi vaberobero, eara repaa dee voosu eve.",be=ara	osi	e-ara	toro	osi	va-bero{$\sim$}bero	e-ara	re=paa	dee	voosu	eve,when=1PL.IN.PRON	pick	H-1PL.IN.PRON	TM7	pick	ADVR-RED{$\sim$}many	H-1PL.IN.PRON	CONSEC=TM3	carry	go.home	3SG.PRON,"`When we pick (the leaves), we must pick plenty, and then we carry them home.'",text_29_chapter_36_fish_poisoning_leaves,5,teop1238,teop1238a,WORD_ALIGNED,"{""PL"": ""plural"", ""IN"": ""inclusive"", ""PRON"": ""Pronoun"", ""TM"": ""tense/modality"", ""ADVR"": ""Adverbializer"", ""RED"": ""reduplication"", ""CONSEC"": ""Consecutive"", ""SG"": ""singular""}"
teop1238a-text_29_chapter_36_fish_poisoning_leaves-6,"Beara tau nao, eara repaa vaobete a paka suva teo hoi.",be=ara	tau	nao	e-ara	re=paa	va-obete	a	paka	suva	te=o	hoi,when=1PL.IN.PRON	TM5	go	H-1PL.IN.PRON	CONSEC=TM3	CAUS-lie	ART3.PL	leaf	poison.fish	PREP=ART3.SG	basket,"`Before we go (to the reef), we put the \textit{suva} leaves into a basket.'\footnote{lit. `When we are about to go ..., then we ...'}",text_29_chapter_36_fish_poisoning_leaves,6,teop1238,teop1238a,WORD_ALIGNED,"{""PL"": ""plural"", ""IN"": ""inclusive"", ""PRON"": ""Pronoun"", ""TM"": ""tense/modality"", ""CONSEC"": ""Consecutive"", ""CAUS"": ""Causative"", ""ART"": ""Article"", ""PREP"": ""Preposition"", ""SG"": ""singular""}"
teop1238a-text_29_chapter_36_fish_poisoning_leaves-7,Eara repaa kae vo tea masi.,e-ara	re=paa	kae	vo	te=a	masi,H-1PL.IN.PRON	CONSEC=TM3	carry.with.handle	GOAL	PREP=ART2.SG	reef.at.low.tide,`Then we carry (it) to the reef at low tide.',text_29_chapter_36_fish_poisoning_leaves,7,teop1238,teop1238a,WORD_ALIGNED,"{""PL"": ""plural"", ""IN"": ""inclusive"", ""PRON"": ""Pronoun"", ""CONSEC"": ""Consecutive"", ""TM"": ""tense/modality"", ""GOAL"": ""goal"", ""PREP"": ""Preposition"", ""ART"": ""Article"", ""SG"": ""singular""}"
teop1238a-text_29_chapter_36_fish_poisoning_leaves-8,"Beara no suguna tea kopua, eara repaa tara voen, o iana na tei rori teebona,",be=ara	no	suguna	te=a	kopua	e-ara	re=paa	tara	vo=en	o	iana	na	tei	rori	tee=bona,when=1PL.IN.PRON	go	arrive	PREP=ART2.SG	pool	H-1PL.IN.PRON	CONSEC=TM3	see	like=DEM3	ART2.PL	fish	TM2	be.there	3PL.IPFV	PREP=ANA.SG,"`When we arrive at a pool and see that there are the fish,'",text_29_chapter_36_fish_poisoning_leaves,8,teop1238,teop1238a,WORD_ALIGNED,"{""PL"": ""plural"", ""IN"": ""inclusive"", ""PRON"": ""Pronoun"", ""PREP"": ""Preposition"", ""ART"": ""Article"", ""SG"": ""singular"", ""CONSEC"": ""Consecutive"", ""TM"": ""tense/modality"", ""DEM"": ""Demonstrative"", ""IPFV"": ""Imperfective"", ""ANA"": ""Anaphoric Demonstrative""}"
teop1238a-text_29_chapter_36_fish_poisoning_leaves-9,eara repaa vahio o hoi paka suva.,e-ara	re=paa	va-hio	o	hoi	paka	suva,H-1PL.IN.PRON	CONSEC=TM3	CAUS-sit	ART3.SG	basket	leaf	poison.fish,`we put the basket with the \textit{suva} leaves down.',text_29_chapter_36_fish_poisoning_leaves,9,teop1238,teop1238a,WORD_ALIGNED,"{""PL"": ""plural"", ""IN"": ""inclusive"", ""PRON"": ""Pronoun"", ""CONSEC"": ""Consecutive"", ""TM"": ""tense/modality"", ""CAUS"": ""Causative"", ""ART"": ""Article"", ""SG"": ""singular""}"
teop1238a-text_29_chapter_36_fish_poisoning_leaves-10,Eara repaa taneo tea buhaha a paka suva.,e-ara	re=paa	taneo	tea	buhaha	a	paka	suva,H-1PL.IN.PRON	CONSEC=TM3	start	COMPL1	rub.into.pulp	ART3.PL	leaf	poison.fish,`Then we start rubbing the \textit{suva} leaves into pulp with our hands.',text_29_chapter_36_fish_poisoning_leaves,10,teop1238,teop1238a,WORD_ALIGNED,"{""PL"": ""plural"", ""IN"": ""inclusive"", ""PRON"": ""Pronoun"", ""CONSEC"": ""Consecutive"", ""TM"": ""tense/modality"", ""COMPL"": ""Complementizer"", ""ART"": ""Article""}"
teop1238a-text_29_chapter_36_fish_poisoning_leaves-11,Buhaha bata mi raara bono kasuana to karusu bata raara komana kopua.,buhaha	bata	mi	ra=ara	bono	kasuana	to	karusu	bata	ra=ara	koma-n=a	kopua,rub.into.pulp	CONT	with	1PL.IN.IPFV=1PL.IN.PRON	OBJ.ART3.SG	sand	REL	collect.with.hands	CONT	1PL.IN.IPFV=1PL.IN.PRON	inside-3SG.POSS=ART2.SG	pool,`We rub them with sand that we collect with our hands in the pool.',text_29_chapter_36_fish_poisoning_leaves,11,teop1238,teop1238a,WORD_ALIGNED,"{""CONT"": ""Continuity"", ""PL"": ""plural"", ""IN"": ""inclusive"", ""IPFV"": ""Imperfective"", ""PRON"": ""Pronoun"", ""OBJ"": ""Object"", ""ART"": ""Article"", ""SG"": ""singular"", ""REL"": ""Relative"", ""POSS"": ""Possessive Marker""}"
teop1238a-text_29_chapter_36_fish_poisoning_leaves-12,"Eara buhaha batara, beara peo binubinu bata ni rae komana kopua, ge tea maa avaava teo vasu.",e-ara	buhaha	bata=ra	be=ara	peo	binubinu	bata	ni	ra=e	koma-n=a	kopua	ge	te=a	maa	avaava	te=o	vasu,H-1PL.IN.PRON	rub.into.pulp	CONT=1PL.IN.IPFV	when=1PL.IN.PRON	scatter	everywhere	CONT	APPL	1PL.IN.IPFV=3SG.PRON	inside-3SG.POSS=ART2.SG	pool	or	PREP=ART2.SG	PLM	cave	PREP=ART2.PL	stone,`We rub them into pulp while scattering them everywhere in the pool or in the caves of the stones.',text_29_chapter_36_fish_poisoning_leaves,12,teop1238,teop1238a,WORD_ALIGNED,"{""PL"": ""plural"", ""IN"": ""inclusive"", ""PRON"": ""Pronoun"", ""CONT"": ""Continuity"", ""IPFV"": ""Imperfective"", ""APPL"": ""Applicative Particle"", ""SG"": ""singular"", ""POSS"": ""Possessive Marker"", ""ART"": ""Article"", ""PREP"": ""Preposition"", ""PLM"": ""Plural Marker""}"
teop1238a-text_29_chapter_36_fish_poisoning_leaves-13,"Beara suva batara, eara repaa tara voen o iana na mate batari, eara repaa antee tea buhaha a paka suva.",be=ara	suva	bata=ra	e-ara	re=paa	tara	vo=en	o	iana	na	mate	bata=ri	e-ara	re=paa	antee	tea	buhaha	a	paka	suva,when=1PL.IN.PRON	poison.fish	CONT=1PL.IN.IPFV	H-1PL.IN.PRON	CONSEC=TM3	see	like=DEM3	ART2.PL	fish	TM2	die	CONT=3PL.IPFV	H-1PL.IN.PRON	CONSEC=TM3	stop	COMPL1	rub.into.pulp	ART3.PL	leaf	poison.fish,"`When we do the poisoning, and we see that the fish are dying, we stop rubbing the suva leaves into pulp.'",text_29_chapter_36_fish_poisoning_leaves,13,teop1238,teop1238a,WORD_ALIGNED,"{""PL"": ""plural"", ""IN"": ""inclusive"", ""PRON"": ""Pronoun"", ""CONT"": ""Continuity"", ""IPFV"": ""Imperfective"", ""CONSEC"": ""Consecutive"", ""TM"": ""tense/modality"", ""DEM"": ""Demonstrative"", ""ART"": ""Article"", ""COMPL"": ""Complementizer""}"
teop1238a-text_29_chapter_36_fish_poisoning_leaves-14,Eara repaa taneo tea mosi o iana to bubuutoo bata maana.,e-ara	re=paa	taneo	tea	mosi	o	iana	to	bubuutoo	bata	maa=na,H-1PL.IN.PRON	CONSEC=TM3	start	COMPL1	cut	ART2.PL	fish	REL	struggle	CONT	hither=3SG.IPFV,`Then we start killing the struggling fish with a knife.',text_29_chapter_36_fish_poisoning_leaves,14,teop1238,teop1238a,WORD_ALIGNED,"{""PL"": ""plural"", ""IN"": ""inclusive"", ""PRON"": ""Pronoun"", ""CONSEC"": ""Consecutive"", ""TM"": ""tense/modality"", ""COMPL"": ""Complementizer"", ""ART"": ""Article"", ""REL"": ""Relative"", ""CONT"": ""Continuity"", ""SG"": ""singular"", ""IPFV"": ""Imperfective""}"
teop1238a-text_29_chapter_36_fish_poisoning_leaves-15,"A paka suva vai to paa buhaha vuru ara, na kaokahi koa raara komana kopua,",a	paka	suva	vai	to	paa	buhaha	vuru	ara	na	kaokahi	koa	ra=ara	koma-n=a	kopua,ART2.SG	leaf	poison.fish	DEM6	REL	TM3	rubbed.into.pulp	earlier	1PL.IN.PRON	TM2	leave	just	1PL.IN.IPFV=1PL.IN.PRON	inside-3SG.POSS=ART2.SG	pool,"`The \textit{suva} leaves that we have rubbed into pulp we leave in the pool,'",text_29_chapter_36_fish_poisoning_leaves,15,teop1238,teop1238a,WORD_ALIGNED,"{""ART"": ""Article"", ""SG"": ""singular"", ""DEM"": ""Demonstrative"", ""REL"": ""Relative"", ""TM"": ""tense/modality"", ""PL"": ""plural"", ""IN"": ""inclusive"", ""PRON"": ""Pronoun"", ""IPFV"": ""Imperfective"", ""POSS"": ""Possessive Marker""}"
teop1238a-text_29_chapter_36_fish_poisoning_leaves-16,ei kou paa kavara vaevuru a kikis nae.,ei~kou	paa	kavara	vaevuru	a	kikis	nae,because	TM3	finished	already	ART2.SG	strength	3SG.POSS.PRON,`because their strength has already gone.',text_29_chapter_36_fish_poisoning_leaves,16,teop1238,teop1238a,WORD_ALIGNED,"{""TM"": ""tense/modality"", ""ART"": ""Article"", ""SG"": ""singular"", ""POSS"": ""Possessive Marker"", ""PRON"": ""Pronoun""}"
teop1238a-text_29_chapter_36_fish_poisoning_leaves-17,Eara repaa kae voosu o hoi iana.,e-ara	re=paa	kae	voosu	o	hoi	iana,H-1PL.IN.PRON	CONSEC=TM3	carry.with.a.handle	go.home	ART3.SG	basket	fish,`We then carry the basket full of fish home.',text_29_chapter_36_fish_poisoning_leaves,17,teop1238,teop1238a,WORD_ALIGNED,"{""PL"": ""plural"", ""IN"": ""inclusive"", ""PRON"": ""Pronoun"", ""CONSEC"": ""Consecutive"", ""TM"": ""tense/modality"", ""ART"": ""Article"", ""SG"": ""singular""}"
teop1238a-text_29_chapter_36_fish_poisoning_leaves-18,Eve koai o sii vahutate kakato vaa tea suvasuva nia paka suva.,eve	koa=i	o	sii	vahutate	kakato	vaa	tea	suva{$\sim$}suva	ni=a	paka	suva,3SG.PRON	just=DEM1	ART3.SG	DIM	description	short	LNK	COMPL1	RED{$\sim$}poison.fish	APPL=ART3.PL	leaf	poison.fish,`This is the short description of poisoning fish with \textit{suva} leaves.',text_29_chapter_36_fish_poisoning_leaves,18,teop1238,teop1238a,WORD_ALIGNED,"{""SG"": ""singular"", ""PRON"": ""Pronoun"", ""DEM"": ""Demonstrative"", ""ART"": ""Article"", ""DIM"": ""Diminutive"", ""LNK"": ""Linker"", ""COMPL"": ""Complementizer"", ""RED"": ""reduplication"", ""APPL"": ""Applicative Particle"", ""PL"": ""plural""}"
teop1238a-text_30_chapter_37_fish_poisoning_roots-1,"Enaa kahi vahutate ni nom havee to suvasuva vaavaha vo raara,",e-naa	kahi	vahutate	ni	nom	havee	to	suva{$\sim$}suva	vaavaha	vo	ra=ara,H-1SG.PRON	TM1	describe	APPL	IPFV	what	REL	RED{$\sim$}poison	different	like	1PL.IN.IPFV=1PL.IN.PRON,"`I am going to describe how we poison fish,'\footnote{lit. `... what (it is) like that we poison fish differently'}",text_30_chapter_37_fish_poisoning_roots,1,teop1238,teop1238a,WORD_ALIGNED,"{""SG"": ""singular"", ""PRON"": ""Pronoun"", ""TM"": ""tense/modality"", ""APPL"": ""Applicative Particle"", ""IPFV"": ""Imperfective"", ""REL"": ""Relative"", ""RED"": ""reduplication"", ""PL"": ""plural"", ""IN"": ""inclusive""}"
teop1238a-text_30_chapter_37_fish_poisoning_roots-2,beara suvasuva nio ana suva.,be=ara	suva{$\sim$}suva	ni=o	ana	suva,when=1PL.IN.PRON	RED{$\sim$}poison	APPL=ART3.SG	root	poison,"`when we poison fish with the \textit{suva} root, the poisonous root.'",text_30_chapter_37_fish_poisoning_roots,2,teop1238,teop1238a,WORD_ALIGNED,"{""PL"": ""plural"", ""IN"": ""inclusive"", ""PRON"": ""Pronoun"", ""RED"": ""reduplication"", ""APPL"": ""Applicative Particle"", ""ART"": ""Article"", ""SG"": ""singular""}"
teop1238a-text_30_chapter_37_fish_poisoning_roots-3,"Beara tau nao tea suvasuva, eara toro matatopo amaa taba to pasi dee raara.",be=ara	tau	nao	tea	suva{$\sim$}suva	e-ara	toro	matatopo	a=maa	taba	to	pasi	dee	ra=ara,when=1PL.IN.PRON	TM5	go	COMPL1	RED{$\sim$}poison	H-1PL.IN.PRON	TM7	prepare	ART2.SG=PLM	taba	REL	TM4	take	1PL.IN.IPFV=1PL.IN.PRON,"`Before we go to poison fish, we must prepare the things that we'll take there.'\footnote{lit. `When we are about to go to poison fish, ...'}",text_30_chapter_37_fish_poisoning_roots,3,teop1238,teop1238a,WORD_ALIGNED,"{""PL"": ""plural"", ""IN"": ""inclusive"", ""PRON"": ""Pronoun"", ""TM"": ""tense/modality"", ""COMPL"": ""Complementizer"", ""RED"": ""reduplication"", ""ART"": ""Article"", ""SG"": ""singular"", ""PLM"": ""Plural Marker"", ""REL"": ""Relative"", ""IPFV"": ""Imperfective""}"
teop1238a-text_30_chapter_37_fish_poisoning_roots-4,Momohu eara na tagihu rara rasuu.,momohu	e-ara	na	tagihu	rara	rasuu,First	H-1PL.IN.PRON	TM2	go.into.the.forest	1PL.IN.IPFV	jungle,`First we go into the jungle.',text_30_chapter_37_fish_poisoning_roots,4,teop1238,teop1238a,WORD_ALIGNED,"{""PL"": ""plural"", ""IN"": ""inclusive"", ""PRON"": ""Pronoun"", ""TM"": ""tense/modality"", ""IPFV"": ""Imperfective""}"
teop1238a-text_30_chapter_37_fish_poisoning_roots-5,Eara repaa kasi amaa ana suva en to neba komana raara e.,e-ara	re=paa	kasi	a=maa	ana	suva	en	to	neba	komana	ra=ara	e,H-1PL.IN.PRON	CONSEC=TM3	dig	ART2.SG=PLM	root	poison	DEM3	REL	plant	self	1PL.IN.IPFV=1PL.IN.PRON	3SG.PRON,`We dig out the \textit{suva} roots where we plant them ourselves.',text_30_chapter_37_fish_poisoning_roots,5,teop1238,teop1238a,WORD_ALIGNED,"{""PL"": ""plural"", ""IN"": ""inclusive"", ""PRON"": ""Pronoun"", ""CONSEC"": ""Consecutive"", ""TM"": ""tense/modality"", ""ART"": ""Article"", ""SG"": ""singular"", ""PLM"": ""Plural Marker"", ""DEM"": ""Demonstrative"", ""REL"": ""Relative"", ""IPFV"": ""Imperfective""}"
teop1238a-text_30_chapter_37_fish_poisoning_roots-6,"Eara repaa dee voosu vaan,",e-ara	re=paa	dee	voosu	vaan,H-1PL.IN.PRON	CONSEC=TM3	carry	go.home	village,"`Then we carry them home to the village,'",text_30_chapter_37_fish_poisoning_roots,6,teop1238,teop1238a,WORD_ALIGNED,"{""PL"": ""plural"", ""IN"": ""inclusive"", ""PRON"": ""Pronoun"", ""CONSEC"": ""Consecutive"", ""TM"": ""tense/modality""}"
teop1238a-text_30_chapter_37_fish_poisoning_roots-7,"eara repaa ihuana koa rara vaan, beara sisira rara o tarahi vaa tea roava ge tea bon.",e-ara	re=paa	ihuana	koa	rara	vaan	be=ara	sisira	rara	o	tarahi	vaa	te=a	roava	ge	te=a	bon,H-1PL.IN.PRON	CONSEC=TM3	wait	just	1PL.IN.IPFV	village	when=1PL.IN.PRON	observe	1PL.IN.IPFV	ART3.SG	ebb.tide	LNK	PREP=ART2.SG	daytime	or	PREP=ART2.SG	night,"`and then we just wait in the village, while we observe the ebbing tide during the day or at night.'",text_30_chapter_37_fish_poisoning_roots,7,teop1238,teop1238a,WORD_ALIGNED,"{""PL"": ""plural"", ""IN"": ""inclusive"", ""PRON"": ""Pronoun"", ""CONSEC"": ""Consecutive"", ""TM"": ""tense/modality"", ""IPFV"": ""Imperfective"", ""ART"": ""Article"", ""SG"": ""singular"", ""LNK"": ""Linker"", ""PREP"": ""Preposition""}"
teop1238a-text_30_chapter_37_fish_poisoning_roots-8,"Beara tara voen, a masi na mataa nana tea suvasuva,",be=ara	tara	vo=en	a	masi	na	mataa	nana	tea	suva{$\sim$}suva,when=1PL.IN.PRON	see	like=DEM3	ART2.SG	reef	TM2	good	3SG.IPFV	COMPL1	RED{$\sim$}poison,"`When we see that the reef is good for fish poisoning,'",text_30_chapter_37_fish_poisoning_roots,8,teop1238,teop1238a,WORD_ALIGNED,"{""PL"": ""plural"", ""IN"": ""inclusive"", ""PRON"": ""Pronoun"", ""DEM"": ""Demonstrative"", ""ART"": ""Article"", ""SG"": ""singular"", ""TM"": ""tense/modality"", ""IPFV"": ""Imperfective"", ""COMPL"": ""Complementizer"", ""RED"": ""reduplication""}"
teop1238a-text_30_chapter_37_fish_poisoning_roots-9,"eara repaa vaobete a ana suva teo hoi, bara a vasu.",e-ara	re=paa	va-obete	a	ana	suva	te=o	hoi	bara	a	vasu,H-1PL.IN.PRON	CONSEC=TM3	CAUS-lie	ART2.SG	root	poison	PREP=ART3.SG	basket	and2	ART2.SG	stone,"`we put the \textit{suva} roots into a basket, and a stone.'",text_30_chapter_37_fish_poisoning_roots,9,teop1238,teop1238a,WORD_ALIGNED,"{""PL"": ""plural"", ""IN"": ""inclusive"", ""PRON"": ""Pronoun"", ""CONSEC"": ""Consecutive"", ""TM"": ""tense/modality"", ""CAUS"": ""Causative"", ""ART"": ""Article"", ""SG"": ""singular"", ""PREP"": ""Preposition""}"
teop1238a-text_30_chapter_37_fish_poisoning_roots-10,Eara repaa kae eve vo tea masi.,e-ara	re=paa	kae	eve	vo	te=a	masi,H-1PL.IN.PRON	CONSEC=TM3	carry	3SG.PRON	GOAL	PREP=ART2.SG	reef,`We carry it to the reef.',text_30_chapter_37_fish_poisoning_roots,10,teop1238,teop1238a,WORD_ALIGNED,"{""PL"": ""plural"", ""IN"": ""inclusive"", ""PRON"": ""Pronoun"", ""CONSEC"": ""Consecutive"", ""TM"": ""tense/modality"", ""SG"": ""singular"", ""GOAL"": ""goal"", ""PREP"": ""Preposition"", ""ART"": ""Article""}"
teop1238a-text_30_chapter_37_fish_poisoning_roots-11,"Beara suguna tea kopua to pasi suva ni raara,",be=ara	suguna	te=a	kopua	to	pasi	suva	ni	ra=ara,when=1PL.IN.PRON	arrive	PREP=ART2.SG	pool	REL	TM4	poison	APPL	1PL.IN.IPFV=1PL.IN.PRON,"`When we arrive at the pool that we intend to poison,'",text_30_chapter_37_fish_poisoning_roots,11,teop1238,teop1238a,WORD_ALIGNED,"{""PL"": ""plural"", ""IN"": ""inclusive"", ""PRON"": ""Pronoun"", ""PREP"": ""Preposition"", ""ART"": ""Article"", ""SG"": ""singular"", ""REL"": ""Relative"", ""TM"": ""tense/modality"", ""APPL"": ""Applicative Particle"", ""IPFV"": ""Imperfective""}"
teop1238a-text_30_chapter_37_fish_poisoning_roots-12,eara repaa vahio o hoi ana suva.,e-ara	re=paa	va-hio	o	hoi	ana	suva,H-1PL.IN.PRON	CONSEC=TM3	CAUS-sit	ART3.SG	basket	root	poison,`we put the basket with the \textit{suva} roots down.',text_30_chapter_37_fish_poisoning_roots,12,teop1238,teop1238a,WORD_ALIGNED,"{""PL"": ""plural"", ""IN"": ""inclusive"", ""PRON"": ""Pronoun"", ""CONSEC"": ""Consecutive"", ""TM"": ""tense/modality"", ""CAUS"": ""Causative"", ""ART"": ""Article"", ""SG"": ""singular""}"
teop1238a-text_30_chapter_37_fish_poisoning_roots-13,Eara repaa taneo tea tasu varavuravu a ana suva bona vasu.,e-ara	re=paa	taneo	tea	tasu	varavuravu	a	ana	suva	bona	vasu,H-1PL.IN.PRON	CONSEC=TM3	start	COMPL1	beat	squash	ART3.PL	root	poison	OBJ.ART2.SG	stone,`Then we start beating and squashing the \textit{suva} roots with the stone.',text_30_chapter_37_fish_poisoning_roots,13,teop1238,teop1238a,WORD_ALIGNED,"{""PL"": ""plural"", ""IN"": ""inclusive"", ""PRON"": ""Pronoun"", ""CONSEC"": ""Consecutive"", ""TM"": ""tense/modality"", ""COMPL"": ""Complementizer"", ""ART"": ""Article"", ""OBJ"": ""Object"", ""SG"": ""singular""}"
teop1238a-text_30_chapter_37_fish_poisoning_roots-14,"Tasu batara, eara repaa peo komana kopua, bara amaa vavaarihi nae",tasu	bata=ra	e-ara	re=paa	peo	koma-n=a	kopua	bara	a=maa	vavaarihi	nae,beat	CONT=1PL.IN.PRON	H-1PL.IN.PRON	CONSEC=TM3	scatter	inside-3SG.POSS=ART2.SG	pool	and2	ART2.SG=PLM	side	3SG.POSS.PRON,`We beat them and then scatter them in the pool and along its sides.',text_30_chapter_37_fish_poisoning_roots,14,teop1238,teop1238a,WORD_ALIGNED,"{""CONT"": ""Continuity"", ""PL"": ""plural"", ""IN"": ""inclusive"", ""PRON"": ""Pronoun"", ""CONSEC"": ""Consecutive"", ""TM"": ""tense/modality"", ""SG"": ""singular"", ""POSS"": ""Possessive Marker"", ""ART"": ""Article"", ""PLM"": ""Plural Marker""}"
teop1238a-text_30_chapter_37_fish_poisoning_roots-15,"Saka o peho ana haana to tasu raara,",saka	o	peho	ana	haa=na	to	tasu	ra=ara,NEG1	ART3.SG	one3.SG	root	NEG=3SG.IPFV	REL	beat	1PL.IN.IPFV=1PL.IN.PRON,"`It is not a single root that we beat,'",text_30_chapter_37_fish_poisoning_roots,15,teop1238,teop1238a,WORD_ALIGNED,"{""NEG"": ""Negative"", ""ART"": ""Article"", ""SG"": ""singular"", ""IPFV"": ""Imperfective"", ""REL"": ""Relative"", ""PL"": ""plural"", ""IN"": ""inclusive"", ""PRON"": ""Pronoun""}"
teop1238a-text_30_chapter_37_fish_poisoning_roots-16,"a bero, ore suguna komana beo iana bubuutoo tavusu maa tea maa avaava vasu vaa komana kopua.",a	bero	o=re	suguna	komana	be=o	iana	bubuutoo	tavusu	maa	te=a	maa	avaava	vasu	vaa	koma-n=a	kopua,ART3.PL	many	3PL.PRON=CONSEC	arrive	self	COMPL2=ART2.PL	fish	struggle	come.out	hither	PREP=ART2.SG	PLM	cave	stone	LNK	inside-3SG.POSS=ART2.SG	pool,"`it is many, until the fish struggle out of the rocky caves in the pool.'",text_30_chapter_37_fish_poisoning_roots,16,teop1238,teop1238a,WORD_ALIGNED,"{""ART"": ""Article"", ""PL"": ""plural"", ""PRON"": ""Pronoun"", ""CONSEC"": ""Consecutive"", ""COMPL"": ""Complementizer"", ""PREP"": ""Preposition"", ""SG"": ""singular"", ""PLM"": ""Plural Marker"", ""LNK"": ""Linker"", ""POSS"": ""Possessive Marker""}"
teop1238a-text_30_chapter_37_fish_poisoning_roots-17,"Beara tara voen, eara repaa antee tea tasu a ana suva.",be=ara	tara	vo=en	e-ara	re=paa	antee	tea	tasu	a	ana	suva,when=1PL.IN.PRON	see	like=DEM3	H-1PL.IN.PRON	CONSEC=TM3	stop	COMPL1	beat	ART2.SG	root	poison,"`When we see this, we stop beating the \textit{suva} roots.'",text_30_chapter_37_fish_poisoning_roots,17,teop1238,teop1238a,WORD_ALIGNED,"{""PL"": ""plural"", ""IN"": ""inclusive"", ""PRON"": ""Pronoun"", ""DEM"": ""Demonstrative"", ""CONSEC"": ""Consecutive"", ""TM"": ""tense/modality"", ""COMPL"": ""Complementizer"", ""ART"": ""Article"", ""SG"": ""singular""}"
teop1238a-text_30_chapter_37_fish_poisoning_roots-18,Eara repaa avete o iana vai to paa mateu.,e-ara	re=paa	avete	o	iana	vai	to	paa	mate=u,H-1PL.IN.PRON	CONSEC=TM3	collect	ART2.PL	fish	DEM6	REL	TM3	die=PFV,`Then we collect the fish that have died.',text_30_chapter_37_fish_poisoning_roots,18,teop1238,teop1238a,WORD_ALIGNED,"{""PL"": ""plural"", ""IN"": ""inclusive"", ""PRON"": ""Pronoun"", ""CONSEC"": ""Consecutive"", ""TM"": ""tense/modality"", ""ART"": ""Article"", ""DEM"": ""Demonstrative"", ""REL"": ""Relative"", ""PFV"": ""Perfective""}"
teop1238a-text_30_chapter_37_fish_poisoning_roots-19,"Beara avete vakavara, eara repaa tara voen o iana paa kavarau,",be=ara	avete	va-kavara	e-ara	re=paa	tara	vo=en	o	iana	paa	kavara=u,when=1PL.IN.PRON	collect	ADVR-complete	H-1PL.IN.PRON	CONSEC=TM3	see	like=DEM3	ART2.PL	fish	TM3	finished=PFV,"`When we have finished collecting the fish and see that the fish are finished,'",text_30_chapter_37_fish_poisoning_roots,19,teop1238,teop1238a,WORD_ALIGNED,"{""PL"": ""plural"", ""IN"": ""inclusive"", ""PRON"": ""Pronoun"", ""ADVR"": ""Adverbializer"", ""CONSEC"": ""Consecutive"", ""TM"": ""tense/modality"", ""DEM"": ""Demonstrative"", ""ART"": ""Article"", ""PFV"": ""Perfective""}"
teop1238a-text_30_chapter_37_fish_poisoning_roots-20,eara repaa nao pete tea rake ta meha kopua.,e-ara	re=paa	nao	pete	tea	rake	ta	meha	kopua,H-1PL.IN.PRON	CONSEC=TM3	go	subsequently	COMPL1	search	NSPEC2.SG	other2.SG	pool,`we move on to search for another pool.',text_30_chapter_37_fish_poisoning_roots,20,teop1238,teop1238a,WORD_ALIGNED,"{""PL"": ""plural"", ""IN"": ""inclusive"", ""PRON"": ""Pronoun"", ""CONSEC"": ""Consecutive"", ""TM"": ""tense/modality"", ""COMPL"": ""Complementizer"", ""NSPEC"": ""Non-Specific"", ""SG"": ""singular""}"
teop1238a-text_31_chapter_38_fish_poisoning_sea_cucumbers-1,Enaa kahi vahutate ni nom havee to suvasuva kokobus vaavaha vo raara.,e-naa	kahi	vahutate	ni	nom	havee	to	suva{$\sim$}suva	kokobus	vaavaha	vo	ra=ara,H-1SG.PRON	TM1	describe	APPL	IPFV	what	REL	RED{$\sim$}poison	sea.cucumber	different	like	1PL.IN.IPFV=1PL.IN.PRON,`I am going to describe how we practice the fish poisoning with sea cucumbers.'\footnote{lit. `... what (it is) like that we differently poison fish (with) sea cucumbers.'},text_31_chapter_38_fish_poisoning_sea_cucumbers,1,teop1238,teop1238a,WORD_ALIGNED,"{""SG"": ""singular"", ""PRON"": ""Pronoun"", ""TM"": ""tense/modality"", ""APPL"": ""Applicative Particle"", ""IPFV"": ""Imperfective"", ""REL"": ""Relative"", ""RED"": ""reduplication"", ""PL"": ""plural"", ""IN"": ""inclusive""}"
teop1238a-text_31_chapter_38_fish_poisoning_sea_cucumbers-2,"Beara tau nao tea suvasuva kokobusu, eara na dee rara o hoi, e ta rapisi a ta rutaa, ge o koopu rapisi.",be=ara	tau	nao	tea	suva{$\sim$}suva	kokobusu	e-ara	na	dee	rara	o	hoi	e	ta	rapisi	a	ta	rutaa	ge	o	koopu	rapisi,when=1PL.IN.PRON	TM5	go	COMPL1	RED{$\sim$}poison	sea.cucumber	H-1PL.IN.PRON	TM2	take	1PL.IN.IPFV	ART3.SG	basket	ART1.SG	piece	knife	ART2.SG	piece	small	or	ART3.SG	bamboo	knife,"`When we are going to poison fish with sea cucumbers, we take a basket and a small knife or a bamboo knife with us.'",text_31_chapter_38_fish_poisoning_sea_cucumbers,2,teop1238,teop1238a,WORD_ALIGNED,"{""PL"": ""plural"", ""IN"": ""inclusive"", ""PRON"": ""Pronoun"", ""TM"": ""tense/modality"", ""COMPL"": ""Complementizer"", ""RED"": ""reduplication"", ""IPFV"": ""Imperfective"", ""ART"": ""Article"", ""SG"": ""singular""}"
teop1238a-text_31_chapter_38_fish_poisoning_sea_cucumbers-3,"Beara suguna tea masi, eara repaa taneo tea avete kokobusu vo tea hoi.",be=ara	suguna	te=a	masi	e-ara	re=paa	taneo	tea	avete	kokobusu	vo	te=a	hoi,when=1PL.IN.PRON	arrive	PREP=ART2.SG	reef	H-1PL.IN.PRON	CONSEC=TM3	start	COMPL1	collect	sea.cucumber	GOAL	PREP=ART3.PL	basket,"`When we have arrived on the reef, we start collecting sea cucumbers into the baskets.'",text_31_chapter_38_fish_poisoning_sea_cucumbers,3,teop1238,teop1238a,WORD_ALIGNED,"{""PL"": ""plural"", ""IN"": ""inclusive"", ""PRON"": ""Pronoun"", ""PREP"": ""Preposition"", ""ART"": ""Article"", ""SG"": ""singular"", ""CONSEC"": ""Consecutive"", ""TM"": ""tense/modality"", ""COMPL"": ""Complementizer"", ""GOAL"": ""goal""}"
teop1238a-text_31_chapter_38_fish_poisoning_sea_cucumbers-4,Eara repaa kae vo tea kopua vai to pasi suva ni raara.,e-ara	re=paa	kae	vo	te=a	kopua	vai	to	pasi	suva	ni	ra=ara,H-1PL.IN.PRON	CONSEC=TM3	carry	GOAL	PREP=ART2.SG	pool	DEM6	REL	TM4	poison	APPL	1PL.IN.IPFV=1PL.IN.PRON,`Then we carry (them) to the pool where we want to use them for fish poisoning.',text_31_chapter_38_fish_poisoning_sea_cucumbers,4,teop1238,teop1238a,WORD_ALIGNED,"{""PL"": ""plural"", ""IN"": ""inclusive"", ""PRON"": ""Pronoun"", ""CONSEC"": ""Consecutive"", ""TM"": ""tense/modality"", ""GOAL"": ""goal"", ""PREP"": ""Preposition"", ""ART"": ""Article"", ""SG"": ""singular"", ""DEM"": ""Demonstrative"", ""REL"": ""Relative"", ""APPL"": ""Applicative Particle"", ""IPFV"": ""Imperfective""}"
teop1238a-text_31_chapter_38_fish_poisoning_sea_cucumbers-5,O kokobusu to avete raara na dao riori bono pipimirari.,o	kokobusu	to	avete	ra=ara	na	dao	ri=ori	bono	pipimirari,ART3.SG	sea.cucumber	REL	collect	1PL.IN.IPFV=1PL.IN.PRON	TM2	call	3PL.IPFV=3PL.PRON	OBJ.ART3.SG	Red.Surf,`The sea cucumbers that we collect are called Red Surf.',text_31_chapter_38_fish_poisoning_sea_cucumbers,5,teop1238,teop1238a,WORD_ALIGNED,"{""ART"": ""Article"", ""SG"": ""singular"", ""REL"": ""Relative"", ""PL"": ""plural"", ""IN"": ""inclusive"", ""IPFV"": ""Imperfective"", ""PRON"": ""Pronoun"", ""TM"": ""tense/modality"", ""OBJ"": ""Object""}"
teop1238a-text_31_chapter_38_fish_poisoning_sea_cucumbers-6,"Beara suguna tea kopua, eara repaa taneo tea kopaa a kokobusu.",be=ara	suguna	te=a	kopua	e-ara	re=paa	taneo	tea	kopaa	a	kokobusu,when=1PL.IN.PRON	arrive	PREP=ART2.SG	pool	H-1PL.IN.PRON	CONSEC=TM3	start	COMPL1	cut.lengthwise	ART3.PL	sea.cucumber,"`When we arrive at the pool, we start cutting the sea cucumbers lengthwise.'",text_31_chapter_38_fish_poisoning_sea_cucumbers,6,teop1238,teop1238a,WORD_ALIGNED,"{""PL"": ""plural"", ""IN"": ""inclusive"", ""PRON"": ""Pronoun"", ""PREP"": ""Preposition"", ""ART"": ""Article"", ""SG"": ""singular"", ""CONSEC"": ""Consecutive"", ""TM"": ""tense/modality"", ""COMPL"": ""Complementizer""}"
teop1238a-text_31_chapter_38_fish_poisoning_sea_cucumbers-7,Eara kopaa batara beara peo bata ni rae komana kopua bara tea vavaarihi nae.,e-ara	kopaa	bata=ra	be=ara	peo	bata	ni	ra=e	koma-n=a	kopua	bara	te=a	vavaarihi	nae,H-1PL.IN.PRON	cut.lengthwise	CONT=1PL.IN.IPFV	when=1PL.IN.PRON	scatter	CONT	APPL	1PL.IN.IPFV=3SG.PRON	inside-3SG.POSS=ART2.SG	pool	and2	PREP=ART2.SG	side	3SG.POSS.PRON,`We cut and scatter them over the pool and its side.',text_31_chapter_38_fish_poisoning_sea_cucumbers,7,teop1238,teop1238a,WORD_ALIGNED,"{""PL"": ""plural"", ""IN"": ""inclusive"", ""PRON"": ""Pronoun"", ""CONT"": ""Continuity"", ""IPFV"": ""Imperfective"", ""APPL"": ""Applicative Particle"", ""SG"": ""singular"", ""POSS"": ""Possessive Marker"", ""ART"": ""Article"", ""PREP"": ""Preposition""}"
teop1238a-text_31_chapter_38_fish_poisoning_sea_cucumbers-8,"Beo hoi kokobusu kavara, eara repaa nao habana koa tea avete.",be=o	hoi	kokobusu	kavara	e-ara	re=paa	nao	habana	koa	tea	avete,when=ART3.SG	basket	sea.cucumber	finished	H-1PL.IN.PRON	CONSEC=TM3	go	again	just	COMPL1	collect,"`When the basket of sea cucumbers is finished, we go again to collect (more).'",text_31_chapter_38_fish_poisoning_sea_cucumbers,8,teop1238,teop1238a,WORD_ALIGNED,"{""ART"": ""Article"", ""SG"": ""singular"", ""PL"": ""plural"", ""IN"": ""inclusive"", ""PRON"": ""Pronoun"", ""CONSEC"": ""Consecutive"", ""TM"": ""tense/modality"", ""COMPL"": ""Complementizer""}"
teop1238a-text_31_chapter_38_fish_poisoning_sea_cucumbers-9,Eara repaa ma kopaa ae peo haabana koa e.,e-ara	re=paa	ma	kopaa	ae	peo	haabana	koa	e,H-1PL.IN.PRON	CONSEC=TM3	come	cut.lengthwise	and1	scatter	again	just	3SG.PRON,`Then we cut them and scatter them over the pool once again.',text_31_chapter_38_fish_poisoning_sea_cucumbers,9,teop1238,teop1238a,WORD_ALIGNED,"{""PL"": ""plural"", ""IN"": ""inclusive"", ""PRON"": ""Pronoun"", ""CONSEC"": ""Consecutive"", ""TM"": ""tense/modality"", ""SG"": ""singular""}"
teop1238a-text_31_chapter_38_fish_poisoning_sea_cucumbers-10,"Beara tara o iana beori taneo tea bubuutoo tavusu ae mate,",be=ara	tara	o	iana	be=ori	taneo	tea	bubuutoo	tavusu	ae	mate,when=1PL.IN.PRON	see	ART3.PL	fish	COMPL1=3PL.PRON	start	COMPL1	struggle	come.out	and1	die,"`When we see that the fish start struggling out (of the caves) and die,'\footnote{lit. `When we see the fish that they start struggling ...'}",text_31_chapter_38_fish_poisoning_sea_cucumbers,10,teop1238,teop1238a,WORD_ALIGNED,"{""PL"": ""plural"", ""IN"": ""inclusive"", ""PRON"": ""Pronoun"", ""ART"": ""Article"", ""COMPL"": ""Complementizer""}"
teop1238a-text_31_chapter_38_fish_poisoning_sea_cucumbers-11,"eara repaa kona kou, a tahii paa peesi vaevuru,1",e-ara	re=paa	kona	kou	a	tahii	paa	peesi	vaevuru,H-1PL.IN.PRON	CONSEC=TM3	know	EMPH2	ART2.SG	salt.water	TM3	bitter	already,"`we know that the water has already become bitter,'",text_31_chapter_38_fish_poisoning_sea_cucumbers,11,teop1238,teop1238a,WORD_ALIGNED,"{""PL"": ""plural"", ""IN"": ""inclusive"", ""PRON"": ""Pronoun"", ""CONSEC"": ""Consecutive"", ""TM"": ""tense/modality"", ""EMPH"": ""Emphatic"", ""ART"": ""Article"", ""SG"": ""singular""}"
teop1238a-text_31_chapter_38_fish_poisoning_sea_cucumbers-12,eara repaa antee tea kopaa kokobusu.,e-ara	re=paa	antee	tea	kopaa	kokobusu,H-1PL.IN.PRON	CONSEC=TM3	stop	COMPL1	cut.lengthwise	sea.cucumber,`and we stop cutting sea cucumbers.',text_31_chapter_38_fish_poisoning_sea_cucumbers,12,teop1238,teop1238a,WORD_ALIGNED,"{""PL"": ""plural"", ""IN"": ""inclusive"", ""PRON"": ""Pronoun"", ""CONSEC"": ""Consecutive"", ""TM"": ""tense/modality"", ""COMPL"": ""Complementizer""}"
teop1238a-text_31_chapter_38_fish_poisoning_sea_cucumbers-13,"Eara repaa taneo tea avete rio iana vai o matemate, vaobete teo hoi, eara repaa kae voosu eve.",e-ara	re=paa	taneo	tea	avete	ri=o	iana	vai	o	mate{$\sim$}mate	va-obete	te=o	hoi	e-ara	re=paa	kae	voosu	eve,H-1PL.IN.PRON	CONSEC=TM3	start	COMPL1	collect	3PL.OBJM=ART2.PL	fish	DEM6	ART2.PL	RED{$\sim$}dead	CAUS-lie	PREP=ART3.SG	basket	H-1PL.IN.PRON	CONSEC=TM3	carry	go.home	3SG.PRON,"`Then we start collecting the dead fish, put (them) into the basket and carry them home.'",text_31_chapter_38_fish_poisoning_sea_cucumbers,13,teop1238,teop1238a,WORD_ALIGNED,"{""PL"": ""plural"", ""IN"": ""inclusive"", ""PRON"": ""Pronoun"", ""CONSEC"": ""Consecutive"", ""TM"": ""tense/modality"", ""COMPL"": ""Complementizer"", ""OBJM"": ""Object Marker"", ""ART"": ""Article"", ""DEM"": ""Demonstrative"", ""RED"": ""reduplication"", ""CAUS"": ""Causative"", ""PREP"": ""Preposition"", ""SG"": ""singular""}"
teop1238a-text_31_chapter_38_fish_poisoning_sea_cucumbers-14,Eve koa. Mataa.,eve	koa	mataa,3SG.PRON	only	thanks,`That's all. Thanks.',text_31_chapter_38_fish_poisoning_sea_cucumbers,14,teop1238,teop1238a,WORD_ALIGNED,"{""SG"": ""singular"", ""PRON"": ""Pronoun""}"
teop1238a-text_32_chapter_39_sea_sausages-1,Hovuhovu iobo,hovu{$\sim$}hovu	iobo,RED{$\sim$}dig.out.sea.sausage	sea.sausage,`Digging out sea-sausages',text_32_chapter_39_sea_sausages,1,teop1238,teop1238a,WORD_ALIGNED,"{""RED"": ""reduplication""}"
teop1238a-text_32_chapter_39_sea_sausages-2,O iobo a peha taba vaa tahii to aniani raara a ta Teapu.,o	iobo	a	peha	taba	vaa	tahii	to	ani{$\sim$}ani	ra=ara	a	ta	teapu,ART3.SG	sea.sausage	ART2.SG	INDEF2.SG	animal	LNK	sea	REL	RED{$\sim$}eat	1PL.IN.IPFV=1PL.IN.PRON	ART2.SG	people	Teop,`The sea-sausage is an animal in the sea that we Teop people eat.',text_32_chapter_39_sea_sausages,2,teop1238,teop1238a,WORD_ALIGNED,"{""ART"": ""Article"", ""SG"": ""singular"", ""INDEF"": ""Indefinite"", ""LNK"": ""Linker"", ""REL"": ""Relative"", ""RED"": ""reduplication"", ""PL"": ""plural"", ""IN"": ""inclusive"", ""IPFV"": ""Imperfective"", ""PRON"": ""Pronoun""}"
teop1238a-text_32_chapter_39_sea_sausages-3,A taba bona na teitei batana paano kasuana ei komana tahii tea maa hum kakaamuru.,a	taba	bona	na	tei{$\sim$}tei	bata=na	paa-n=o	kasuana	ei	koma-n=a	tahii	te=a	maa	hum	kakaamuru,ART2.SG	animal	ANA.SG	TM2	RED{$\sim$}stay	CONT=3SG.IPFV	under-3SG.POSS=ART3.SG	ground	DEM2	inside-3SG.POSS=ART2.SG	sea	PREP=ART2.SG	PLM	place	white.sand,`This animal stays underground in the sea in places with white sand.',text_32_chapter_39_sea_sausages,3,teop1238,teop1238a,WORD_ALIGNED,"{""ART"": ""Article"", ""SG"": ""singular"", ""ANA"": ""Anaphoric Demonstrative"", ""TM"": ""tense/modality"", ""RED"": ""reduplication"", ""CONT"": ""Continuity"", ""IPFV"": ""Imperfective"", ""POSS"": ""Possessive Marker"", ""DEM"": ""Demonstrative"", ""PREP"": ""Preposition"", ""PLM"": ""Plural Marker""}"
teop1238a-text_32_chapter_39_sea_sausages-4,"Beara tau nao tea vagana iobo, eara toro dee o pusu hiovu, a sinaka ae a bonaa, eara re nao tea masi.",be=ara	tau	nao	tea	vagana	iobo	e-ara	toro	dee	o	pusu~hiovu	a	sinaka	ae	a	bonaa	e-ara	re	nao	te=a	masi,when=1PL.IN.PRON	TM5	go	COMPL1	fish	sea.sausage	H-1PL.IN.PRON	TM7	take	ART3.SG	digging.stick	ART2.SG	sinaka.stick	and1	ART2.SG	fishing.basket	H-1PL.IN.PRON	CONSEC	go	PREP=ART2.SG	reef,"`When we are about to go to fish sea-sausages, we must take a digging stick, a \textit{sinaka} stick and a fishing basket, and then we go to the reef.'",text_32_chapter_39_sea_sausages,4,teop1238,teop1238a,WORD_ALIGNED,"{""PL"": ""plural"", ""IN"": ""inclusive"", ""PRON"": ""Pronoun"", ""TM"": ""tense/modality"", ""COMPL"": ""Complementizer"", ""ART"": ""Article"", ""SG"": ""singular"", ""CONSEC"": ""Consecutive"", ""PREP"": ""Preposition""}"
teop1238a-text_32_chapter_39_sea_sausages-5,A bonaa he na vabibiinoo ni raara raparaara.,a	bonaa	he	na	vabibiino	ni	ra=ara	rapa-raara,ART2.SG	fishing.basket	ADVERS	TM2	carry.on.one's.side	APPL	1PL.IN.IPFV=1PL.IN.PRON	side-1PL.IN.POSS.PRON,`The fishing basket we carry on our side.',text_32_chapter_39_sea_sausages,5,teop1238,teop1238a,WORD_ALIGNED,"{""ART"": ""Article"", ""SG"": ""singular"", ""ADVERS"": ""Adversative Conjunction"", ""TM"": ""tense/modality"", ""APPL"": ""Applicative Particle"", ""PL"": ""plural"", ""IN"": ""inclusive"", ""IPFV"": ""Imperfective"", ""PRON"": ""Pronoun"", ""POSS"": ""Possessive Marker""}"
teop1238a-text_32_chapter_39_sea_sausages-6,"Beara suguna teo hum hovuhovu iobo, eara repaa taneo tea tara rakerake bata riori.",be=ara	suguna	te=o	hum	hovo{$\sim$}hovo	iobo	e-ara	re=paa	taneo	tea	tara	rake{$\sim$}rake	bata	ri=ori,when=1PL.IN.PRON	arrive	PREP=ART3.SG	place	RED{$\sim$}dig.out	sea.sausage	H-1PL.IN.PRON	CONSEC=TM3	start	COMPL1	look	RED{$\sim$}search	CONT	3PL.OBJM=3PL.PRON,"`When we arrive at the place for digging out sea-sausages, we start searching for them.'",text_32_chapter_39_sea_sausages,6,teop1238,teop1238a,WORD_ALIGNED,"{""PL"": ""plural"", ""IN"": ""inclusive"", ""PRON"": ""Pronoun"", ""PREP"": ""Preposition"", ""ART"": ""Article"", ""SG"": ""singular"", ""RED"": ""reduplication"", ""CONSEC"": ""Consecutive"", ""TM"": ""tense/modality"", ""COMPL"": ""Complementizer"", ""CONT"": ""Continuity"", ""OBJM"": ""Object Marker""}"
teop1238a-text_32_chapter_39_sea_sausages-7,"Beara tara a sii puhuku kakaamuru, eara repaa kona voen o iobo na tei nana.",be=ara	tara	a	sii	puhuku	kakaamuru	e-ara	re=paa	kona	vo=en	o	iobo	na	tei	nana,when=1PL.IN.PRON	see	ART2.SG	DIM	heap	white.sand	H-1PL.IN.PRON	CONSEC=TM3	know	like=DEM3	ART3.SG	sea.sausage	TM2	be.there	3SG.IPFV,"`When we see a little heap of white sand, we know that there is a sea-sausage.'",text_32_chapter_39_sea_sausages,7,teop1238,teop1238a,WORD_ALIGNED,"{""PL"": ""plural"", ""IN"": ""inclusive"", ""PRON"": ""Pronoun"", ""ART"": ""Article"", ""SG"": ""singular"", ""DIM"": ""Diminutive"", ""CONSEC"": ""Consecutive"", ""TM"": ""tense/modality"", ""DEM"": ""Demonstrative"", ""IPFV"": ""Imperfective""}"
teop1238a-text_32_chapter_39_sea_sausages-8,"Eara repaa hovu hopo ni nao a ta hiovu, beara hogo bata ni naora ta meha papa kuriraara.",e-ara	re=paa	hovu	hopo	ni	nao	a	ta~hiovu	be=ara	hogo	bata	ni	nao=ra	a	meha	papa	kuri-raara,H-1PL.IN.PRON	CONSEC=TM3	stick	enter	APPL	thither	ART2.SG	digging.stick	when=1PL.IN.PRON	push	CONT	APPL	thither=1PL.IN.IPFV	ART2.SG	other2.SG	side	hand-1PL.IN.POSS.PRON,"`Then we stick the digging-stick into the heap, while we are pushing our other hand inside.'\footnote{lit. `Then we stick the digging-stick therein, ...'}",text_32_chapter_39_sea_sausages,8,teop1238,teop1238a,WORD_ALIGNED,"{""PL"": ""plural"", ""IN"": ""inclusive"", ""PRON"": ""Pronoun"", ""CONSEC"": ""Consecutive"", ""TM"": ""tense/modality"", ""APPL"": ""Applicative Particle"", ""ART"": ""Article"", ""SG"": ""singular"", ""CONT"": ""Continuity"", ""IPFV"": ""Imperfective"", ""POSS"": ""Possessive Marker""}"
teop1238a-text_32_chapter_39_sea_sausages-9,Eove to kahi ato naona bono iobo bea ta hiovu gae hiava maa bona.,eove	to	kahi	ato	nao=na	bono	iobo	be=a	ta~hiovu	gae	hiava	maa	bona,H.3SG.PRON	REL	TM1	hold	thither=3SG.IPFV	ART3.SG	sea.sausage	when=ART2.SG	digging.stick	lift	go.up	hither	4SG.PRON,`It will get hold of the sea-sausage when the digging stick lifts it up.',text_32_chapter_39_sea_sausages,9,teop1238,teop1238a,WORD_ALIGNED,"{""SG"": ""singular"", ""PRON"": ""Pronoun"", ""REL"": ""Relative"", ""TM"": ""tense/modality"", ""IPFV"": ""Imperfective"", ""ART"": ""Article""}"
teop1238a-text_32_chapter_39_sea_sausages-10,"Beara mei rae tea vaobete e komana bonaa, eara toro pisin roho e, eara repaa vaobete mana e komana bonaa.",be=ara	mei	ra=e	tea	va-obete	e	koma-n=a	bonaa	e-ara	toro	pisin	roho	e	e-ara	re=paa	va-obete	mana	e	koma-n=a	bonaa,when=1PL.IN.PRON	do.not.yet	1PL.IN.IPFV=3SG.PRON	COMPL1	CAUS-lie	3SG.PRON	inside-3SG.POSS=ART2.SG	fishing.basket	H-1PL.IN.PRON	TM7	turn.inside.out	before	3SG.PRON	H-1PL.IN.PRON	CONSEC=TM3	CAUS-lie	eventually	3SG.PRON	inside-3SG.POSS=ART2.SG	fishing.basket,"`Before we put it into the fishing basket, we must turn the sea-sausage inside out, then we eventually put it into the basket.'\footnote{lit. `When we have not done it yet to lay it inside the fishing basket, ...}",text_32_chapter_39_sea_sausages,10,teop1238,teop1238a,WORD_ALIGNED,"{""PL"": ""plural"", ""IN"": ""inclusive"", ""PRON"": ""Pronoun"", ""IPFV"": ""Imperfective"", ""SG"": ""singular"", ""COMPL"": ""Complementizer"", ""CAUS"": ""Causative"", ""POSS"": ""Possessive Marker"", ""ART"": ""Article"", ""TM"": ""tense/modality"", ""CONSEC"": ""Consecutive""}"
teop1238a-text_32_chapter_39_sea_sausages-11,"Eara pasi paku bata koa vo nao nom teebona, ore ante komana beo manin vagana tean kavara ge ei beo puhana puhana maa.",e-ara	pasi	paku	bata	koa	vo	nao	nom	tee=bona	o=re	antee	komana	be=o	manin	vagana	te=an	kavara	ge	ei	be=o	puhana	puhana	maa,H-1PL.IN.PRON	TM4	do	CONT	just	like	thither	IPFV	PREP=ANA.SG	3.PRON=CONSEC	stop	self	when=ART3.SG	desire	fish	PREP=2SG.PRON	finished	or	DEM2	COMPL2=ART3.SG	high.tide	come.in	hither,"`We will do it like this, until you don't feel like fishing anymore or when the high tide comes in.'\footnote{lit. `... then it stops, when your fishing desire is finsihed or when the high tide comes in.'}",text_32_chapter_39_sea_sausages,11,teop1238,teop1238a,WORD_ALIGNED,"{""PL"": ""plural"", ""IN"": ""inclusive"", ""PRON"": ""Pronoun"", ""TM"": ""tense/modality"", ""CONT"": ""Continuity"", ""IPFV"": ""Imperfective"", ""PREP"": ""Preposition"", ""ANA"": ""Anaphoric Demonstrative"", ""SG"": ""singular"", ""CONSEC"": ""Consecutive"", ""ART"": ""Article"", ""DEM"": ""Demonstrative"", ""COMPL"": ""Complementizer""}"
teop1238a-text_32_chapter_39_sea_sausages-12,A kiu vaa tea tatasu iobo na pakupaku vaha raara kasuana en vaan.,a	kiu	vaa	tea	ta{$\sim$}tasu	iobo	na	paku{$\sim$}paku	vaha	ra=ara	kasuana	en	vaan,ART2.SG	work	LNK	COMPL1	RED{$\sim$}beat	sea.sausages	TM2	RED{$\sim$}do	again	1PL.IN.IPFV=1PL.IN.PRON	beach	DEM3	village,"`The work of beating the sea-sausages, we do (it) again on the beach here in the village.'",text_32_chapter_39_sea_sausages,12,teop1238,teop1238a,WORD_ALIGNED,"{""ART"": ""Article"", ""SG"": ""singular"", ""LNK"": ""Linker"", ""COMPL"": ""Complementizer"", ""RED"": ""reduplication"", ""TM"": ""tense/modality"", ""PL"": ""plural"", ""IN"": ""inclusive"", ""IPFV"": ""Imperfective"", ""PRON"": ""Pronoun"", ""DEM"": ""Demonstrative""}"
teop1238a-text_32_chapter_39_sea_sausages-13,Eara na tasu vatamee ae vamuraka ni rara o iobo tea tabae o iobo o taba o torisi.,e-ara	na	tasu	va-tamee	ae	vaa-muraka	ni	rara	o	iobo	tea~tabae	o	iobo	o	taba	o	torisi,H-1PL.IN.PRON	TM	beat	CAUS-flexible	and1	CAUS-soft	APPL	1PL.IN.IPFV	ART3.SG	sea.sausage	because	ART3.SG	sea.sausage	ART3.SG	animal	ART3.SG	tough,`We beat the sea-sausage flexible and soft because the sea-sausage is a tough animal.',text_32_chapter_39_sea_sausages,13,teop1238,teop1238a,WORD_ALIGNED,"{""PL"": ""plural"", ""IN"": ""inclusive"", ""PRON"": ""Pronoun"", ""TM"": ""tense/modality"", ""CAUS"": ""Causative"", ""APPL"": ""Applicative Particle"", ""IPFV"": ""Imperfective"", ""ART"": ""Article"", ""SG"": ""singular""}"
teop1238a-text_32_chapter_39_sea_sausages-14,"Tea tatasu he eara na ibun rara amaa iobo tea sinaka, eara repaa tatasu riori bona ta hiovu.",te=a	ta{$\sim$}tasu	he	e-ara	na	ibun	rara	a=maa	iobo	te=a	sinaka	e-ara	re=paa	ta{$\sim$}tasu	ri=ori	bona	ta~hiovu,PREP=ART2.SG	RED{$\sim$}beat	ADVERS	H-1PL.IN.PRON	TM	put.on.stick	1PL.IN.IPFV	ART2.SG=PLM	sea.sausage	PREP=ART3.SG	sinaka.stick	H-1PL.IN.PRON	CONSEC=TM3	RED{$\sim$}beat	3PL.OBJM=3PL.PRON	OBJ.ART2.SG	digging.stick,"`For the beating we put some sea-sausages on the \textit{sinaka} stick, and then we beat them with the digging stick.'",text_32_chapter_39_sea_sausages,14,teop1238,teop1238a,WORD_ALIGNED,"{""PREP"": ""Preposition"", ""ART"": ""Article"", ""SG"": ""singular"", ""RED"": ""reduplication"", ""ADVERS"": ""Adversative Conjunction"", ""PL"": ""plural"", ""IN"": ""inclusive"", ""PRON"": ""Pronoun"", ""TM"": ""tense/modality"", ""IPFV"": ""Imperfective"", ""PLM"": ""Plural Marker"", ""CONSEC"": ""Consecutive"", ""OBJM"": ""Object Marker"", ""OBJ"": ""Object""}"
teop1238a-text_32_chapter_39_sea_sausages-15,"Beo iobo bebeahu ae taveraha, eara repaa kona voen paa muraka vai vuru, eara repaa antee tea tasu.",be=o	iobo	bebeahu	ae	taveraha	e-ara	re=paa	kona	vo=en	paa	muraka	vaivuru	e-ara	re=paa	antee	tea	tasu,when=ART3.SG	sea.sausage	long	and1	flattened	H-1PL.IN.PRON	CONSEC=TM3	know	like=DEM3	TM3	soft	already	H-1PL.IN.PRON	CONSEC=TM3	stop	COMPL1	beat,"`When the sea-sausage is long and flattened, we know that it is soft now so that we can stop beating it.'",text_32_chapter_39_sea_sausages,15,teop1238,teop1238a,WORD_ALIGNED,"{""ART"": ""Article"", ""SG"": ""singular"", ""PL"": ""plural"", ""IN"": ""inclusive"", ""PRON"": ""Pronoun"", ""CONSEC"": ""Consecutive"", ""TM"": ""tense/modality"", ""DEM"": ""Demonstrative"", ""COMPL"": ""Complementizer""}"
teop1238a-text_32_chapter_39_sea_sausages-16,"Bea tatasu kavara, eara repaa geregerete riori ae ahuhu.",bea	ta{$\sim$}tasu	kavara	e-ara	re=paa	geregerete	ri=ori	ae	ahuhu,when=ART2.SG	RED{$\sim$}beat	finished	H-1PL.IN.PRON	CONSEC=TM3	tear.off.upper.part	3PL.OBJM=3PL.PRON	and1	squeeze.out.water,"`When the beating is finished, we tear off the upper parts and squeeze the water out (of the sea-sausage).'",text_32_chapter_39_sea_sausages,16,teop1238,teop1238a,WORD_ALIGNED,"{""ART"": ""Article"", ""SG"": ""singular"", ""RED"": ""reduplication"", ""PL"": ""plural"", ""IN"": ""inclusive"", ""PRON"": ""Pronoun"", ""CONSEC"": ""Consecutive"", ""TM"": ""tense/modality"", ""OBJM"": ""Object Marker""}"
teop1238a-text_32_chapter_39_sea_sausages-17,"Be kavara, eara repaa voosu vaan.",be	kavara	e-ara	re=paa	voosu	vaan,when	finished	H-1PL.IN.PRON	CONSEC=TM3	go.home	village,"`When (it is) finished, we return home.'",text_32_chapter_39_sea_sausages,17,teop1238,teop1238a,WORD_ALIGNED,"{""PL"": ""plural"", ""IN"": ""inclusive"", ""PRON"": ""Pronoun"", ""CONSEC"": ""Consecutive"", ""TM"": ""tense/modality""}"
teop1238a-text_32_chapter_39_sea_sausages-18,Tea nahu nae he na paku vonaen:,tea	nahu	nae	he	na	paku	vo=na=en,PREP=ART2.SG	cook	3SG.POSS.PRON	ADVERS	TM2	do	like=3SG.IPFV=DEM3,"`As for their cooking, it is done as follows:'",text_32_chapter_39_sea_sausages,18,teop1238,teop1238a,WORD_ALIGNED,"{""PREP"": ""Preposition"", ""ART"": ""Article"", ""SG"": ""singular"", ""POSS"": ""Possessive Marker"", ""PRON"": ""Pronoun"", ""ADVERS"": ""Adversative Conjunction"", ""TM"": ""tense/modality"", ""IPFV"": ""Imperfective"", ""DEM"": ""Demonstrative""}"
teop1238a-text_32_chapter_39_sea_sausages-19,Eara na vaobete naora amaa iobo komana nahu.,e-ara	na	va-obete	nao=ra	a=maa	iobo	koma-n=a	nahu,H-1PL.IN.PRON	TM2	CAUS-lie	thither=1PL.IN.IPFV	ART2.SG=PLM	sea.sausage	inside-3SG.POSS=ART2.SG	pot,`We put the sea-saugages into a pot.',text_32_chapter_39_sea_sausages,19,teop1238,teop1238a,WORD_ALIGNED,"{""PL"": ""plural"", ""IN"": ""inclusive"", ""PRON"": ""Pronoun"", ""TM"": ""tense/modality"", ""CAUS"": ""Causative"", ""IPFV"": ""Imperfective"", ""ART"": ""Article"", ""SG"": ""singular"", ""PLM"": ""Plural Marker"", ""POSS"": ""Possessive Marker""}"
teop1238a-text_32_chapter_39_sea_sausages-20,"Eara repaa koma hopo nia ruene, tasu a ta hiihii ae o hiiruu.",e-ara	re=paa	koma	hopo	ni=a	ruene	tasu	a	ta	hiihii	ae	o	hiiruu,H-1PL.IN.PRON	CONSEC=TM3	pour	enter	APPL=ART2.SG	water	beat	ART2.SG	piece	ginger	and1	ART3.SG	basil,"`Then we pour water into (it), pound a piece of ginger and basil.'",text_32_chapter_39_sea_sausages,20,teop1238,teop1238a,WORD_ALIGNED,"{""PL"": ""plural"", ""IN"": ""inclusive"", ""PRON"": ""Pronoun"", ""CONSEC"": ""Consecutive"", ""TM"": ""tense/modality"", ""APPL"": ""Applicative Particle"", ""ART"": ""Article"", ""SG"": ""singular""}"
teop1238a-text_32_chapter_39_sea_sausages-21,Eara vaobete hopo e komana nahu eara repaa vaagonono.,e-ara	va-obete	hopo	e	koma-n=a	nahu	e-ara	re=paa	vaa-gonono,H-1PL.IN.PRON	CAUS-lie	enter	3SG.PRON	inside-3SG.POSS=ART2.SG	pot	H-1PL.IN.PRON	CONSEC=TM3	CAUS-boil,"`We put them into the pot, and then we let the water boil.'",text_32_chapter_39_sea_sausages,21,teop1238,teop1238a,WORD_ALIGNED,"{""PL"": ""plural"", ""IN"": ""inclusive"", ""PRON"": ""Pronoun"", ""CAUS"": ""Causative"", ""SG"": ""singular"", ""POSS"": ""Possessive Marker"", ""ART"": ""Article"", ""CONSEC"": ""Consecutive"", ""TM"": ""tense/modality""}"
teop1238a-text_32_chapter_39_sea_sausages-22,"Beve mahaka, eara kou an vai e, a huun nae he na hiroo bata raara.",beve	mahaka	e-ara	kou	an	vai	e	a	huun	nae	he	na	hiroo	bata	ra=ara,when.3SG.PRON	be.cooked	H-1PL.IN.PRON	EMPH2	eat	now	3SG.PRON	ART2.SG	liquid	3SG.POSS.PRON	ADVERS	TM2	drink.as.soup	CONT	1PL.IN.IPFV=1PL.IN.PRON,"`When they are done, we eat them, while drinking their liquid.'",text_32_chapter_39_sea_sausages,22,teop1238,teop1238a,WORD_ALIGNED,"{""SG"": ""singular"", ""PRON"": ""Pronoun"", ""PL"": ""plural"", ""IN"": ""inclusive"", ""EMPH"": ""Emphatic"", ""ART"": ""Article"", ""POSS"": ""Possessive Marker"", ""ADVERS"": ""Adversative Conjunction"", ""TM"": ""tense/modality"", ""CONT"": ""Continuity"", ""IPFV"": ""Imperfective""}"
teop1238a-text_32_chapter_39_sea_sausages-23,"Evehee toro vaorete bata mi ra=ara bona kaukau, muu, kavakava gea tapeako.",evehee	toro	vaorete	bata	mi	ra=ara	bona	kaukau	muu	kavakava	ge=a	tapeako,but	TM7	eat.as.supplement	CONT	with	1PL.IN.IPFV=1PL.IN.PRON	OBJ.ART2.SG	sweet.potato	taro	cooked.banana	or=ART2.SG	manioc,"`But we must eat (them) together with sweet potatoes, taro, cooked bananas or manioc.'",text_32_chapter_39_sea_sausages,23,teop1238,teop1238a,WORD_ALIGNED,"{""TM"": ""tense/modality"", ""CONT"": ""Continuity"", ""PL"": ""plural"", ""IN"": ""inclusive"", ""IPFV"": ""Imperfective"", ""PRON"": ""Pronoun"", ""OBJ"": ""Object"", ""ART"": ""Article"", ""SG"": ""singular""}"
